Order_ID,Agent_Age,Agent_Rating,Store_Latitude,Store_Longitude,Drop_Latitude,Drop_Longitude,Order_Date,Order_Time,Pickup_Time,Weather,Traffic,Vehicle,Area,Delivery_Time,Category
vvgw032244127,29,4.9,11.000762,76.981876,11.050762,77.031876,2022-03-26,17:15:00,17:30:00,Stormy,Medium ,motorcycle ,Metropolitian ,145,Skincare
fvml427733005,33,4.9,22.760072,75.892574,22.870072,76.002574,2022-03-18,17:15:00,17:25:00,Sandstorms,Medium ,scooter ,Urban ,21,Grocery
bphh205146945,26,4.7,0.0,0.0,0.04,0.04,2022-03-21,14:10:00,14:15:00,Fog,High ,motorcycle ,Metropolitian ,165,Toys
bdxa651837153,27,4.3,19.22384,72.841347,19.33384,72.951347,2022-03-12,19:10:00,19:15:00,Fog,Jam ,motorcycle ,Urban ,200,Skincare
nqdj107406558,20,5.0,13.058616,80.264151,13.108616,80.314151,2022-03-19,21:35:00,21:45:00,Fog,Jam ,van,Metropolitian ,145,Cosmetics
mrjk286419068,31,5.0,18.546258,73.904337,18.616258,73.974337,2022-03-06,22:00:00,22:05:00,Sunny,Jam ,motorcycle ,Metropolitian ,180,Toys
rcza819727189,24,4.8,12.972161,77.596014,13.032161,77.656014,2022-03-19,21:15:00,21:25:00,Cloudy,Jam ,scooter ,Metropolitian ,120,Jewelry
hqun420775402,33,4.9,11.021278,76.995017,11.151278,77.125017,2022-03-12,17:40:00,17:55:00,Fog,Medium ,motorcycle ,Metropolitian ,180,Snacks
ulzo372690469,20,4.3,0.0,0.0,0.11,0.11,2022-03-23,18:15:00,18:25:00,Cloudy,Medium ,scooter ,Metropolitian ,155,Clothing
evgj038305492,28,4.2,22.732225,75.874765,22.742225,75.884765,2022-03-11,08:15:00,08:25:00,Sandstorms,Low ,motorcycle ,Metropolitian ,85,Kitchen
qbhj662016059,29,4.6,0.0,0.0,0.01,0.01,2022-04-05,08:40:00,08:55:00,Cloudy,Low ,scooter ,Metropolitian ,70,Books
twdi320094542,20,5.0,12.986047,80.218114,13.036047,80.268114,2022-03-15,21:10:00,21:25:00,Stormy,Jam ,motorcycle ,Metropolitian ,80,Apparel
jmdc696060888,39,4.6,15.585658,73.743606,15.625658,73.783606,2022-02-17,15:15:00,15:30:00,Sandstorms,Medium ,scooter ,Metropolitian ,150,Skincare
uyno112034630,30,4.2,18.539299,73.897902,18.559299,73.917902,2022-03-07,10:15:00,10:20:00,Sandstorms,Low ,motorcycle ,Urban ,130,Toys
wbhb638171208,23,4.9,23.39925,85.390464,23.40925,85.400464,2022-03-05,11:55:00,12:05:00,Windy,High ,van,Metropolitian ,125,Electronics
yknk895660137,23,4.7,10.994136,76.963303,11.014136,76.983303,2022-03-17,11:55:00,12:00:00,Stormy,High ,scooter ,Metropolitian ,140,Pet Supplies
elmo760335736,30,4.8,26.90294,75.793007,27.03294,75.923007,2022-03-12,18:30:00,18:35:00,Fog,Medium ,motorcycle ,Metropolitian ,195,Shoes
ujbc152347359,23,4.6,19.131141,72.813074,19.181141,72.863074,2022-03-30,21:20:00,21:30:00,Fog,Jam ,motorcycle ,Metropolitian ,26,Grocery
dkfc026122890,32,4.7,21.17106,72.789292,21.30106,72.919292,2022-03-29,20:50:00,20:55:00,Fog,Jam ,motorcycle ,Metropolitian ,240,Shoes
wxry050921657,22,4.9,22.75004,75.902847,22.77004,75.922847,2022-03-11,08:25:00,08:40:00,Stormy,Low ,motorcycle ,Metropolitian ,50,Pet Supplies
vobb928281248,39,4.9,17.433809,78.386744,17.543809,78.496744,2022-03-06,19:00:00,19:15:00,Fog,Medium ,motorcycle ,Metropolitian ,225,Cosmetics
xqwi820979037,24,4.8,19.254567,72.848923,19.274567,72.868923,2022-03-13,11:35:00,11:40:00,Stormy,High ,motorcycle ,Metropolitian ,100,Home
gxty195063689,33,5.0,21.160437,72.774209,21.180437,72.794209,2022-03-11,09:20:00,09:35:00,Cloudy,Low ,van,Urban ,75,Toys
ovqp922147020,37,4.7,26.910262,75.783013,26.990262,75.863013,2022-03-06,20:30:00,20:45:00,Sunny,Jam ,scooter ,Metropolitian ,100,Jewelry
qygk242482511,20,5.0,22.722634,75.886959,22.752634,75.916959,2022-03-15,17:25:00,17:40:00,Sandstorms,Medium ,scooter ,Metropolitian ,110,Sports
peix212884491,28,5.0,19.207222,72.972281,19.337222,73.102281,2022-03-20,18:25:00,18:30:00,Sandstorms,Medium ,motorcycle ,Metropolitian ,125,Outdoors
wusf614490852,28,4.8,30.893244,75.821817,30.973244,75.901817,2022-02-14,23:50:00,00:00:00,Windy,Low ,motorcycle ,Metropolitian ,55,Electronics
fech981773044,35,4.7,12.326356,76.619103,12.376356,76.669103,2022-03-15,18:55:00,19:05:00,Windy,Medium ,motorcycle ,Metropolitian ,130,Jewelry
tqdw915390274,23,4.7,21.185047,72.80859,21.265047,72.88859,2022-03-02,19:30:00,19:40:00,Stormy,Jam ,motorcycle ,Metropolitian ,170,Apparel
pzla234337371,26,4.8,23.354422,85.3329,23.374422,85.3529,2022-03-05,11:00:00,11:05:00,Cloudy,Low ,motorcycle ,Other,100,Toys
mywt535471133,39,4.8,26.891191,75.802083,26.941191,75.852083,2022-03-11,21:35:00,21:45:00,Windy,Jam ,motorcycle ,Metropolitian ,140,Jewelry
jtbh288132359,28,4.9,19.178321,72.834715,19.268321,72.924715,2022-04-02,22:10:00,22:20:00,Cloudy,Low ,motorcycle ,Urban ,140,Toys
jiaf339641874,37,4.4,11.022169,76.999594,11.132169,77.109594,2022-04-04,18:00:00,18:15:00,Cloudy,Medium ,scooter ,Urban ,190,Snacks
rvqj186269617,26,4.8,22.744648,75.894377,22.874648,76.024377,2022-03-25,18:25:00,18:40:00,Fog,Medium ,motorcycle ,Metropolitian ,190,Books
svnj850503053,26,4.9,11.000762,76.981876,11.040762,77.021876,2022-03-13,15:35:00,15:50:00,Stormy,Medium ,scooter ,Metropolitian ,100,Toys
jdso163554546,22,4.5,27.195928,77.998092,27.305928,78.108092,2022-02-12,18:15:00,18:25:00,Sandstorms,Medium ,scooter ,Metropolitian ,75,Books
wioz757403494,30,4.8,21.183434,72.814492,21.213434,72.844492,2022-03-05,17:35:00,17:40:00,Sandstorms,Medium ,motorcycle ,Metropolitian ,135,Kitchen
xppo324131288,34,4.9,12.978453,77.643685,13.018453,77.683685,2022-03-17,14:35:00,14:45:00,Stormy,High ,van,Metropolitian ,150,Clothing
ypyz973559484,24,5.0,21.173493,72.801953,21.233493,72.861953,2022-03-19,20:10:00,20:15:00,Fog,Jam ,motorcycle ,Metropolitian ,140,Shoes
bylx265481445,21,4.9,0.0,0.0,0.01,0.01,2022-03-28,09:20:00,09:30:00,Sunny,Low ,scooter ,Other,95,Books
yagj996869344,24,4.6,23.230791,77.43702,23.250791,77.45702,2022-02-17,08:20:00,08:25:00,Fog,Low ,scooter ,Metropolitian ,60,Home
rzyb188034138,37,4.9,19.254567,72.848923,19.264567,72.858923,2022-03-09,11:55:00,12:10:00,Sandstorms,High ,scooter ,Metropolitian ,130,Apparel
mzpx317915115,36,5.0,21.186438,72.794115,21.246438,72.854115,2022-03-03,23:50:00,23:55:00,Sunny,Low ,motorcycle ,Urban ,70,Electronics
ngps753213630,27,4.7,22.74806,75.8934,22.85806,76.0034,2022-03-29,21:10:00,21:20:00,Sandstorms,Jam ,motorcycle ,Metropolitian ,135,Apparel
xung550108070,26,4.5,13.044694,80.26147,13.064694,80.28147,2022-03-15,09:20:00,09:25:00,Sandstorms,Low ,van,Metropolitian ,80,Home
whuf017829828,26,5.0,13.091809,80.219104,13.141809,80.269104,2022-03-26,22:30:00,22:45:00,Sunny,Low ,motorcycle ,Metropolitian ,15,Grocery
aueo046070324,27,4.5,18.516216,73.842527,18.556216,73.882527,2022-03-21,16:40:00,16:45:00,Windy,Medium ,van,Metropolitian ,130,Toys
erxj102353157,21,4.9,12.970324,77.645748,13.000324,77.675748,2022-04-05,19:55:00,20:00:00,Windy,Jam ,scooter ,Metropolitian ,100,Outdoors
vqer586993539,21,4.6,22.651847,75.881991,22.721847,75.951991,2022-03-31,18:45:00,18:50:00,Fog,Medium ,scooter ,Metropolitian ,130,Shoes
lfox833339779,20,3.7,10.006881,76.345397,10.056881,76.395397,2022-02-15,19:10:00,19:15:00,Sunny,Jam ,motorcycle ,Urban ,235,Kitchen
ewox397174272,30,4.9,12.321214,76.621094,12.341214,76.641094,2022-03-03,10:20:00,10:35:00,Windy,Low ,motorcycle ,Urban ,120,Pet Supplies
ojdn592728138,33,4.2,12.297954,76.665169,12.377954,76.745169,2022-03-10,21:25:00,21:40:00,Fog,Jam ,motorcycle ,Metropolitian ,190,Clothing
lepd016915534,22,4.8,11.006686,76.951736,11.116686,77.061736,2022-03-25,22:15:00,22:30:00,Windy,Low ,motorcycle ,Urban ,60,Skincare
navo855178808,26,4.6,19.003517,72.82765,19.083517,72.90765,2022-03-29,19:40:00,19:55:00,Sunny,Jam ,motorcycle ,Metropolitian ,110,Apparel
llcd719018335,27,4.5,26.913987,75.752891,26.993987,75.832891,2022-03-04,21:10:00,21:20:00,Sunny,Jam ,motorcycle ,Metropolitian ,18,Grocery
czgw528605071,27,4.7,0.0,0.0,0.06,0.06,2022-03-07,18:30:00,18:35:00,Sandstorms,Medium ,scooter ,Metropolitian ,115,Pet Supplies
lwnt720568812,31,4.5,12.326356,76.619103,12.356356,76.649103,2022-03-05,23:50:00,00:00:00,Stormy,Low ,van,Metropolitian ,105,Home
dyed814664714,34,5.0,0.0,0.0,0.08,0.08,2022-03-23,18:40:00,18:50:00,Cloudy,Medium ,scooter ,Metropolitian ,210,Shoes
xjov919505154,21,5.0,21.185047,72.80859,21.265047,72.88859,2022-03-06,18:55:00,19:05:00,Stormy,Medium ,motorcycle ,Metropolitian ,85,Outdoors
siwm315835372,37,4.1,18.554382,73.798206,18.614382,73.858206,2022-03-30,19:10:00,19:15:00,Sandstorms,Jam ,scooter ,Metropolitian ,165,Jewelry
sftv611728611,25,4.6,13.027018,80.254791,13.067018,80.294791,2022-03-21,13:20:00,13:30:00,Windy,High ,scooter ,Metropolitian ,55,Toys
syll822552181,28,4.5,0.0,0.0,0.11,0.11,2022-02-12,23:55:00,00:00:00,Cloudy,Low ,scooter ,Urban ,135,Books
ufbn917348744,37,4.6,12.939496,77.625999,13.049496,77.735999,2022-03-06,22:10:00,22:25:00,Stormy,Low ,motorcycle ,Other,135,Snacks
hvgq358350318,27,4.6,21.173493,72.801953,21.203493,72.831953,2022-03-28,19:30:00,19:35:00,Fog,Jam ,scooter ,Metropolitian ,120,Snacks
bbtw694085029,26,4.5,13.054347,80.257221,13.064347,80.267221,2022-03-17,08:40:00,08:45:00,Fog,Low ,motorcycle ,Metropolitian ,60,Kitchen
fepw836004898,36,3.8,0.0,0.0,0.13,0.13,2022-02-16,19:20:00,19:25:00,Windy,Jam ,scooter ,Metropolitian ,190,Shoes
tebe679297151,21,4.9,12.284747,76.625861,12.364747,76.705861,2022-04-04,19:35:00,19:40:00,Windy,Jam ,scooter ,Metropolitian ,95,Kitchen
zjln147518508,21,4.3,22.745536,75.893106,22.835536,75.983106,2022-03-04,21:25:00,21:35:00,Cloudy,Jam ,motorcycle ,Urban ,155,Cosmetics
wllw925308726,25,5.0,21.186608,72.794136,21.256608,72.864136,2022-04-04,20:50:00,21:05:00,Sunny,Jam ,scooter ,Metropolitian ,75,Cosmetics
puhx524157178,29,4.7,19.22384,72.841347,19.26384,72.881347,2022-03-07,13:55:00,14:00:00,Stormy,High ,scooter ,Urban ,65,Sports
lvbj578908430,20,4.7,12.975996,80.221898,13.045996,80.291898,2022-03-10,19:25:00,19:30:00,Cloudy,Jam ,van,Metropolitian ,195,Outdoors
lowt711665696,32,4.6,17.438263,78.397865,17.508263,78.467865,2022-03-02,23:35:00,23:45:00,Sandstorms,Low ,van,Metropolitian ,95,Toys
lviw765358918,20,4.7,22.722634,75.886959,22.742634,75.906959,2022-04-05,11:50:00,12:05:00,Cloudy,High ,motorcycle ,Metropolitian ,155,Shoes
szqm495930524,35,4.9,21.186884,72.793616,21.256884,72.863616,2022-03-23,17:10:00,17:25:00,Windy,Medium ,motorcycle ,Metropolitian ,110,Home
ytkt435725349,32,4.8,22.32,73.17,22.34,73.19,2022-03-09,10:40:00,10:55:00,Fog,Low ,motorcycle ,Metropolitian ,85,Cosmetics
czir998618128,38,4.6,13.066762,80.251865,13.136762,80.321865,2022-03-10,21:25:00,21:30:00,Sunny,Jam ,scooter ,Metropolitian ,115,Skincare
mewt871099523,31,4.6,26.88842,75.800689,26.91842,75.830689,2022-03-15,19:40:00,19:45:00,Fog,Jam ,motorcycle ,Metropolitian ,160,Jewelry
wlti337089359,38,4.6,17.428294,78.404423,17.538294,78.514423,2022-03-20,23:25:00,23:40:00,Windy,Low ,motorcycle ,Urban ,140,Clothing
gtkk942777557,22,4.7,19.003517,72.82765,19.083517,72.90765,2022-03-27,17:50:00,18:05:00,Sandstorms,Medium ,van,Metropolitian ,105,Books
onod348403926,22,4.8,26.905287,75.794592,26.915287,75.804592,2022-04-05,09:45:00,09:50:00,Fog,Low ,scooter ,Metropolitian ,19,Grocery
adbg911535991,39,4.6,12.325461,76.632278,12.435461,76.742278,2022-03-14,21:15:00,21:30:00,Sunny,Jam ,motorcycle ,Metropolitian ,85,Skincare
ezvj290607668,34,4.8,12.972161,77.596014,12.982161,77.606014,2022-03-01,10:25:00,10:30:00,Windy,Low ,scooter ,Metropolitian ,125,Sports
nqha455844481,24,4.9,23.355164,85.324097,23.435164,85.404097,2022-03-04,22:55:00,23:05:00,Windy,Low ,motorcycle ,Metropolitian ,60,Toys
wqat343494398,35,4.0,22.728163,75.884212,22.778163,75.934212,2022-03-03,20:25:00,20:30:00,Cloudy,Jam ,scooter ,Metropolitian ,185,Electronics
cbda431078502,38,4.6,22.75004,75.902847,22.88004,76.032847,2022-03-06,21:10:00,21:15:00,Fog,Jam ,motorcycle ,Metropolitian ,46,Grocery
ksva144609846,36,4.8,9.985497,76.276999,10.025497,76.316999,2022-02-13,12:35:00,12:45:00,Sunny,High ,motorcycle ,Metropolitian ,125,Electronics
vkha829962812,33,4.4,26.849596,75.800512,26.889596,75.840512,2022-03-28,14:15:00,14:30:00,Windy,High ,motorcycle ,Metropolitian ,160,Skincare
exoj556384670,32,4.9,22.547186,88.35068,22.587186,88.39068,2022-02-15,15:30:00,15:40:00,Sunny,Medium ,motorcycle ,Urban ,100,Jewelry
hkjm101885461,29,4.8,-19.875522,75.367127,19.885522,75.377127,2022-02-15,11:35:00,11:40:00,Sandstorms,High ,motorcycle ,Urban ,185,Outdoors
lvyc563597183,23,4.6,9.982834,76.283268,10.062834,76.363268,2022-02-16,19:45:00,19:50:00,Windy,Jam ,motorcycle ,Urban ,150,Books
cufw429264718,31,4.9,23.39925,85.390464,23.43925,85.430464,2022-03-13,15:10:00,15:20:00,Fog,Medium ,motorcycle ,Urban ,155,Jewelry
yydk056492142,38,4.8,30.319528,78.040267,30.399528,78.120267,2022-02-18,18:55:00,19:00:00,Windy,Medium ,scooter ,Metropolitian ,110,Skincare
fhco827148157,33,5.0,22.728163,75.884212,22.818163,75.974212,2022-03-23,17:40:00,17:55:00,Sunny,Medium ,scooter ,Metropolitian ,125,Clothing
csdk510311466,38,4.7,17.41233,78.449654,17.42233,78.459654,2022-04-03,11:35:00,11:45:00,Windy,High ,motorcycle ,Metropolitian ,130,Pet Supplies
cgny532913545,37,5.0,23.359033,85.325347,23.439033,85.405347,2022-03-29,22:40:00,22:50:00,Stormy,Low ,motorcycle ,Metropolitian ,75,Toys
ybom402683469,33,4.7,13.086438,80.220672,13.106438,80.240672,2022-03-28,10:35:00,10:40:00,Sunny,Low ,motorcycle ,Urban ,140,Outdoors
wetz217594315,20,4.3,18.593481,73.785901,18.633481,73.825901,2022-03-24,14:25:00,14:40:00,Sunny,High ,motorcycle ,Metropolitian ,230,Snacks
oxoi948920978,29,4.7,0.0,0.0,0.01,0.01,2022-03-19,10:15:00,10:20:00,Stormy,Low ,motorcycle ,Urban ,60,Kitchen
vgxk534020230,20,4.7,12.325461,76.632278,12.405461,76.712278,2022-03-29,23:30:00,23:35:00,Sandstorms,Low ,scooter ,Urban ,90,Outdoors
afro653309727,23,4.9,12.979096,77.640625,12.989096,77.650625,2022-03-13,09:20:00,09:35:00,Windy,Low ,scooter ,Urban ,75,Electronics
kmxs288767781,30,4.6,12.337978,76.616792,12.397978,76.676792,2022-03-24,17:55:00,18:00:00,Stormy,Medium ,scooter ,Urban ,125,Jewelry
uvvc990589813,26,4.6,10.027364,76.308258,10.077364,76.358258,2022-02-15,22:20:00,22:35:00,Cloudy,Low ,motorcycle ,Urban ,90,Jewelry
uiqt964971886,37,4.8,0.0,0.0,0.06,0.06,2022-03-17,23:00:00,23:10:00,Fog,Low ,motorcycle ,Metropolitian ,115,Home
masr422710246,30,4.5,26.914142,75.805704,26.924142,75.815704,2022-04-05,09:35:00,09:45:00,Cloudy,Low ,motorcycle ,Metropolitian ,140,Toys
wtpj725109559,30,4.8,26.846156,75.8023,26.916156,75.8723,2022-03-06,23:55:00,00:10:00,Sunny,Low ,motorcycle ,Metropolitian ,95,Clothing
tnte563080527,27,4.9,18.592718,73.773572,18.642718,73.823572,2022-03-03,18:30:00,18:40:00,Stormy,Medium ,motorcycle ,Metropolitian ,95,Toys
ietm727383656,31,4.7,17.438263,78.397865,17.468263,78.427865,2022-04-03,19:00:00,19:15:00,Cloudy,Medium ,motorcycle ,Metropolitian ,80,Toys
sqxw485816759,22,5.0,0.0,0.0,0.02,0.02,2022-03-07,08:10:00,08:20:00,Sandstorms,Low ,van,Metropolitian ,55,Apparel
rcfx950865303,26,4.7,17.431477,78.40035,17.541477,78.51035,2022-03-16,17:25:00,17:40:00,Sunny,Medium ,scooter ,Metropolitian ,55,Skincare
uctb985194026,26,4.8,23.218998,77.373573,23.278998,77.433573,2022-02-11,18:20:00,18:35:00,Windy,Medium ,motorcycle ,Metropolitian ,21,Grocery
khcd154772364,29,4.2,12.939496,77.625999,12.959496,77.645999,2022-03-19,09:15:00,09:20:00,Windy,Low ,motorcycle ,Urban ,140,Snacks
ungi526906662,24,4.5,11.003669,76.976494,11.033669,77.006494,2022-03-24,17:35:00,17:45:00,Sunny,Medium ,scooter ,Metropolitian ,70,Apparel
wzcr494038425,37,4.8,9.979186,76.317361,10.109186,76.447361,2022-02-18,19:30:00,19:40:00,Cloudy,Jam ,motorcycle ,Urban ,230,Home
bodb171942641,27,4.6,13.005801,80.250744,13.065801,80.310744,2022-03-03,22:25:00,22:30:00,Fog,Low ,scooter ,Urban ,50,Pet Supplies
fuqk854947409,33,4.5,11.025083,77.015393,11.115083,77.105393,2022-03-02,20:20:00,20:25:00,Sandstorms,Jam ,scooter ,Metropolitian ,175,Kitchen
tmcj527115231,28,4.4,26.492106,80.327797,26.502106,80.337797,2022-02-11,09:55:00,10:00:00,Sandstorms,Low ,motorcycle ,Metropolitian ,120,Shoes
vxnz947594598,35,4.8,0.0,0.0,0.05,0.05,2022-02-13,18:25:00,18:35:00,Sunny,Medium ,motorcycle ,Urban ,90,Electronics
wxqk011241738,23,4.9,11.02091,76.940432,11.15091,77.070432,2022-03-25,19:40:00,19:50:00,Stormy,Jam ,motorcycle ,Metropolitian ,90,Outdoors
sali162428274,24,4.7,18.546258,73.904337,18.606258,73.964337,2022-03-28,17:10:00,17:20:00,Stormy,Medium ,motorcycle ,Other,55,Books
rzfq533096230,20,4.9,0.0,0.0,0.13,0.13,2022-02-18,23:00:00,23:05:00,Windy,Low ,scooter ,Urban ,80,Jewelry
ybwt125507382,27,4.8,18.536562,73.896485,18.566562,73.926485,2022-04-03,17:50:00,17:55:00,Fog,Medium ,motorcycle ,Metropolitian ,140,Jewelry
ozei954401267,21,4.7,0.0,0.0,0.13,0.13,2022-04-06,20:25:00,20:30:00,Stormy,Jam ,van,Metropolitian ,145,Shoes
lkdj640062690,25,4.5,25.454648,81.834502,25.464648,81.844502,2022-02-15,11:45:00,12:00:00,Fog,High ,motorcycle ,Metropolitian ,135,Sports
vicl531110965,36,4.0,30.895204,75.822103,30.975204,75.902103,2022-02-12,22:40:00,22:45:00,Cloudy,Low ,motorcycle ,Other,200,Snacks
ceqc115005001,24,4.6,13.045479,80.23311,13.085479,80.27311,2022-03-28,16:50:00,17:00:00,Sunny,Medium ,motorcycle ,Metropolitian ,75,Sports
hgkw700694236,26,4.2,11.02091,76.940432,11.09091,77.010432,2022-03-20,18:50:00,19:05:00,Windy,Medium ,motorcycle ,Metropolitian ,195,Sports
obmo992190796,33,3.6,0.0,0.0,0.09,0.09,2022-02-12,20:25:00,20:35:00,Windy,Jam ,van,Metropolitian ,180,Shoes
qbsx534274460,25,4.7,22.307898,73.167788,22.367898,73.227788,2022-03-15,20:30:00,20:40:00,Sandstorms,Jam ,scooter ,Urban ,105,Cosmetics
qsfs815081648,30,4.5,12.975377,77.696664,13.065377,77.786664,2022-04-04,21:15:00,21:25:00,Sunny,Jam ,van,Urban ,155,Electronics
tkoo567455008,26,4.7,12.323225,76.630028,12.383225,76.690028,2022-03-30,23:45:00,00:00:00,Cloudy,Low ,motorcycle ,Metropolitian ,11,Grocery
nfkc196426682,22,4.6,23.374878,85.335739,23.384878,85.345739,2022-04-05,08:30:00,08:35:00,Sandstorms,Low ,scooter ,Metropolitian ,70,Shoes
bruc957587427,22,4.6,26.911927,75.797282,26.981927,75.867282,2022-03-04,19:00:00,19:10:00,Sunny,Medium ,motorcycle ,Urban ,60,Outdoors
ictw371343065,24,4.6,21.175975,72.795503,21.285975,72.905503,2022-03-18,19:40:00,19:50:00,Windy,Jam ,scooter ,Metropolitian ,130,Electronics
bqbi568161979,37,4.9,11.003669,76.976494,11.013669,76.986494,2022-03-28,10:55:00,11:05:00,Sunny,Low ,scooter ,Urban ,17,Grocery
mtrg318926279,25,4.6,12.297954,76.665169,12.317954,76.685169,2022-03-24,09:00:00,09:05:00,Cloudy,Low ,scooter ,Metropolitian ,60,Kitchen
hhmd026044319,22,4.7,-26.471529,80.313458,26.551529,80.393458,2022-02-12,21:45:00,21:55:00,Sandstorms,Jam ,scooter ,Metropolitian ,100,Pet Supplies
tnzp624829758,38,4.3,17.483216,78.552111,17.533216,78.602111,2022-03-19,20:20:00,20:35:00,Windy,Jam ,motorcycle ,Metropolitian ,200,Kitchen
hgtw787553099,22,4.6,17.430448,78.418213,17.560448,78.548213,2022-03-10,22:10:00,22:15:00,Sunny,Low ,motorcycle ,Metropolitian ,145,Pet Supplies
xexk639805847,36,4.7,19.207222,72.972281,19.317222,73.082281,2022-03-04,23:10:00,23:15:00,Sunny,Low ,scooter ,Urban ,120,Home
yper340397573,39,4.5,17.431477,78.40035,17.461477,78.43035,2022-04-05,18:25:00,18:40:00,Sandstorms,Medium ,scooter ,Urban ,135,Kitchen
kndi545883412,38,5.0,30.328174,78.049117,30.368174,78.089117,2022-02-13,12:55:00,13:05:00,Windy,High ,motorcycle ,Metropolitian ,165,Kitchen
dhyq733346667,37,4.8,23.232537,77.429845,23.342537,77.539845,2022-02-14,18:35:00,18:45:00,Stormy,Medium ,motorcycle ,Other,135,Kitchen
lqjj627744350,24,4.6,22.310526,73.170937,22.380526,73.240937,2022-03-23,23:55:00,00:10:00,Sandstorms,Low ,motorcycle ,Metropolitian ,85,Electronics
jjss756530305,35,4.2,19.003517,72.82765,19.013517,72.83765,2022-03-19,11:40:00,11:50:00,Sandstorms,High ,van,Metropolitian ,165,Shoes
fcdl446096037,30,5.0,23.232537,77.429845,23.302537,77.499845,2022-02-14,23:15:00,23:25:00,Cloudy,Low ,motorcycle ,Metropolitian ,175,Cosmetics
yjwz638420171,22,4.6,11.024839,77.007003,11.114839,77.097003,2022-03-23,18:10:00,18:15:00,Sandstorms,Medium ,motorcycle ,Urban ,100,Home
snva131512030,35,4.7,19.12663,72.829976,19.19663,72.899976,2022-03-16,18:55:00,19:05:00,Sunny,Medium ,motorcycle ,Metropolitian ,130,Books
fmkn305803090,25,4.7,12.979096,77.640625,12.999096,77.660625,2022-03-17,09:35:00,09:45:00,Windy,Low ,motorcycle ,Urban ,50,Cosmetics
cbxf086146454,38,4.9,12.284747,76.625861,12.334747,76.675861,2022-03-03,21:20:00,21:25:00,Sunny,Jam ,motorcycle ,Metropolitian ,29,Grocery
jzai589442226,24,4.7,22.695207,75.866059,22.765207,75.936059,2022-03-06,23:25:00,23:35:00,Windy,Low ,motorcycle ,Metropolitian ,60,Snacks
ttyy295085571,32,4.0,30.895817,75.813112,30.945817,75.863112,2022-02-11,20:40:00,20:55:00,Stormy,Jam ,motorcycle ,Urban ,155,Books
gqes731447447,37,4.6,18.536718,73.830327,18.566719,73.860327,2022-03-19,19:35:00,19:45:00,Fog,Jam ,scooter ,Metropolitian ,160,Snacks
sdam261078374,20,4.7,12.310972,76.659264,12.340972,76.689264,2022-03-30,20:35:00,20:40:00,Sunny,Jam ,motorcycle ,Urban ,85,Cosmetics
bkel362819851,32,4.6,23.416792,85.316842,23.506792,85.406842,2022-03-06,19:50:00,20:00:00,Stormy,Jam ,motorcycle ,Metropolitian ,145,Snacks
wxrl158857379,38,4.9,13.027018,80.254791,13.157018,80.384791,2022-03-27,19:55:00,20:00:00,Windy,Jam ,motorcycle ,Metropolitian ,185,Skincare
lbae221720865,33,4.8,19.207222,72.972281,19.217222,72.982281,2022-03-17,10:45:00,10:55:00,Cloudy,Low ,motorcycle ,Metropolitian ,95,Home
xaok808386259,20,4.6,12.986047,80.218114,12.996047,80.228114,2022-03-24,10:30:00,10:45:00,Cloudy,Low ,motorcycle ,Metropolitian ,115,Electronics
lqhg049656342,38,5.0,30.892978,75.821847,30.982978,75.911847,2022-02-12,23:55:00,00:00:00,Sandstorms,Low ,motorcycle ,Metropolitian ,130,Sports
phwd886197793,27,4.1,18.536562,73.896485,18.556562,73.916485,2022-03-21,08:20:00,08:25:00,Windy,Low ,motorcycle ,Urban ,110,Clothing
iutt457239326,25,4.7,23.357804,85.325146,23.427804,85.395146,2022-03-02,23:15:00,23:25:00,Cloudy,Low ,motorcycle ,Metropolitian ,120,Pet Supplies
wkjz851417709,37,4.2,12.310972,76.659264,12.420972,76.769264,2022-03-16,20:15:00,20:30:00,Fog,Jam ,scooter ,Metropolitian ,200,Kitchen
ebtq540927530,26,4.8,18.563934,73.915367,18.583935,73.935367,2022-04-01,09:25:00,09:30:00,Stormy,Low ,motorcycle ,Metropolitian ,80,Shoes
ffhl423530637,34,4.8,22.753659,75.903365,22.813659,75.963365,2022-03-03,21:55:00,22:05:00,Sunny,Jam ,motorcycle ,Urban ,17,Grocery
ktdb730789698,39,4.7,27.16185,78.040165,27.22185,78.100165,2022-02-11,21:25:00,21:40:00,Windy,Jam ,van,Metropolitian ,155,Apparel
yvrk588218176,35,4.8,26.891191,75.802083,26.971191,75.882083,2022-04-02,18:40:00,18:50:00,Windy,Medium ,motorcycle ,Metropolitian ,155,Clothing
vlbv769001313,34,4.6,13.045479,80.23311,13.105479,80.29311,2022-03-13,18:40:00,18:45:00,Cloudy,Medium ,scooter ,Other,80,Jewelry
ladi810194409,29,4.1,22.751234,75.88949,22.761234,75.89949,2022-03-07,10:45:00,10:50:00,Windy,Low ,motorcycle ,Urban ,100,Skincare
zztp167312085,30,4.7,18.516216,73.842527,18.546216,73.872527,2022-03-28,18:00:00,18:15:00,Sandstorms,Medium ,motorcycle ,Metropolitian ,150,Shoes
zbqf850382900,22,5.0,13.005801,80.250744,13.065801,80.310744,2022-03-21,23:25:00,23:40:00,Sunny,Low ,scooter ,Metropolitian ,100,Outdoors
cgfk914642660,29,4.7,22.732225,75.874765,22.762225,75.904765,2022-03-17,17:35:00,17:50:00,Sandstorms,Medium ,van,Metropolitian ,125,Shoes
agtm623490914,35,4.2,11.001852,76.976268,11.021852,76.996268,2022-04-03,10:50:00,11:05:00,Sandstorms,Low ,motorcycle ,Metropolitian ,125,Cosmetics
puad666197836,32,4.7,12.979096,77.640625,13.059096,77.720625,2022-03-04,17:20:00,17:35:00,Stormy,Medium ,scooter ,Metropolitian ,110,Apparel
huuc636118813,27,5.0,26.902328,75.794257,26.942328,75.834257,2022-04-05,13:15:00,13:30:00,Sandstorms,High ,motorcycle ,Urban ,180,Pet Supplies
cwli632795716,24,4.8,19.254567,72.848923,19.384567,72.978923,2022-03-25,19:00:00,19:10:00,Fog,Medium ,motorcycle ,Urban ,190,Sports
mnkk916787063,21,5.0,11.006686,76.951736,11.116686,77.061736,2022-03-14,20:55:00,21:00:00,Sunny,Jam ,motorcycle ,Metropolitian ,110,Skincare
tlwk932429878,29,4.8,22.311603,73.165012,22.391603,73.245012,2022-03-12,18:40:00,18:55:00,Sandstorms,Medium ,scooter ,Metropolitian ,125,Cosmetics
nhmh602995173,24,4.6,23.353783,85.326967,23.483783,85.456967,2022-03-02,21:25:00,21:30:00,Fog,Jam ,scooter ,Urban ,190,Clothing
uivz311248908,38,4.5,0.0,0.0,0.05,0.05,2022-04-03,18:00:00,18:05:00,Fog,Medium ,motorcycle ,Urban ,145,Snacks
hsrz830446934,37,4.9,22.761593,75.886362,22.841593,75.966362,2022-03-16,23:20:00,23:35:00,Cloudy,Low ,motorcycle ,Metropolitian ,175,Books
fimk825138344,25,4.0,13.005801,80.250744,13.065801,80.310744,2022-03-11,22:25:00,22:35:00,Windy,Low ,motorcycle ,Urban ,115,Toys
ujnj963440388,28,4.6,26.914142,75.805704,26.964142,75.855704,2022-03-01,23:40:00,23:55:00,Cloudy,Low ,motorcycle ,Urban ,110,Outdoors
geuo206828746,36,4.7,19.091458,72.827808,19.141458,72.877808,2022-03-28,22:00:00,22:15:00,Stormy,Jam ,scooter ,Urban ,145,Clothing
vche346279176,34,4.6,22.310526,73.170937,22.380526,73.240937,2022-03-18,19:00:00,19:10:00,Stormy,Medium ,motorcycle ,Metropolitian ,245,Cosmetics
jppi512550942,20,4.6,12.323194,76.630583,12.363194,76.670583,2022-03-30,12:20:00,12:25:00,Windy,High ,scooter ,Urban ,60,Toys
iegb281713034,35,4.7,0.0,0.0,0.13,0.13,2022-03-10,22:30:00,22:45:00,Sandstorms,Low ,motorcycle ,Metropolitian ,120,Apparel
ypfn986400512,27,4.5,18.994049,72.825203,19.004049,72.835203,2022-03-30,08:30:00,08:40:00,Windy,Low ,motorcycle ,Metropolitian ,110,Toys
mzao454518679,29,4.6,18.569156,73.774723,18.699156,73.904723,2022-03-02,00:00:00,00:10:00,Cloudy,Low ,scooter ,Metropolitian ,105,Jewelry
ljmd897210156,22,4.5,18.569156,73.774723,18.599156,73.804723,2022-03-11,17:20:00,17:25:00,Cloudy,Medium ,motorcycle ,Urban ,105,Snacks
oejb809417039,33,4.7,26.846156,75.8023,26.956156,75.9123,2022-03-14,18:25:00,18:40:00,Sandstorms,Medium ,motorcycle ,Metropolitian ,110,Pet Supplies
porn466764967,31,4.8,18.51421,73.838429,18.54421,73.868429,2022-04-05,22:35:00,22:45:00,Sunny,Low ,motorcycle ,Metropolitian ,80,Clothing
gkeq989550992,22,4.6,12.906229,77.596791,13.016229,77.706791,2022-04-06,20:10:00,20:15:00,Sandstorms,Jam ,motorcycle ,Urban ,195,Cosmetics
pbdi385223733,37,4.9,23.359407,85.325055,23.399407,85.365055,2022-03-26,13:30:00,13:35:00,Cloudy,High ,motorcycle ,Metropolitian ,150,Books
jzya092433050,33,4.3,12.284747,76.625861,12.414747,76.755861,2022-03-20,19:55:00,20:00:00,Sandstorms,Jam ,motorcycle ,Semi-Urban ,265,Home
qfox409215509,32,4.8,23.359407,85.325055,23.409407,85.375055,2022-03-28,20:50:00,20:55:00,Fog,Jam ,scooter ,Metropolitian ,140,Electronics
qrgf598133081,20,4.9,23.39925,85.390464,23.45925,85.450464,2022-03-19,21:00:00,21:05:00,Sunny,Jam ,motorcycle ,Metropolitian ,60,Sports
vzul280099607,26,4.6,18.543626,73.905101,18.613626,73.975101,2022-03-02,18:20:00,18:35:00,Sunny,Medium ,motorcycle ,Metropolitian ,80,Clothing
fwfu379392319,29,4.9,12.939496,77.625999,13.029496,77.715999,2022-03-06,22:00:00,22:10:00,Stormy,Jam ,scooter ,Metropolitian ,120,Sports
rmvh263788145,35,4.9,17.428294,78.404423,17.458294,78.434423,2022-03-03,22:35:00,22:50:00,Sandstorms,Low ,van,Metropolitian ,110,Books
zkqi058980465,24,4.7,26.492106,80.327797,26.522106,80.357797,2022-02-11,18:25:00,18:30:00,Sandstorms,Medium ,scooter ,Metropolitian ,120,Apparel
wsmb537075035,35,4.8,21.185047,72.80859,21.275047,72.89859,2022-04-06,23:35:00,23:40:00,Windy,Low ,motorcycle ,Urban ,140,Shoes
jrlr915245612,26,4.3,0.0,0.0,0.07,0.07,2022-02-14,17:50:00,18:00:00,Cloudy,Medium ,motorcycle ,Metropolitian ,185,Sports
crtj824386777,26,4.8,0.0,0.0,0.06,0.06,2022-03-15,21:20:00,21:25:00,Cloudy,Jam ,motorcycle ,Metropolitian ,145,Shoes
nljz664095398,29,4.3,27.161694,78.034714,27.181694,78.054714,2022-02-13,10:00:00,10:05:00,Sandstorms,Low ,motorcycle ,Urban ,75,Snacks
ylxa722302209,36,4.2,12.304569,76.643622,12.364569,76.703622,2022-04-01,21:45:00,21:50:00,Cloudy,Jam ,scooter ,Metropolitian ,175,Home
yesu465882028,26,4.9,12.3085,76.665808,12.4185,76.775808,2022-03-14,18:40:00,18:50:00,Sunny,Medium ,van,Urban ,60,Books
skvg583926051,26,4.7,19.876219,75.346017,19.966219,75.436017,2022-02-16,21:45:00,21:55:00,Stormy,Jam ,motorcycle ,Metropolitian ,130,Cosmetics
qfyf140844292,20,5.0,13.02978,80.208812,13.08978,80.268812,2022-03-30,21:35:00,21:45:00,Fog,Jam ,motorcycle ,Metropolitian ,155,Shoes
hepe938940780,24,4.7,13.058616,80.264151,13.108616,80.314151,2022-03-09,17:45:00,18:00:00,Sunny,Medium ,scooter ,Urban ,50,Cosmetics
gqud964997307,26,4.8,12.934179,77.615797,13.004179,77.685797,2022-03-04,17:15:00,17:25:00,Sandstorms,Medium ,motorcycle ,Metropolitian ,110,Outdoors
fcnn840725709,36,4.7,30.893244,75.821817,31.003244,75.931817,2022-02-12,21:40:00,21:50:00,Cloudy,Jam ,motorcycle ,Metropolitian ,255,Kitchen
czul731725766,37,4.9,13.064181,80.236442,13.124181,80.296442,2022-03-19,18:25:00,18:35:00,Sunny,Medium ,scooter ,Metropolitian ,85,Sports
xczn661690336,26,4.9,11.016298,76.972076,11.066298,77.022076,2022-03-07,18:35:00,18:45:00,Sandstorms,Medium ,motorcycle ,Metropolitian ,55,Sports
wmwo620237513,37,4.6,18.927584,72.832585,18.947584,72.852585,2022-03-26,08:35:00,08:50:00,Fog,Low ,scooter ,Urban ,15,Grocery
ifwf630392674,21,5.0,18.546258,73.904337,18.606258,73.964337,2022-03-21,22:25:00,22:30:00,Fog,Low ,motorcycle ,Metropolitian ,100,Toys
mwtq931677849,39,4.5,26.914142,75.805704,26.984142,75.875704,2022-03-12,18:50:00,18:55:00,Windy,Medium ,scooter ,Metropolitian ,170,Home
fnhh578312500,34,4.8,19.120083,72.907385,19.130083,72.917385,2022-03-05,10:40:00,10:50:00,Sandstorms,Low ,motorcycle ,Metropolitian ,105,Snacks
jyvt417957234,38,4.7,17.410371,78.437225,17.500371,78.527225,2022-03-14,21:25:00,21:35:00,Sandstorms,Jam ,scooter ,Metropolitian ,125,Apparel
mzox771362592,31,4.7,0.0,0.0,0.11,0.11,2022-03-14,20:00:00,20:15:00,Cloudy,Jam ,scooter ,Metropolitian ,210,Outdoors
mirt199087171,30,4.8,22.551084,88.354127,22.561084,88.364127,2022-02-17,10:20:00,10:25:00,Sandstorms,Low ,van,Metropolitian ,140,Cosmetics
rnvv398394081,29,4.0,22.745049,75.892471,22.815049,75.962471,2022-03-23,19:40:00,19:45:00,Cloudy,Jam ,scooter ,Metropolitian ,210,Books
srfe662476204,30,4.8,9.991703,76.293136,10.061703,76.363136,2022-02-18,22:00:00,22:10:00,Windy,Jam ,scooter ,Metropolitian ,140,Electronics
autn347560187,31,4.8,0.0,0.0,0.08,0.08,2022-02-14,20:15:00,20:25:00,Sunny,Jam ,van,Metropolitian ,135,Electronics
wzel129960984,23,4.7,26.911378,75.789034,27.051378,75.929034,2022-03-14,21:00:00,21:10:00,Fog,Jam ,motorcycle ,Metropolitian ,210,Clothing
adme432106450,33,4.9,23.357804,85.325146,23.407804,85.375146,2022-03-24,17:10:00,17:15:00,Windy,Medium ,motorcycle ,Metropolitian ,160,Jewelry
eciz837871181,37,4.7,19.878028,75.317475,19.908028,75.347475,2022-02-17,20:45:00,20:55:00,Sandstorms,Jam ,motorcycle ,Metropolitian ,135,Pet Supplies
rjgg624916562,33,4.7,12.935662,77.61413,12.955662,77.63413,2022-04-01,08:45:00,08:50:00,Fog,Low ,scooter ,Metropolitian ,75,Outdoors
lgvl544046649,23,4.9,0.0,0.0,0.05,0.05,2022-03-09,22:10:00,22:20:00,Cloudy,Low ,scooter ,Urban ,60,Toys
kuvs796463424,23,4.0,0.0,0.0,0.06,0.06,2022-03-03,22:55:00,23:05:00,Stormy,Low ,motorcycle ,Metropolitian ,75,Clothing
nghz621929223,32,4.8,12.325461,76.632278,12.355461,76.662278,2022-03-19,18:30:00,18:45:00,Windy,Medium ,motorcycle ,Metropolitian ,150,Home
dyrm101245903,30,3.8,22.751234,75.88949,22.821234,75.95949,2022-03-14,21:35:00,21:45:00,Windy,Jam ,scooter ,Metropolitian ,31,Grocery
zzqn986571409,28,4.5,19.178321,72.834715,19.228321,72.884715,2022-03-03,21:15:00,21:25:00,Fog,Jam ,motorcycle ,Urban ,110,Apparel
xifd839640214,23,4.8,13.049645,80.242268,13.059645,80.252268,2022-03-09,10:40:00,10:55:00,Sunny,Low ,motorcycle ,Metropolitian ,75,Apparel
ogmq520846008,20,4.8,21.149834,72.778666,21.199834,72.828666,2022-03-28,20:30:00,20:35:00,Fog,Jam ,motorcycle ,Metropolitian ,115,Cosmetics
jnrl035248824,28,4.5,11.003681,76.975525,11.073681,77.045525,2022-03-27,17:10:00,17:25:00,Cloudy,Medium ,van,Metropolitian ,150,Sports
ryun784426653,25,5.0,22.514688,88.393294,22.564688,88.443294,2022-02-17,17:10:00,17:25:00,Fog,Medium ,motorcycle ,Urban ,80,Books
ixza493013549,31,4.2,11.010375,76.95295,11.040375,76.98295,2022-03-13,23:45:00,23:50:00,Windy,Low ,motorcycle ,Urban ,155,Snacks
ifyw429648134,38,4.1,23.355164,85.324097,23.465164,85.434097,2022-03-20,20:10:00,20:15:00,Windy,Jam ,motorcycle ,Metropolitian ,175,Cosmetics
vscg258132266,38,4.2,22.32,73.17,22.39,73.24,2022-04-02,19:10:00,19:15:00,Windy,Jam ,van,Urban ,170,Books
tdcn960931645,27,5.0,13.026279,80.174568,13.076279,80.224568,2022-03-15,17:40:00,17:55:00,Stormy,Medium ,scooter ,Metropolitian ,125,Jewelry
unme940188239,37,4.5,23.371292,85.327872,23.461292,85.417872,2022-04-06,20:25:00,20:30:00,Stormy,Jam ,scooter ,Urban ,150,Sports
isvi284516546,29,4.7,11.026117,76.944652,11.046117,76.964652,2022-03-07,09:30:00,09:35:00,Sunny,Low ,motorcycle ,Urban ,70,Home
bjnp402603206,20,5.0,12.933298,77.614293,12.963298,77.644293,2022-03-26,23:30:00,23:40:00,Fog,Low ,motorcycle ,Metropolitian ,65,Electronics
ansz378204208,35,4.7,12.935662,77.61413,12.945662,77.62413,2022-03-01,11:45:00,11:50:00,Fog,High ,scooter ,Metropolitian ,170,Pet Supplies
bvlp561835698,39,4.5,26.913483,75.803139,26.933483,75.823139,2022-03-07,09:15:00,09:30:00,Stormy,Low ,van,Urban ,140,Snacks
xepf974447018,29,4.3,21.186884,72.793616,21.196884,72.803616,2022-03-15,10:55:00,11:05:00,Windy,Low ,motorcycle ,Metropolitian ,110,Home
pbbi310882791,26,4.7,13.066762,80.251865,13.086762,80.271865,2022-03-28,09:50:00,10:05:00,Stormy,Low ,scooter ,Metropolitian ,85,Skincare
bhyf364527855,36,5.0,26.911927,75.797282,26.951927,75.837282,2022-03-17,14:30:00,14:40:00,Stormy,High ,scooter ,Urban ,125,Skincare
sdyl050084098,31,4.9,30.372202,78.077151,30.502202,78.207151,2022-02-16,21:20:00,21:25:00,Sunny,Jam ,scooter ,Urban ,125,Snacks
ahvd715112600,36,4.8,13.029198,77.570997,13.139198,77.680997,2022-03-04,21:40:00,21:50:00,Stormy,Jam ,motorcycle ,Metropolitian ,220,Clothing
rhaa268945916,39,5.0,23.359194,85.325447,23.399194,85.365447,2022-03-11,12:25:00,12:35:00,Fog,High ,motorcycle ,Urban ,145,Home
guzl972611481,22,4.9,26.90294,75.793007,26.91294,75.803007,2022-04-01,10:40:00,10:50:00,Stormy,Low ,scooter ,Urban ,80,Sports
lyrg933676148,38,,23.266261,77.379605,23.376261,77.489605,2022-02-16,17:40:00,17:55:00,Sandstorms,Medium ,motorcycle ,Metropolitian ,190,Books
hptj156439251,34,4.6,11.026117,76.944652,11.136117,77.054652,2022-03-14,18:40:00,18:50:00,Sunny,Medium ,motorcycle ,Metropolitian ,155,Clothing
vfyu808089579,39,4.6,12.933298,77.614293,12.973298,77.654293,2022-03-15,14:25:00,14:30:00,Fog,High ,motorcycle ,Metropolitian ,150,Apparel
ivpy716860823,35,4.7,11.024839,77.007003,11.054839,77.037003,2022-03-05,20:30:00,20:35:00,Sunny,Jam ,scooter ,Urban ,90,Jewelry
keqn544644977,20,4.5,22.53796,88.349843,22.55796,88.369843,2022-02-15,08:20:00,08:35:00,Stormy,Low ,motorcycle ,Metropolitian ,70,Toys
idmn519481832,22,4.7,12.933284,77.615428,13.023284,77.705428,2022-03-02,21:10:00,21:25:00,Sandstorms,Jam ,motorcycle ,Metropolitian ,145,Home
wkqc372408205,21,4.7,0.0,0.0,0.07,0.07,2022-04-02,17:30:00,17:35:00,Sunny,Medium ,scooter ,Metropolitian ,65,Snacks
yiwi829535321,32,4.8,0.0,0.0,0.01,0.01,2022-02-15,10:40:00,10:45:00,Stormy,Low ,scooter ,Metropolitian ,115,Sports
otjc389454847,26,4.0,21.173343,72.792731,21.203343,72.822731,2022-03-15,23:10:00,23:15:00,Windy,Low ,motorcycle ,Urban ,100,Shoes
wasq062519140,31,4.9,17.428294,78.404423,17.478294,78.454423,2022-03-15,22:40:00,22:50:00,Sandstorms,Low ,scooter ,Metropolitian ,120,Electronics
lgnp677263436,32,5.0,0.0,0.0,0.11,0.11,2022-03-18,21:20:00,21:35:00,Cloudy,Jam ,motorcycle ,Metropolitian ,200,Sports
htyd073799235,39,4.1,23.357804,85.325146,23.397804,85.365146,2022-03-03,13:20:00,13:30:00,Cloudy,High ,scooter ,Metropolitian ,165,Jewelry
vxjy380300028,25,4.5,18.636215,73.751081,18.656215,73.771081,2022-03-09,11:35:00,11:40:00,Sunny,High ,scooter ,Urban ,85,Electronics
vfsf371939850,23,4.8,18.592718,73.773572,18.672718,73.853572,2022-03-08,21:50:00,21:55:00,Sandstorms,Jam ,van,Urban ,105,Skincare
xpwv450211365,33,4.2,13.026279,80.174568,13.136279,80.284568,2022-03-20,18:40:00,18:50:00,Sandstorms,Medium ,motorcycle ,Metropolitian ,195,Cosmetics
yojl357987900,36,3.7,19.221315,72.862381,19.311315,72.952381,2022-03-27,21:40:00,21:45:00,Stormy,Jam ,scooter ,Metropolitian ,42,Grocery
vxjl752615371,24,4.9,18.546258,73.904337,18.586258,73.944337,2022-03-01,12:50:00,12:55:00,Stormy,High ,motorcycle ,Other,10,Grocery
kzzt094632827,21,4.9,21.149834,72.778666,21.209834,72.838666,2022-03-11,22:55:00,23:00:00,Windy,Low ,scooter ,Metropolitian ,55,Pet Supplies
lomm163229706,35,4.0,11.008638,76.984311,11.018638,76.994311,2022-03-07,11:40:00,11:50:00,Stormy,High ,motorcycle ,Metropolitian ,155,Sports
vwpn749032683,39,4.9,12.325461,76.632278,12.355461,76.662278,2022-04-01,17:45:00,18:00:00,Cloudy,Medium ,van,Metropolitian ,85,Sports
vzah230168071,23,4.6,22.311844,73.165081,22.421844,73.275081,2022-03-27,20:00:00,20:05:00,Fog,Jam ,motorcycle ,Metropolitian ,43,Grocery
vahe867813239,22,4.6,21.149569,72.772697,21.179569,72.802697,2022-04-01,17:15:00,17:20:00,Sandstorms,Medium ,van,Metropolitian ,100,Shoes
byex291572480,34,4.4,26.474986,80.342796,26.554986,80.422796,2022-02-12,23:25:00,23:35:00,Fog,Low ,motorcycle ,Urban ,175,Books
prxt350914923,23,4.5,25.450377,81.834236,25.530377,81.914236,2022-02-16,21:00:00,21:10:00,Cloudy,Jam ,motorcycle ,Metropolitian ,180,Skincare
ycic663501714,30,4.5,17.433809,78.386744,17.563809,78.516744,2022-03-25,18:00:00,18:05:00,Cloudy,Medium ,motorcycle ,Metropolitian ,180,Clothing
psgf078436224,21,5.0,26.846156,75.8023,26.926156,75.8823,2022-03-10,20:00:00,20:10:00,Sunny,Jam ,motorcycle ,Metropolitian ,110,Apparel
ypgn276543868,37,4.9,21.175975,72.795503,21.195975,72.815503,2022-03-26,10:25:00,10:35:00,Sandstorms,Low ,scooter ,Metropolitian ,140,Outdoors
hoan062783571,39,4.6,19.176269,72.836721,19.306269,72.966721,2022-03-14,22:25:00,22:35:00,Sandstorms,Low ,motorcycle ,Metropolitian ,110,Apparel
arwt859957310,22,4.7,13.086438,80.220672,13.176438,80.310672,2022-03-27,22:50:00,22:55:00,Fog,Low ,scooter ,Other,125,Electronics
jpph204154275,36,4.9,11.003008,76.97544,11.023008,76.99544,2022-03-15,09:35:00,09:45:00,Sunny,Low ,motorcycle ,Urban ,65,Sports
hkzk837595639,38,3.7,22.760072,75.892574,22.850072,75.982574,2022-03-23,22:00:00,22:15:00,Sandstorms,Jam ,scooter ,Metropolitian ,38,Grocery
ptge188839615,33,4.8,23.355164,85.324097,23.365164,85.334097,2022-03-17,09:35:00,09:40:00,Sunny,Low ,van,Metropolitian ,60,Outdoors
ktnn774883582,33,4.3,12.299524,76.64262,12.409524,76.75262,2022-03-20,17:55:00,18:00:00,Stormy,Medium ,motorcycle ,Urban ,175,Jewelry
nzoh919168949,37,4.6,12.972793,80.249982,13.052793,80.329982,2022-03-10,00:00:00,00:15:00,Fog,Low ,motorcycle ,Metropolitian ,215,Electronics
fugi485955341,32,4.4,26.911927,75.797282,27.021927,75.907282,2022-04-06,21:00:00,21:15:00,Windy,Jam ,motorcycle ,Metropolitian ,205,Apparel
aurm455434146,25,4.5,0.0,0.0,0.07,0.07,2022-03-08,23:20:00,23:35:00,Fog,Low ,motorcycle ,Metropolitian ,120,Shoes
cycl984527050,27,4.5,19.207222,72.972281,19.257222,73.022281,2022-03-11,21:40:00,21:45:00,Cloudy,Jam ,motorcycle ,Metropolitian ,26,Grocery
xmhw628113902,33,5.0,12.304569,76.643622,12.374569,76.713622,2022-03-29,18:50:00,19:00:00,Sunny,Medium ,scooter ,Urban ,135,Apparel
rmfa260351762,20,4.8,26.914142,75.805704,27.044142,75.935704,2022-03-20,22:00:00,22:10:00,Sunny,Jam ,scooter ,Metropolitian ,75,Home
vojy339001869,37,4.7,0.0,0.0,0.07,0.07,2022-03-20,17:55:00,18:10:00,Stormy,Medium ,motorcycle ,Metropolitian ,200,Books
cppg922371579,37,4.7,26.913483,75.803139,27.023483,75.913139,2022-03-14,17:30:00,17:40:00,Fog,Medium ,scooter ,Metropolitian ,180,Toys
jera991156417,27,5.0,22.751857,75.866699,22.841857,75.956699,2022-03-04,20:10:00,20:20:00,Stormy,Jam ,motorcycle ,Metropolitian ,135,Electronics
tfwz969637272,34,4.7,12.337978,76.616792,12.377978,76.656792,2022-03-28,14:45:00,15:00:00,Cloudy,High ,scooter ,Metropolitian ,135,Outdoors
fwit645178733,38,4.3,19.178321,72.834715,19.208321,72.864715,2022-03-21,23:45:00,00:00:00,Windy,Low ,motorcycle ,Urban ,120,Jewelry
irbh780535559,28,4.9,18.592718,73.773572,18.662718,73.843572,2022-03-20,19:40:00,19:50:00,Windy,Jam ,motorcycle ,Metropolitian ,110,Kitchen
cypd090912699,28,4.8,26.911378,75.789034,26.961378,75.839034,2022-03-09,20:30:00,20:45:00,Sunny,Jam ,scooter ,Metropolitian ,70,Kitchen
rile549709896,22,4.6,21.149834,72.778666,21.199834,72.828666,2022-03-24,17:10:00,17:15:00,Fog,Medium ,scooter ,Metropolitian ,60,Jewelry
amxx408801688,26,4.7,12.913041,77.683237,13.043041,77.813237,2022-04-02,21:45:00,21:50:00,Windy,Jam ,scooter ,Urban ,80,Shoes
vbdj936383172,34,5.0,23.359033,85.325347,23.489033,85.455347,2022-03-12,19:25:00,19:35:00,Sunny,Jam ,motorcycle ,Metropolitian ,130,Jewelry
rggz585513299,26,4.8,12.978453,77.643685,13.028453,77.693685,2022-03-28,20:55:00,21:10:00,Stormy,Jam ,motorcycle ,Metropolitian ,95,Jewelry
oxrc039858534,20,4.6,0.0,0.0,0.07,0.07,2022-02-18,19:40:00,19:45:00,Fog,Jam ,motorcycle ,Metropolitian ,200,Books
fvla222459032,39,4.6,0.0,0.0,0.06,0.06,2022-03-13,20:15:00,20:30:00,Cloudy,Jam ,van,Metropolitian ,175,Shoes
hbjn630928381,27,5.0,12.986047,80.218114,13.006047,80.238114,2022-03-09,10:00:00,10:05:00,Fog,Low ,scooter ,Urban ,60,Pet Supplies
pfih393181670,21,3.8,13.005801,80.250744,13.025801,80.270744,2022-03-07,11:15:00,11:20:00,Sunny,High ,motorcycle ,Metropolitian ,245,Home
czro097430066,21,2.6,0.0,0.0,0.08,0.08,2022-02-16,23:30:00,23:35:00,Sunny,Low ,motorcycle ,Metropolitian ,34,Grocery
jbis906868203,36,4.6,18.533811,73.899315,18.623811,73.989315,2022-03-14,22:15:00,22:25:00,Sandstorms,Low ,motorcycle ,Urban ,105,Toys
oupm840106851,20,4.9,17.431668,78.408321,17.541668,78.518321,2022-03-25,20:30:00,20:45:00,Fog,Jam ,motorcycle ,Metropolitian ,200,Sports
xibd761176090,20,4.6,12.978453,77.643685,13.048453,77.713685,2022-04-02,19:15:00,19:20:00,Sunny,Jam ,motorcycle ,Metropolitian ,28,Grocery
apzs868462202,37,4.8,22.569358,88.433452,22.609358,88.473452,2022-02-17,15:15:00,15:30:00,Stormy,Medium ,scooter ,Urban ,165,Cosmetics
zinp225144766,20,4.6,23.416792,85.316842,23.446792,85.346842,2022-03-01,19:50:00,20:00:00,Windy,Jam ,motorcycle ,Metropolitian ,50,Snacks
xcvz397386033,34,4.7,19.12663,72.829976,19.21663,72.919976,2022-03-08,20:35:00,20:40:00,Fog,Jam ,motorcycle ,Metropolitian ,270,Jewelry
suaj690027531,20,4.6,13.027018,80.254791,13.047018,80.274791,2022-03-03,08:20:00,08:25:00,Windy,Low ,scooter ,Metropolitian ,90,Toys
khyk195788232,24,4.6,19.22384,72.841347,19.25384,72.871347,2022-03-05,18:10:00,18:25:00,Fog,Medium ,scooter ,Metropolitian ,85,Skincare
bcps656935249,26,4.8,18.520016,73.830547,18.580016,73.890547,2022-03-24,22:15:00,22:25:00,Stormy,Low ,scooter ,Metropolitian ,95,Jewelry
hvbr965160771,23,4.9,26.910262,75.783013,27.050262,75.923013,2022-03-06,18:30:00,18:35:00,Windy,Medium ,motorcycle ,Metropolitian ,120,Cosmetics
zxws819422530,34,4.5,30.895204,75.822103,30.925204,75.852103,2022-02-11,18:00:00,18:10:00,Fog,Medium ,motorcycle ,Metropolitian ,80,Outdoors
wfjo547081754,26,5.0,26.913483,75.803139,26.923483,75.813139,2022-03-26,09:10:00,09:20:00,Cloudy,Low ,scooter ,Urban ,60,Skincare
nagm951442054,23,4.6,13.081878,80.248519,13.131878,80.298519,2022-03-17,21:15:00,21:30:00,Sunny,Jam ,scooter ,Urban ,95,Clothing
ppvs141105514,27,4.7,22.526461,88.364453,22.596461,88.434453,2022-02-14,21:40:00,21:50:00,Sunny,Jam ,scooter ,Metropolitian ,80,Pet Supplies
ghmv632322862,36,4.7,23.355164,85.324097,23.375164,85.344097,2022-03-01,09:40:00,09:50:00,Fog,Low ,scooter ,Metropolitian ,75,Kitchen
aesz434858378,37,4.6,21.160437,72.774209,21.180437,72.794209,2022-03-09,12:00:00,12:15:00,Cloudy,High ,motorcycle ,Metropolitian ,140,Kitchen
guta159966116,22,4.3,0.0,0.0,0.04,0.04,2022-02-13,14:50:00,15:00:00,Sunny,High ,motorcycle ,Metropolitian ,54,Grocery
esxe643520831,34,4.5,9.985497,76.276999,10.065497,76.356999,2022-02-18,20:25:00,20:40:00,Fog,Jam ,motorcycle ,Metropolitian ,215,Apparel
qkbk117892515,29,4.8,12.321214,76.621094,12.411214,76.711094,2022-04-02,22:00:00,22:15:00,Fog,Jam ,motorcycle ,Metropolitian ,230,Books
vdyu945502743,37,4.9,21.175975,72.795503,21.265975,72.885503,2022-04-06,23:30:00,23:35:00,Cloudy,Low ,van,Metropolitian ,130,Books
qpps707970393,25,4.9,18.520016,73.830547,18.630016,73.940547,2022-03-06,20:10:00,20:15:00,Windy,Jam ,scooter ,Urban ,135,Jewelry
yeyz996843753,36,4.6,30.893384,75.821202,30.943384,75.871202,2022-02-17,18:30:00,18:40:00,Cloudy,Medium ,motorcycle ,Urban ,95,Cosmetics
vnac239775226,34,3.5,26.914142,75.805704,27.044142,75.935704,2022-03-14,23:15:00,23:30:00,Fog,Low ,motorcycle ,Urban ,180,Skincare
pauq533932954,31,4.6,12.323225,76.630028,12.343225,76.650028,2022-03-26,10:45:00,10:55:00,Cloudy,Low ,scooter ,Metropolitian ,90,Electronics
klfh411192994,28,4.4,19.1093,72.825451,19.1193,72.835451,2022-03-17,09:00:00,09:15:00,Windy,Low ,motorcycle ,Metropolitian ,80,Shoes
btrz357106634,38,4.6,0.0,0.0,0.02,0.02,2022-03-21,10:40:00,10:50:00,Cloudy,Low ,van,Metropolitian ,80,Kitchen
efxb322930839,32,4.9,18.533811,73.899315,18.643811,74.009315,2022-03-23,18:20:00,18:35:00,Sunny,Medium ,motorcycle ,Metropolitian ,125,Electronics
uyid942578627,25,4.9,13.058616,80.264151,13.138616,80.344151,2022-03-02,21:45:00,21:50:00,Fog,Jam ,motorcycle ,Metropolitian ,215,Skincare
ijub023209285,21,4.5,21.175975,72.795503,21.305975,72.925503,2022-03-16,19:25:00,19:35:00,Sunny,Jam ,motorcycle ,Urban ,75,Cosmetics
twdu623439259,27,4.7,30.335259,78.053162,30.475259,78.193162,2022-02-18,22:20:00,22:30:00,Stormy,Low ,motorcycle ,Metropolitian ,19,Grocery
dnto049997897,39,4.6,22.569358,88.433452,22.699358,88.563452,2022-02-16,23:35:00,23:50:00,Stormy,Low ,motorcycle ,Metropolitian ,135,Pet Supplies
rljq413830625,31,4.4,22.695207,75.866059,22.755207,75.926059,2022-03-28,21:40:00,21:55:00,Stormy,Jam ,motorcycle ,Metropolitian ,230,Kitchen
bjwu543163196,38,4.6,21.160522,72.771477,21.170522,72.781477,2022-03-15,08:35:00,08:45:00,Sandstorms,Low ,van,Metropolitian ,115,Snacks
xsuc749889780,27,4.5,13.049645,80.242268,13.179645,80.372268,2022-03-10,18:45:00,19:00:00,Sandstorms,Medium ,motorcycle ,Urban ,80,Home
dglo017356762,50,6.0,-12.975377,-77.696664,13.015377,77.736664,2022-03-01,NaN ,13:55:00,,NaN ,van,Metropolitian ,75,Cosmetics
tlrb544268979,22,5.0,23.351489,85.324253,23.461489,85.434253,2022-03-31,22:00:00,22:15:00,Cloudy,Jam ,scooter ,Metropolitian ,150,Home
tmek673494522,38,4.8,22.722634,75.886959,22.732634,75.896959,2022-03-11,10:10:00,10:25:00,Fog,Low ,scooter ,Metropolitian ,90,Kitchen
ouxp951287803,21,4.9,21.186884,72.793616,21.316884,72.923616,2022-03-06,17:40:00,17:55:00,Stormy,Medium ,motorcycle ,Metropolitian ,120,Snacks
thgh378247954,23,4.9,12.981615,80.231598,13.021615,80.271598,2022-03-30,16:35:00,16:40:00,Fog,Medium ,motorcycle ,Urban ,55,Home
sduu202461461,32,4.9,15.561295,73.749478,15.621295,73.809478,2022-02-13,21:55:00,22:00:00,Sunny,Jam ,motorcycle ,Other,95,Apparel
xjra026543133,34,4.6,18.51421,73.838429,18.64421,73.968429,2022-03-14,23:35:00,23:50:00,Windy,Low ,scooter ,Metropolitian ,125,Outdoors
znfg885029502,20,4.7,21.157729,72.768726,21.167729,72.778726,2022-03-21,10:40:00,10:45:00,Windy,Low ,scooter ,Urban ,90,Home
zwod008426001,24,4.7,11.001753,76.986241,11.041753,77.026241,2022-03-19,13:45:00,13:55:00,Sunny,High ,scooter ,Urban ,70,Home
jkaj699169919,38,4.9,22.311844,73.165081,22.401844,73.255081,2022-03-04,22:15:00,22:30:00,Stormy,Low ,scooter ,Metropolitian ,115,Books
pyrk818183260,26,4.9,11.02091,76.940432,11.07091,76.990432,2022-03-07,18:15:00,18:25:00,Sandstorms,Medium ,scooter ,Urban ,140,Jewelry
ynzs644855808,37,4.8,26.913483,75.803139,27.003483,75.893139,2022-03-12,17:45:00,17:50:00,Cloudy,Medium ,scooter ,Metropolitian ,155,Kitchen
gryj798484498,35,4.5,17.433809,78.386744,17.503809,78.456744,2022-03-04,18:00:00,18:10:00,Sunny,Medium ,scooter ,Metropolitian ,145,Toys
bzfn078707248,22,4.1,11.02091,76.940432,11.05091,76.970432,2022-03-19,22:20:00,22:25:00,Stormy,Low ,motorcycle ,Urban ,95,Shoes
qhey254348005,32,4.3,22.308096,73.167753,22.348096,73.207753,2022-03-26,14:25:00,14:30:00,Sandstorms,High ,motorcycle ,Other,165,Books
lqsd265723435,39,4.6,22.727021,75.884167,22.757021,75.914167,2022-03-21,21:00:00,21:10:00,Fog,Jam ,motorcycle ,Metropolitian ,140,Books
lych025043240,34,4.8,11.010375,76.95295,11.070375,77.01295,2022-04-05,21:50:00,21:55:00,Windy,Jam ,motorcycle ,Metropolitian ,25,Grocery
rcwk731885608,23,4.6,0.0,0.0,0.06,0.06,2022-03-03,19:00:00,19:05:00,Cloudy,Medium ,scooter ,Urban ,80,Shoes
kadi724704387,37,4.9,17.431668,78.408321,17.541668,78.518321,2022-03-16,18:30:00,18:45:00,Fog,Medium ,motorcycle ,Metropolitian ,180,Electronics
ivbz200923228,27,4.6,30.899992,75.831338,30.959992,75.891338,2022-02-15,22:15:00,22:25:00,Sandstorms,Low ,motorcycle ,Metropolitian ,85,Clothing
dwbj696634532,25,4.7,0.0,0.0,0.09,0.09,2022-02-12,22:20:00,22:30:00,Sandstorms,Low ,scooter ,Metropolitian ,18,Grocery
rczo851227170,38,4.8,10.028047,76.310019,10.118047,76.400019,2022-02-18,23:35:00,23:50:00,Windy,Low ,motorcycle ,Urban ,115,Electronics
yqvo896636303,36,4.1,22.311844,73.165081,22.321844,73.175081,2022-03-15,09:50:00,10:05:00,Sandstorms,Low ,motorcycle ,Urban ,130,Home
abbl160066286,26,4.9,19.875337,75.316722,19.965337,75.406722,2022-02-18,17:15:00,17:30:00,Cloudy,Medium ,motorcycle ,Metropolitian ,200,Toys
mgoy906105097,36,4.8,18.539299,73.897902,18.649299,74.007902,2022-04-06,20:40:00,20:45:00,Windy,Jam ,scooter ,Metropolitian ,150,Skincare
mwdi880567606,32,4.3,11.001852,76.976268,11.051852,77.026268,2022-04-05,22:20:00,22:25:00,Windy,Low ,motorcycle ,Urban ,125,Skincare
okfb819349631,38,4.6,21.175104,72.804342,21.185104,72.814342,2022-03-05,08:20:00,08:35:00,Fog,Low ,motorcycle ,Metropolitian ,90,Pet Supplies
rwfh831366769,36,4.1,26.469003,80.316344,26.549003,80.396344,2022-02-18,18:50:00,19:00:00,Cloudy,Medium ,motorcycle ,Urban ,155,Pet Supplies
blfn083779236,26,4.6,23.351058,85.325731,23.401058,85.375731,2022-03-03,17:45:00,17:50:00,Windy,Medium ,motorcycle ,Urban ,145,Apparel
fxge197174297,37,4.9,30.895817,75.813112,30.985817,75.903112,2022-02-14,21:20:00,21:25:00,Stormy,Jam ,scooter ,Metropolitian ,125,Toys
qhee991170213,31,4.9,12.323194,76.630583,12.343194,76.650583,2022-04-03,11:25:00,11:40:00,Fog,High ,motorcycle ,Metropolitian ,160,Books
rmdo346278856,32,4.7,-22.514585,88.39331,22.554585,88.43331,2022-02-15,16:15:00,16:25:00,Stormy,Medium ,motorcycle ,Metropolitian ,32,Grocery
qgly557953537,38,5.0,9.970717,76.285447,10.030717,76.345447,2022-02-15,20:55:00,21:10:00,Sandstorms,Jam ,scooter ,Metropolitian ,150,Home
ecar986766144,31,4.8,25.457116,81.859682,25.537116,81.939682,2022-02-12,22:10:00,22:20:00,Sunny,Low ,scooter ,Metropolitian ,145,Apparel
nifs704126107,26,4.6,15.51315,73.78346,15.52315,73.79346,2022-02-11,09:40:00,09:50:00,Cloudy,Low ,scooter ,Metropolitian ,50,Clothing
fvvj624892976,27,4.8,13.026286,80.275235,13.066286,80.315235,2022-03-13,15:15:00,15:20:00,Stormy,Medium ,scooter ,Urban ,105,Books
ejon346358593,24,4.7,23.351058,85.325731,23.371058,85.345731,2022-03-19,11:50:00,12:05:00,Fog,High ,motorcycle ,Metropolitian ,135,Electronics
qtxk308011855,22,4.6,13.026279,80.174568,13.116279,80.264568,2022-03-31,19:45:00,19:55:00,Fog,Jam ,motorcycle ,Metropolitian ,235,Clothing
urzq647661943,27,4.8,18.569156,73.774723,18.589156,73.794723,2022-04-01,09:55:00,10:10:00,Fog,Low ,motorcycle ,Metropolitian ,65,Electronics
oqht557096108,32,4.6,13.049645,80.242268,13.139645,80.332268,2022-03-16,17:35:00,17:45:00,Cloudy,Medium ,scooter ,Urban ,195,Shoes
soat723921966,24,4.6,12.972793,80.249982,13.102793,80.379982,2022-03-20,21:35:00,21:45:00,Windy,Jam ,van,Urban ,95,Skincare
uknr264746965,23,4.6,11.022298,76.998349,11.062298,77.038349,2022-03-21,15:20:00,15:25:00,Fog,Medium ,motorcycle ,Metropolitian ,140,Jewelry
mfol662804540,26,4.8,12.933298,77.614293,13.013298,77.694293,2022-03-27,19:30:00,19:40:00,Cloudy,Jam ,motorcycle ,Metropolitian ,215,Home
wojx394810087,27,4.9,17.411028,78.329645,17.441028,78.359645,2022-04-03,23:40:00,23:50:00,Windy,Low ,motorcycle ,Metropolitian ,90,Books
ghav568289936,30,4.7,12.981615,80.231598,13.051615,80.301598,2022-04-02,17:25:00,17:30:00,Sunny,Medium ,motorcycle ,Urban ,120,Pet Supplies
oahr425519029,31,4.9,22.651847,75.881991,22.711847,75.941991,2022-03-21,23:00:00,23:05:00,Cloudy,Low ,scooter ,Metropolitian ,90,Outdoors
llnx989721586,31,4.7,12.323225,76.630028,12.453225,76.760028,2022-03-16,18:40:00,18:50:00,Cloudy,Medium ,scooter ,Metropolitian ,185,Sports
htug427811289,33,5.0,23.218998,77.373573,23.228998,77.383573,2022-02-17,10:00:00,10:15:00,Fog,Low ,motorcycle ,Metropolitian ,105,Skincare
snlj639141549,24,4.8,19.1093,72.825451,19.1893,72.905451,2022-04-04,17:15:00,17:20:00,Windy,Medium ,van,Metropolitian ,95,Cosmetics
yioq766110541,30,4.9,18.516216,73.842527,18.646216,73.972527,2022-03-23,19:10:00,19:20:00,Sunny,Jam ,scooter ,Metropolitian ,100,Pet Supplies
bvrg686620414,21,4.8,26.891191,75.802083,26.951191,75.862083,2022-03-26,20:45:00,20:55:00,Stormy,Jam ,motorcycle ,Urban ,95,Toys
jhfr462750103,36,4.3,21.160437,72.774209,21.170437,72.784209,2022-03-09,09:35:00,09:50:00,Stormy,Low ,motorcycle ,Metropolitian ,160,Home
jugh670288503,32,4.8,21.170096,72.789122,21.180096,72.799122,2022-03-09,08:20:00,08:25:00,Stormy,Low ,motorcycle ,Urban ,125,Electronics
nycg141300059,26,4.2,12.933284,77.615428,13.063284,77.745428,2022-03-29,22:00:00,22:05:00,Sandstorms,Jam ,motorcycle ,Metropolitian ,195,Jewelry
fuka008179771,31,4.6,13.026286,80.275235,13.066286,80.315235,2022-03-28,16:45:00,16:50:00,Windy,Medium ,motorcycle ,Urban ,130,Skincare
bsdr527261678,38,4.7,21.149834,72.778666,21.189834,72.818666,2022-03-15,14:10:00,14:25:00,Windy,High ,motorcycle ,Urban ,165,Snacks
olcn134383369,20,4.8,27.160934,78.044095,27.270934,78.154095,2022-02-18,22:35:00,22:50:00,Windy,Low ,motorcycle ,Metropolitian ,100,Books
wnno574484941,25,4.9,23.369746,85.33982,23.459746,85.42982,2022-03-31,22:10:00,22:25:00,Sandstorms,Low ,scooter ,Urban ,60,Pet Supplies
xhnj966537292,21,4.6,15.56155,73.749092,15.64155,73.829092,2022-02-14,19:25:00,19:30:00,Sandstorms,Jam ,motorcycle ,Metropolitian ,140,Shoes
vybu380667468,27,4.8,18.543626,73.905101,18.673626,74.035101,2022-03-12,22:25:00,22:30:00,Cloudy,Low ,motorcycle ,Metropolitian ,140,Cosmetics
jota610076110,35,4.5,19.876994,75.372353,19.916994,75.412353,2022-02-17,16:45:00,16:55:00,Sunny,Medium ,motorcycle ,Urban ,105,Books
yivd042292257,36,4.7,19.1813,72.836191,19.2713,72.926191,2022-03-06,20:35:00,20:45:00,Fog,Jam ,motorcycle ,Urban ,225,Pet Supplies
lncj485530061,24,4.3,11.003669,76.976494,11.083669,77.056494,2022-03-02,19:50:00,20:05:00,Sandstorms,Jam ,motorcycle ,Metropolitian ,170,Pet Supplies
cqxs433155849,34,4.0,12.979096,77.640625,12.999096,77.660625,2022-03-19,09:40:00,09:50:00,Stormy,Low ,motorcycle ,Urban ,150,Clothing
gunj378967999,35,4.7,19.120083,72.907385,19.210083,72.997385,2022-04-02,17:10:00,17:25:00,Windy,Medium ,scooter ,Metropolitian ,115,Sports
utef684435368,29,5.0,18.51421,73.838429,18.53421,73.858429,2022-03-26,08:55:00,09:05:00,Sunny,Low ,motorcycle ,Metropolitian ,95,Pet Supplies
hqvf403483482,28,4.7,17.430448,78.418213,17.480448,78.468213,2022-03-30,18:35:00,18:40:00,Fog,Medium ,motorcycle ,Metropolitian ,60,Home
irbb388603669,32,4.7,26.956431,75.776649,27.096431,75.916649,2022-04-04,23:30:00,23:45:00,Windy,Low ,scooter ,Metropolitian ,125,Sports
fnlw023246829,26,4.7,27.163303,78.057044,27.303303,78.197044,2022-02-18,20:20:00,20:25:00,Stormy,Jam ,van,Metropolitian ,80,Jewelry
ofmo373900760,39,4.8,0.0,0.0,0.06,0.06,2022-04-05,21:00:00,21:05:00,Sunny,Jam ,scooter ,Urban ,105,Jewelry
jazu902070207,38,3.6,15.556561,73.763633,15.646561,73.853633,2022-02-18,20:40:00,20:55:00,Stormy,Jam ,scooter ,Urban ,165,Cosmetics
hsik306154274,34,4.5,21.170096,72.789122,21.190096,72.809122,2022-03-03,08:10:00,08:20:00,Cloudy,Low ,motorcycle ,Metropolitian ,85,Clothing
azwr946717321,36,4.1,11.006686,76.951736,11.116686,77.061736,2022-03-31,19:00:00,19:05:00,Stormy,Medium ,van,Metropolitian ,165,Shoes
hlvu720146176,22,4.8,21.185047,72.80859,21.315047,72.93859,2022-03-02,18:00:00,18:15:00,Sandstorms,Medium ,motorcycle ,Metropolitian ,160,Jewelry
ixxk226123953,37,5.0,22.745049,75.892471,22.795049,75.942471,2022-03-03,00:00:00,00:10:00,Sunny,Low ,scooter ,Urban ,85,Shoes
tlpw634103887,29,5.0,19.120083,72.907385,19.210083,72.997385,2022-03-23,21:00:00,21:05:00,Fog,Jam ,motorcycle ,Metropolitian ,240,Jewelry
ngrv516139411,32,4.7,15.506205,73.766668,15.516205,73.776668,2022-02-15,11:55:00,12:10:00,Sandstorms,High ,scooter ,Urban ,140,Books
omwf443744564,38,4.0,12.337928,76.617889,12.347928,76.627889,2022-03-09,12:00:00,12:10:00,Sandstorms,High ,scooter ,Metropolitian ,165,Electronics
bzri223141810,33,4.5,22.308096,73.167753,22.368096,73.227753,2022-03-09,19:30:00,19:35:00,Sandstorms,Jam ,motorcycle ,Metropolitian ,125,Apparel
puvp394107947,24,4.7,17.430448,78.418213,17.500448,78.488213,2022-03-02,21:50:00,22:05:00,Sunny,Jam ,motorcycle ,Metropolitian ,75,Electronics
evds242743220,35,3.7,26.483042,80.317833,26.623042,80.457833,2022-02-18,23:55:00,00:00:00,Cloudy,Low ,scooter ,Metropolitian ,170,Shoes
vdkq118604477,35,4.6,26.766536,75.837333,26.816536,75.887333,2022-04-05,18:55:00,19:10:00,Windy,Medium ,motorcycle ,Metropolitian ,170,Books
uvkq365817775,25,4.7,11.008638,76.984311,11.118638,77.094311,2022-03-02,22:50:00,23:00:00,Stormy,Low ,motorcycle ,Metropolitian ,90,Toys
tsba769860354,30,4.7,26.473698,80.352677,26.553698,80.432677,2022-02-14,18:10:00,18:25:00,Cloudy,Medium ,motorcycle ,Urban ,180,Skincare
lmez010960510,28,4.2,18.994049,72.825203,19.014049,72.845203,2022-03-28,10:10:00,10:20:00,Sandstorms,Low ,motorcycle ,Metropolitian ,75,Electronics
bplp448802662,34,4.8,26.479108,80.315042,26.539108,80.375042,2022-02-15,21:00:00,21:15:00,Cloudy,Jam ,motorcycle ,Metropolitian ,145,Electronics
xopw117701985,38,4.9,11.025083,77.015393,11.135083,77.125393,2022-03-23,17:55:00,18:05:00,Cloudy,Medium ,motorcycle ,Metropolitian ,215,Cosmetics
oicn735141864,32,4.7,0.0,0.0,0.13,0.13,2022-03-14,22:50:00,22:55:00,Cloudy,Low ,scooter ,Metropolitian ,145,Shoes
cber001825569,22,4.6,9.959778,76.296106,10.049778,76.386106,2022-02-12,18:30:00,18:40:00,Windy,Medium ,motorcycle ,Metropolitian ,170,Pet Supplies
drcr835765083,20,4.7,12.304569,76.643622,12.434569,76.773622,2022-03-06,20:30:00,20:40:00,Sunny,Jam ,motorcycle ,Metropolitian ,135,Books
outw576225591,31,4.6,26.90294,75.793007,26.98294,75.873007,2022-04-06,22:40:00,22:50:00,Cloudy,Low ,scooter ,Metropolitian ,135,Pet Supplies
nplz786278633,28,4.7,23.416792,85.316842,23.436792,85.336842,2022-03-01,11:40:00,11:55:00,Stormy,High ,scooter ,Metropolitian ,140,Shoes
fkzs209619227,23,4.7,22.725835,75.887648,22.795835,75.957648,2022-03-06,17:15:00,17:30:00,Stormy,Medium ,motorcycle ,Metropolitian ,180,Clothing
irif705995882,22,4.8,23.355164,85.324097,23.385164,85.354097,2022-03-28,21:40:00,21:50:00,Fog,Jam ,scooter ,Metropolitian ,105,Sports
yuks719639431,29,4.9,19.055831,72.833984,19.145831,72.923984,2022-03-25,22:30:00,22:40:00,Stormy,Low ,scooter ,Metropolitian ,90,Kitchen
ciry787978688,27,5.0,11.022298,76.998349,11.052298,77.028349,2022-03-03,22:35:00,22:45:00,Fog,Low ,scooter ,Metropolitian ,65,Books
ozwp093281933,25,4.8,26.911378,75.789034,27.021378,75.899034,2022-03-04,19:50:00,20:05:00,Cloudy,Jam ,motorcycle ,Metropolitian ,45,Grocery
qaot215457347,35,4.6,26.913726,75.75282,26.923726,75.762821,2022-03-30,11:45:00,11:55:00,Fog,High ,scooter ,Metropolitian ,180,Cosmetics
mkct892282698,39,4.9,21.149834,72.778666,21.239834,72.868666,2022-04-06,21:15:00,21:20:00,Sunny,Jam ,scooter ,Metropolitian ,115,Jewelry
lfbj810254476,23,4.8,18.536718,73.830327,18.546719,73.840328,2022-03-26,10:40:00,10:45:00,Sandstorms,Low ,scooter ,Metropolitian ,90,Apparel
kfqc058146340,38,4.5,22.744648,75.894377,22.754648,75.904377,2022-04-03,10:15:00,10:20:00,Cloudy,Low ,motorcycle ,Metropolitian ,100,Books
unnv615308276,23,4.8,23.416792,85.316842,23.506792,85.406842,2022-03-04,23:15:00,23:30:00,Cloudy,Low ,motorcycle ,Metropolitian ,115,Snacks
rowr465133044,36,4.7,26.892312,75.806896,26.902313,75.816896,2022-03-01,08:20:00,08:35:00,Sandstorms,Low ,motorcycle ,Metropolitian ,120,Toys
nfto151329684,32,4.7,13.049645,80.242268,13.109645,80.302268,2022-04-05,21:50:00,22:05:00,Cloudy,Jam ,scooter ,Urban ,130,Home
yitb162658055,34,4.4,22.744648,75.894377,22.804648,75.954377,2022-04-01,20:40:00,20:45:00,Stormy,Jam ,scooter ,Metropolitian ,165,Sports
egla900920063,33,4.6,12.334022,76.618203,12.444022,76.728203,2022-03-12,21:45:00,21:55:00,Fog,Jam ,motorcycle ,Metropolitian ,45,Grocery
tedr917571328,32,4.0,0.0,0.0,0.05,0.05,2022-03-21,19:35:00,19:50:00,Sandstorms,Jam ,scooter ,Metropolitian ,170,Kitchen
jyar773772377,20,4.7,21.175975,72.795503,21.245975,72.865503,2022-03-10,22:20:00,22:25:00,Cloudy,Low ,motorcycle ,Metropolitian ,100,Sports
ipmy885820479,22,4.8,26.471529,80.313458,26.561529,80.403458,2022-02-16,17:15:00,17:30:00,Fog,Medium ,motorcycle ,Metropolitian ,185,Kitchen
lzsj291522114,21,4.0,18.51421,73.838429,18.60421,73.928429,2022-03-14,20:20:00,20:25:00,Sandstorms,Jam ,motorcycle ,Metropolitian ,175,Snacks
doii076870312,25,5.0,19.055831,72.833984,19.145831,72.923984,2022-03-08,19:00:00,19:15:00,Sunny,Medium ,motorcycle ,Metropolitian ,135,Clothing
hmrk681115456,37,4.7,18.994049,72.825203,19.004049,72.835203,2022-03-24,08:25:00,08:40:00,Sandstorms,Low ,van,Metropolitian ,105,Home
zfri003801568,22,4.6,13.029198,77.570997,13.039198,77.580997,2022-03-19,08:20:00,08:30:00,Cloudy,Low ,motorcycle ,Urban ,85,Toys
nhdv949031371,36,4.2,19.131141,72.813074,19.17114,72.853074,2022-04-03,12:55:00,13:10:00,Sandstorms,High ,scooter ,Metropolitian ,165,Pet Supplies
avgu097756763,28,4.8,17.440827,78.393391,17.530827,78.483391,2022-04-04,18:30:00,18:45:00,Sandstorms,Medium ,motorcycle ,Metropolitian ,165,Jewelry
yzts782552718,30,4.3,17.430448,78.418213,17.470448,78.458213,2022-03-30,14:30:00,14:35:00,Cloudy,High ,motorcycle ,Metropolitian ,190,Apparel
plvw593228907,37,4.1,12.98041,77.640489,12.99041,77.650489,2022-03-05,09:20:00,09:30:00,Stormy,Low ,motorcycle ,Metropolitian ,155,Outdoors
nafo018548858,38,4.5,18.592718,73.773572,18.632718,73.813572,2022-03-21,15:55:00,16:00:00,Cloudy,Medium ,scooter ,Metropolitian ,90,Clothing
aoyk047569757,29,4.6,15.561295,73.749478,15.631295,73.819478,2022-02-18,19:10:00,19:20:00,Windy,Jam ,scooter ,Metropolitian ,125,Cosmetics
xehz824263020,20,4.6,10.96185,76.971082,11.05185,77.061082,2022-03-14,20:55:00,21:05:00,Sandstorms,Jam ,scooter ,Urban ,80,Books
pesi372178140,35,4.1,18.563934,73.915367,18.633934,73.985367,2022-03-06,19:00:00,19:15:00,Fog,Medium ,van,Metropolitian ,155,Books
jlww894758183,30,4.3,22.761593,75.886362,22.771593,75.896362,2022-04-01,08:35:00,08:40:00,Sandstorms,Low ,motorcycle ,Metropolitian ,170,Apparel
gcbo009715538,34,4.5,22.760072,75.892574,22.870072,76.002574,2022-03-04,17:45:00,18:00:00,Stormy,Medium ,scooter ,Urban ,125,Shoes
clis964142692,34,4.1,18.994049,72.825203,19.084049,72.915203,2022-04-06,17:25:00,17:40:00,Sandstorms,Medium ,scooter ,Metropolitian ,160,Snacks
mekk257784880,23,4.7,18.554382,73.798206,18.644382,73.888206,2022-03-18,17:10:00,17:25:00,Stormy,Medium ,motorcycle ,Metropolitian ,140,Cosmetics
ttmb063141571,35,4.3,12.906229,77.596791,12.976229,77.666791,2022-03-08,20:25:00,20:40:00,Windy,Jam ,scooter ,Metropolitian ,185,Books
tfkr895169655,23,4.5,23.353783,85.326967,23.433783,85.406967,2022-03-27,23:30:00,23:45:00,Sandstorms,Low ,motorcycle ,Metropolitian ,85,Sports
vjgn555294799,30,4.6,12.978453,77.643685,13.028453,77.693685,2022-03-24,23:40:00,23:45:00,Sandstorms,Low ,scooter ,Metropolitian ,130,Books
lvdu306959646,27,4.6,18.636215,73.751081,18.676215,73.791081,2022-03-28,13:25:00,13:35:00,Sunny,High ,motorcycle ,Metropolitian ,75,Shoes
ureg460251912,20,4.8,22.32,73.17,22.38,73.23,2022-03-13,22:40:00,22:45:00,Stormy,Low ,motorcycle ,Metropolitian ,80,Electronics
uihf828256819,36,4.6,17.411028,78.329645,17.521028,78.439645,2022-04-02,23:20:00,23:25:00,Sandstorms,Low ,van,Metropolitian ,125,Books
nffl999606406,22,4.6,25.459775,81.834841,25.599775,81.974841,2022-02-14,17:10:00,17:20:00,Windy,Medium ,scooter ,Metropolitian ,100,Jewelry
pyci904402968,39,4.7,12.337978,76.616792,12.397978,76.676792,2022-03-30,21:20:00,21:25:00,Sandstorms,Jam ,van,Metropolitian ,150,Pet Supplies
mjyr840124702,29,4.9,17.451976,78.385883,17.491976,78.425883,2022-03-24,12:35:00,12:50:00,Stormy,High ,van,Metropolitian ,115,Shoes
iryt183739846,31,4.7,26.913987,75.752891,27.023987,75.862891,2022-03-02,22:50:00,22:55:00,Stormy,Low ,motorcycle ,Metropolitian ,130,Clothing
dtvb173102305,30,4.1,27.163303,78.057044,27.213303,78.107044,2022-02-17,22:45:00,23:00:00,Sandstorms,Low ,motorcycle ,Metropolitian ,170,Jewelry
sqtk802385620,30,4.0,22.308096,73.167753,22.318096,73.177753,2022-03-11,08:10:00,08:25:00,Windy,Low ,motorcycle ,Urban ,125,Apparel
tttk327284213,36,4.6,19.12663,72.829976,19.15663,72.859976,2022-03-01,20:55:00,21:10:00,Stormy,Jam ,motorcycle ,Metropolitian ,190,Toys
sftd971547010,32,5.0,19.12663,72.829976,19.17663,72.879976,2022-03-09,18:40:00,18:50:00,Windy,Medium ,motorcycle ,Metropolitian ,165,Electronics
wnml239505077,35,4.5,19.131141,72.813074,19.201141,72.883074,2022-03-02,17:25:00,17:30:00,Fog,Medium ,motorcycle ,Metropolitian ,210,Outdoors
iybb243530082,36,4.0,21.175975,72.795503,21.255975,72.875503,2022-03-31,21:50:00,22:00:00,Cloudy,Jam ,scooter ,Metropolitian ,200,Outdoors
vahe679295368,30,4.7,12.297954,76.665169,12.337954,76.705169,2022-03-13,14:20:00,14:35:00,Sandstorms,High ,scooter ,Metropolitian ,145,Toys
bute352939519,31,4.7,17.430448,78.418213,17.470448,78.458213,2022-04-01,17:00:00,17:15:00,Sunny,Medium ,motorcycle ,Urban ,115,Home
unvk813377284,31,3.8,13.005801,80.250744,13.115801,80.360744,2022-03-29,21:10:00,21:20:00,Windy,Jam ,motorcycle ,Metropolitian ,185,Cosmetics
rnuc054161946,34,5.0,18.546947,73.900626,18.676947,74.030626,2022-03-06,23:20:00,23:35:00,Sunny,Low ,scooter ,Metropolitian ,110,Books
ouoh688765725,27,4.1,22.725835,75.887648,22.855835,76.017648,2022-03-10,20:40:00,20:55:00,Stormy,Jam ,motorcycle ,Urban ,175,Sports
fjjp608806869,36,4.6,21.149669,72.772629,21.209669,72.832629,2022-04-03,21:30:00,21:40:00,Sunny,Jam ,motorcycle ,Metropolitian ,130,Skincare
aazk481251716,25,4.9,23.351058,85.325731,23.411058,85.385731,2022-03-21,22:35:00,22:45:00,Stormy,Low ,motorcycle ,Metropolitian ,90,Electronics
dtdn561402934,32,4.9,26.911378,75.789034,26.991378,75.869034,2022-03-25,20:15:00,20:20:00,Sandstorms,Jam ,scooter ,Urban ,135,Jewelry
mbcd324694983,24,4.7,11.003008,76.97544,11.053009,77.02544,2022-03-24,22:35:00,22:40:00,Cloudy,Low ,scooter ,Metropolitian ,90,Toys
qqwk453150938,21,4.6,12.323994,76.626167,12.453994,76.756167,2022-04-04,23:35:00,23:50:00,Sandstorms,Low ,motorcycle ,Urban ,70,Jewelry
fnqu537798187,37,4.5,23.234249,77.434007,23.344249,77.544007,2022-02-18,18:40:00,18:55:00,Stormy,Medium ,scooter ,Metropolitian ,195,Outdoors
spxl641809938,29,4.9,17.433809,78.386744,17.543809,78.496744,2022-03-29,20:50:00,21:00:00,Stormy,Jam ,scooter ,Metropolitian ,115,Clothing
lezh365169777,28,4.7,23.235123,77.398886,23.255123,77.418886,2022-02-11,08:45:00,09:00:00,Stormy,Low ,motorcycle ,Metropolitian ,80,Pet Supplies
qdae644343090,25,4.6,18.554382,73.798206,18.594382,73.838206,2022-03-01,15:25:00,15:35:00,Sandstorms,Medium ,motorcycle ,Urban ,145,Kitchen
bhpr010633613,36,4.8,26.90519,75.810753,26.93519,75.840753,2022-03-13,18:20:00,18:35:00,Fog,Medium ,scooter ,Urban ,90,Skincare
nwso874502737,31,4.7,0.0,0.0,0.03,0.03,2022-03-21,20:55:00,21:00:00,Cloudy,Jam ,motorcycle ,Metropolitian ,145,Kitchen
duuq510847778,34,4.7,15.49395,73.827423,15.54395,73.877423,2022-02-11,22:10:00,22:15:00,Stormy,Low ,motorcycle ,Urban ,105,Clothing
lgxh444633569,34,4.5,22.745049,75.892471,22.855049,76.002471,2022-03-20,19:50:00,19:55:00,Stormy,Jam ,motorcycle ,Metropolitian ,220,Electronics
jhzv281442401,31,5.0,18.520016,73.830547,18.540016,73.850547,2022-03-01,09:30:00,09:35:00,Sandstorms,Low ,scooter ,Metropolitian ,125,Sports
ybki431618090,29,4.6,13.064181,80.236442,13.094181,80.266442,2022-03-03,17:40:00,17:55:00,Fog,Medium ,scooter ,Urban ,75,Clothing
zxks434110840,36,4.9,22.310329,73.169083,22.350329,73.209083,2022-03-09,15:55:00,16:10:00,Fog,Medium ,motorcycle ,Metropolitian ,75,Sports
ditc248682024,33,4.9,26.902908,75.792934,27.042908,75.932934,2022-03-20,23:25:00,23:35:00,Sunny,Low ,van,Metropolitian ,120,Jewelry
qkrw745826268,27,4.0,10.96185,76.971082,10.99185,77.001082,2022-03-11,19:50:00,20:05:00,Fog,Jam ,scooter ,Metropolitian ,170,Kitchen
ldwn274432417,29,4.6,18.546258,73.904337,18.676258,74.034337,2022-03-12,22:10:00,22:15:00,Stormy,Low ,motorcycle ,Urban ,55,Shoes
cify988461100,27,4.7,0.0,0.0,0.09,0.09,2022-03-27,19:00:00,19:05:00,Stormy,Medium ,motorcycle ,Metropolitian ,140,Jewelry
qqom358044601,30,4.9,19.055831,72.833984,19.125831,72.903984,2022-04-02,19:35:00,19:40:00,Windy,Jam ,scooter ,Metropolitian ,130,Shoes
ghse597418673,39,4.7,0.0,0.0,0.11,0.11,2022-03-16,23:25:00,23:35:00,Stormy,Low ,scooter ,Metropolitian ,120,Toys
vsfd913052100,28,4.7,22.722634,75.886959,22.782634,75.946959,2022-03-30,17:25:00,17:35:00,Sunny,Medium ,scooter ,Metropolitian ,60,Pet Supplies
dnoz811534064,35,4.6,21.173493,72.801953,21.303493,72.931953,2022-03-14,23:50:00,00:00:00,Sandstorms,Low ,motorcycle ,Metropolitian ,75,Snacks
seas048126416,34,4.9,22.31279,73.170283,22.34279,73.200283,2022-03-09,21:10:00,21:15:00,Sandstorms,Jam ,motorcycle ,Urban ,145,Clothing
cduv633724591,34,4.6,30.892978,75.821847,30.942978,75.871847,2022-02-11,23:35:00,23:40:00,Fog,Low ,motorcycle ,Metropolitian ,90,Pet Supplies
odva582815692,36,3.8,12.933284,77.615428,13.063284,77.745428,2022-03-12,20:20:00,20:25:00,Windy,Jam ,motorcycle ,Urban ,165,Clothing
iznp021102262,24,4.8,17.424114,78.347554,17.494114,78.417554,2022-03-25,20:40:00,20:55:00,Windy,Jam ,motorcycle ,Metropolitian ,125,Apparel
dfef266453712,21,4.9,22.753839,75.897429,22.823839,75.967429,2022-03-06,21:35:00,21:50:00,Sandstorms,Jam ,motorcycle ,Metropolitian ,140,Skincare
kxjx660565063,31,4.4,13.081878,80.248519,13.161878,80.328519,2022-03-14,19:50:00,20:05:00,Fog,Jam ,scooter ,Metropolitian ,43,Grocery
sadi419274790,20,4.8,26.49095,80.318656,26.50095,80.328656,2022-02-11,09:30:00,09:45:00,Windy,Low ,scooter ,Metropolitian ,70,Home
xlfd947967089,26,4.8,18.927584,72.832585,19.057584,72.962585,2022-03-10,17:15:00,17:25:00,Sunny,Medium ,motorcycle ,Metropolitian ,90,Snacks
cwdq665046223,35,4.7,12.933284,77.615428,13.043284,77.725428,2022-03-16,17:10:00,17:20:00,Stormy,Medium ,scooter ,Metropolitian ,135,Toys
jkjw564436541,35,5.0,11.008638,76.984311,11.018638,76.994311,2022-03-30,10:10:00,10:20:00,Fog,Low ,motorcycle ,Urban ,95,Jewelry
xoik670018249,32,4.7,0.0,0.0,0.07,0.07,2022-02-18,17:20:00,17:25:00,Sandstorms,Medium ,motorcycle ,Metropolitian ,130,Cosmetics
xkyf353540248,36,4.8,22.760072,75.892574,22.790072,75.922574,2022-03-05,17:35:00,17:50:00,Fog,Medium ,scooter ,Metropolitian ,80,Snacks
nfla450088241,31,4.8,30.895817,75.813112,31.025817,75.943112,2022-02-14,17:20:00,17:35:00,Sunny,Medium ,motorcycle ,Urban ,115,Snacks
tdbo732295643,30,4.8,30.893234,75.82172,31.003234,75.93172,2022-02-18,23:15:00,23:20:00,Cloudy,Low ,scooter ,Metropolitian ,140,Cosmetics
rpoo802649378,38,4.9,17.424114,78.347554,17.474114,78.397554,2022-03-26,22:10:00,22:15:00,Windy,Low ,motorcycle ,Metropolitian ,140,Outdoors
xoyx364441021,20,4.8,12.970221,77.645396,13.000221,77.675396,2022-03-28,23:15:00,23:25:00,Stormy,Low ,scooter ,Metropolitian ,70,Kitchen
lffl176790924,39,4.7,26.849596,75.800512,26.889596,75.840512,2022-04-01,16:50:00,17:05:00,Windy,Medium ,motorcycle ,Metropolitian ,155,Toys
drco868097423,38,4.0,0.0,0.0,0.01,0.01,2022-03-11,10:35:00,10:45:00,Stormy,Low ,motorcycle ,Urban ,165,Jewelry
duyx574921888,31,4.4,18.994237,72.825553,19.024237,72.855553,2022-03-09,23:45:00,23:50:00,Stormy,Low ,motorcycle ,Metropolitian ,100,Sports
munr815471443,33,4.4,11.022477,76.995667,11.102477,77.075667,2022-03-12,21:15:00,21:20:00,Windy,Jam ,scooter ,Metropolitian ,200,Apparel
zrxm537302387,32,4.9,30.885915,75.788259,30.975915,75.878259,2022-02-14,18:10:00,18:15:00,Stormy,Medium ,scooter ,Metropolitian ,105,Jewelry
jrqj031114356,28,4.6,22.725748,75.898497,22.765747,75.938497,2022-03-05,16:25:00,16:40:00,Stormy,Medium ,scooter ,Metropolitian ,130,Pet Supplies
xubg344575967,26,4.8,12.337978,76.616792,12.417978,76.696792,2022-03-04,22:50:00,22:55:00,Windy,Low ,motorcycle ,Metropolitian ,75,Snacks
fujv395849782,35,4.8,30.328174,78.049117,30.408174,78.129117,2022-02-16,19:20:00,19:30:00,Fog,Jam ,motorcycle ,Metropolitian ,40,Grocery
crqp122445699,27,4.8,18.546947,73.900626,18.566947,73.920626,2022-03-05,10:20:00,10:30:00,Stormy,Low ,motorcycle ,Metropolitian ,75,Snacks
cbjh126828368,23,4.5,18.530963,73.828972,18.580963,73.878972,2022-04-01,19:00:00,19:10:00,Sandstorms,Medium ,motorcycle ,Urban ,90,Outdoors
tjjq916088097,35,4.3,13.02978,80.208812,13.07978,80.258812,2022-03-01,21:55:00,22:00:00,Fog,Jam ,motorcycle ,Metropolitian ,175,Kitchen
nrgy654962487,21,4.6,17.431668,78.408321,17.461668,78.438321,2022-03-07,18:20:00,18:30:00,Windy,Medium ,motorcycle ,Metropolitian ,120,Apparel
tkoz270105143,37,4.7,22.311844,73.165081,22.441844,73.295081,2022-04-04,22:00:00,22:05:00,Sunny,Jam ,scooter ,Metropolitian ,130,Sports
xtqa444579240,38,3.7,17.433809,78.386744,17.513809,78.466744,2022-03-02,23:15:00,23:25:00,Cloudy,Low ,motorcycle ,Metropolitian ,165,Toys
nrfq674846195,34,4.6,26.766536,75.837333,26.836536,75.907333,2022-03-31,23:40:00,23:50:00,Sunny,Low ,scooter ,Metropolitian ,135,Sports
soeg895961190,28,4.6,12.299524,76.64262,12.339524,76.68262,2022-04-05,15:15:00,15:30:00,Sunny,Medium ,motorcycle ,Metropolitian ,100,Kitchen
jzhp553860958,35,4.7,19.055831,72.833984,19.145831,72.923984,2022-03-18,17:55:00,18:00:00,Sunny,Medium ,scooter ,Metropolitian ,26,Grocery
irab460615526,21,4.8,21.149569,72.772697,21.259569,72.882697,2022-03-06,22:40:00,22:55:00,Cloudy,Low ,van,Metropolitian ,130,Shoes
hlhf737778471,37,4.0,26.911927,75.797282,27.041927,75.927282,2022-03-04,17:10:00,17:20:00,Cloudy,Medium ,motorcycle ,Metropolitian ,155,Outdoors
aaky664006983,23,4.9,13.058616,80.264151,13.148616,80.354151,2022-03-23,18:30:00,18:40:00,Stormy,Medium ,scooter ,Urban ,100,Jewelry
vvqg343205052,30,4.7,11.003681,76.975525,11.133681,77.105525,2022-03-02,22:45:00,22:55:00,Fog,Low ,scooter ,Metropolitian ,145,Home
qukc900336390,20,4.9,23.374878,85.335739,23.434878,85.395739,2022-04-01,17:30:00,17:40:00,Fog,Medium ,motorcycle ,Other,135,Sports
wirw377585328,28,4.6,21.173493,72.801953,21.213493,72.841953,2022-03-21,16:55:00,17:05:00,Sunny,Medium ,scooter ,Other,65,Toys
frzr693261328,30,4.8,13.086438,80.220672,13.106438,80.240672,2022-04-01,08:20:00,08:30:00,Fog,Low ,motorcycle ,Metropolitian ,120,Clothing
efcw688790051,33,4.8,19.131141,72.813074,19.17114,72.853074,2022-03-03,15:55:00,16:10:00,Stormy,Medium ,motorcycle ,Metropolitian ,165,Electronics
ybsg450108361,20,4.9,21.175104,72.804342,21.185104,72.814342,2022-03-13,11:00:00,11:15:00,Sunny,Low ,scooter ,Metropolitian ,105,Clothing
trvz490719836,25,4.9,23.351489,85.324253,23.391489,85.364253,2022-03-30,12:55:00,13:05:00,Windy,High ,scooter ,Metropolitian ,100,Shoes
vrhm264680326,30,4.7,13.027018,80.254791,13.087018,80.314791,2022-03-21,23:40:00,23:45:00,Sunny,Low ,scooter ,Urban ,50,Kitchen
pbzr086077712,37,4.9,21.149669,72.772629,21.189669,72.812629,2022-03-15,15:55:00,16:10:00,Stormy,Medium ,motorcycle ,Urban ,165,Pet Supplies
kvav716284814,31,4.9,15.56155,73.749092,15.58155,73.769092,2022-02-13,09:55:00,10:00:00,Fog,Low ,motorcycle ,Metropolitian ,75,Cosmetics
lrln811772355,34,4.9,27.163303,78.057044,27.213303,78.107044,2022-02-17,22:20:00,22:35:00,Cloudy,Low ,motorcycle ,Metropolitian ,90,Kitchen
zcit419596764,33,5.0,10.006881,76.345397,10.096881,76.435397,2022-02-14,23:25:00,23:40:00,Stormy,Low ,motorcycle ,Other,130,Pet Supplies
kxuj345019182,39,4.6,12.979096,77.640625,13.039096,77.700625,2022-03-30,20:30:00,20:45:00,Windy,Jam ,motorcycle ,Urban ,170,Kitchen
asey511657591,33,4.0,21.157735,72.768778,21.177735,72.788778,2022-03-28,10:00:00,10:05:00,Sandstorms,Low ,motorcycle ,Other,120,Books
ftyw512272322,36,4.9,12.914264,77.6784,13.024264,77.7884,2022-03-20,22:00:00,22:10:00,Cloudy,Jam ,motorcycle ,Metropolitian ,220,Cosmetics
ihak029015803,32,4.9,0.0,0.0,0.02,0.02,2022-03-15,10:00:00,10:10:00,Sunny,Low ,motorcycle ,Urban ,125,Kitchen
pogu995935185,32,4.7,19.207222,72.972281,19.247222,73.012281,2022-03-30,13:10:00,13:15:00,Fog,High ,motorcycle ,Metropolitian ,165,Snacks
ktzt053940208,38,4.9,17.433809,78.386744,17.473809,78.426744,2022-03-28,13:35:00,13:40:00,Sandstorms,High ,scooter ,Metropolitian ,140,Electronics
ahat200403195,24,,15.49395,73.827423,15.51395,73.847423,2022-02-15,08:55:00,09:00:00,Fog,Low ,scooter ,Metropolitian ,70,Shoes
fcsg973750444,20,4.6,18.520016,73.830547,18.540016,73.850547,2022-03-07,11:35:00,11:50:00,Cloudy,High ,motorcycle ,Metropolitian ,120,Electronics
tcgf353125975,34,4.7,22.308096,73.167753,22.328096,73.187753,2022-04-05,10:35:00,10:45:00,Sandstorms,Low ,motorcycle ,Metropolitian ,135,Books
dcdj770552822,21,4.7,18.569156,73.774723,18.609156,73.814723,2022-03-24,13:20:00,13:30:00,Stormy,High ,motorcycle ,Urban ,100,Kitchen
nxpj072626388,28,4.9,27.161661,78.011544,27.301661,78.151544,2022-02-12,23:50:00,00:05:00,Sandstorms,Low ,motorcycle ,Metropolitian ,75,Home
ewht988668523,32,4.8,12.352058,76.60665,12.392058,76.64665,2022-03-05,13:00:00,13:05:00,Sunny,High ,motorcycle ,Urban ,90,Electronics
hzrh417621500,31,3.6,11.006686,76.951736,11.116686,77.061736,2022-03-16,22:25:00,22:40:00,Fog,Low ,scooter ,Metropolitian ,160,Snacks
wlyr871578838,24,4.7,13.026286,80.275235,13.046286,80.295235,2022-03-13,11:45:00,11:50:00,Cloudy,High ,motorcycle ,Urban ,120,Cosmetics
pwnl562216408,38,4.8,11.001753,76.986241,11.081753,77.066241,2022-03-08,20:30:00,20:35:00,Cloudy,Jam ,motorcycle ,Metropolitian ,230,Electronics
pffc852549889,21,4.8,19.221315,72.862381,19.231315,72.872381,2022-03-13,08:10:00,08:20:00,Sandstorms,Low ,motorcycle ,Urban ,85,Toys
imri932331797,27,4.8,21.149569,72.772697,21.259569,72.882697,2022-03-31,19:00:00,19:15:00,Windy,Medium ,motorcycle ,Metropolitian ,195,Pet Supplies
idzq316920940,39,4.8,22.753659,75.903365,22.813659,75.963365,2022-04-05,21:50:00,22:00:00,Cloudy,Jam ,van,Metropolitian ,135,Books
kxfw969403616,28,4.8,12.981615,80.231598,13.031615,80.281598,2022-03-24,21:55:00,22:10:00,Sunny,Jam ,van,Metropolitian ,60,Apparel
oyiz385884654,22,4.7,22.310526,73.170937,22.370526,73.230937,2022-03-30,23:15:00,23:20:00,Sunny,Low ,van,Metropolitian ,90,Apparel
dxpu607450363,21,4.6,18.539299,73.897902,18.589299,73.947902,2022-04-01,21:35:00,21:45:00,Windy,Jam ,motorcycle ,Metropolitian ,125,Outdoors
wboz765590826,24,4.8,21.157729,72.768726,21.197729,72.808726,2022-03-09,16:20:00,16:25:00,Sandstorms,Medium ,van,Metropolitian ,115,Electronics
xgrg688265904,34,4.4,18.533811,73.899315,18.573811,73.939315,2022-04-05,16:00:00,16:15:00,Sandstorms,Medium ,scooter ,Metropolitian ,170,Home
edga220112902,22,4.9,13.054347,80.257221,13.184347,80.387221,2022-03-12,18:55:00,19:00:00,Windy,Medium ,scooter ,Metropolitian ,105,Books
bawg391229057,38,4.2,21.173493,72.801953,21.213493,72.841953,2022-03-15,15:30:00,15:45:00,Stormy,Medium ,motorcycle ,Metropolitian ,195,Outdoors
sdil882342715,28,4.1,26.913483,75.803139,26.943483,75.833139,2022-03-07,23:50:00,00:00:00,Windy,Low ,motorcycle ,Metropolitian ,105,Home
mbgl826238623,32,4.2,12.972532,77.608179,13.032532,77.668179,2022-03-13,21:25:00,21:35:00,Cloudy,Jam ,motorcycle ,Metropolitian ,165,Home
gzsf315311482,28,4.9,12.986047,80.218114,13.056047,80.288114,2022-03-12,23:45:00,23:55:00,Sunny,Low ,motorcycle ,Metropolitian ,135,Cosmetics
ljdj172427566,33,4.8,19.874733,75.353942,19.924733,75.403942,2022-02-17,19:10:00,19:15:00,Windy,Jam ,motorcycle ,Metropolitian ,225,Electronics
eicj404137643,29,4.6,12.316967,76.603067,12.356967,76.643067,2022-04-01,15:25:00,15:40:00,Sunny,Medium ,motorcycle ,Urban ,55,Cosmetics
rmmy160393605,36,4.2,22.725748,75.898497,22.745748,75.918497,2022-03-01,10:25:00,10:35:00,Sandstorms,Low ,motorcycle ,Metropolitian ,120,Shoes
lqfn978327751,20,4.0,23.353783,85.326967,23.393783,85.366967,2022-04-03,14:50:00,15:00:00,Fog,High ,scooter ,Metropolitian ,165,Outdoors
tgke160182421,37,5.0,18.994237,72.825553,19.024237,72.855553,2022-03-03,17:15:00,17:30:00,Windy,Medium ,motorcycle ,Metropolitian ,160,Home
vxmd355685563,34,5.0,0.0,0.0,0.08,0.08,2022-02-18,23:35:00,23:45:00,Windy,Low ,motorcycle ,Metropolitian ,130,Electronics
zvad736846047,28,4.9,18.636215,73.751081,18.646215,73.761081,2022-03-05,08:40:00,08:45:00,Sunny,Low ,motorcycle ,Metropolitian ,80,Snacks
zczu966136333,29,4.9,27.160832,78.011608,27.180832,78.031608,2022-02-15,10:15:00,10:30:00,Sunny,Low ,motorcycle ,Urban ,60,Snacks
zhhk913246782,27,4.9,17.429585,78.392621,17.479585,78.442621,2022-03-30,00:00:00,00:10:00,Cloudy,Low ,scooter ,Metropolitian ,95,Shoes
feab718061089,30,5.0,12.3085,76.665808,12.3285,76.685808,2022-03-07,11:20:00,11:25:00,Stormy,High ,scooter ,Metropolitian ,160,Skincare
eqzk621362694,22,4.8,22.761226,75.887522,22.871226,75.997522,2022-03-14,18:35:00,18:45:00,Fog,Medium ,van,Urban ,145,Electronics
esbq589393902,37,4.2,17.426228,78.407495,17.446228,78.427495,2022-03-26,11:10:00,11:15:00,Sandstorms,High ,scooter ,Metropolitian ,32,Grocery
qoyj042332967,36,3.7,19.103249,72.846749,19.213249,72.956749,2022-03-04,23:15:00,23:25:00,Fog,Low ,motorcycle ,Metropolitian ,155,Toys
deho398510931,31,4.6,23.354422,85.3329,23.404422,85.3829,2022-03-09,18:15:00,18:25:00,Sunny,Medium ,motorcycle ,Metropolitian ,105,Skincare
tfcu124200785,26,4.5,30.893081,75.821495,30.923081,75.851495,2022-02-17,19:35:00,19:50:00,Stormy,Jam ,motorcycle ,Metropolitian ,100,Kitchen
suds415229673,39,4.6,26.913726,75.75282,27.043726,75.88282,2022-03-29,23:45:00,23:55:00,Windy,Low ,motorcycle ,Metropolitian ,135,Cosmetics
dvry899851965,38,4.8,27.160934,78.044095,27.210934,78.094095,2022-02-17,23:40:00,23:50:00,Fog,Low ,motorcycle ,Urban ,90,Books
lfbn427327824,30,4.9,18.927584,72.832585,19.007584,72.912585,2022-03-12,21:15:00,21:30:00,Sunny,Jam ,motorcycle ,Metropolitian ,185,Shoes
wwzd387752991,24,4.6,12.970324,77.645748,13.010324,77.685748,2022-03-07,14:25:00,14:40:00,Windy,High ,motorcycle ,Metropolitian ,85,Pet Supplies
rrod933772178,27,4.5,17.45971,78.368855,17.51971,78.428855,2022-04-03,00:00:00,00:10:00,Stormy,Low ,scooter ,Metropolitian ,80,Home
tsuf998231143,20,4.8,23.374878,85.335739,23.424878,85.385739,2022-04-01,20:15:00,20:20:00,Sunny,Jam ,motorcycle ,Urban ,50,Kitchen
ntno177168073,28,4.7,21.17106,72.789292,21.18106,72.799292,2022-03-15,08:50:00,09:00:00,Fog,Low ,motorcycle ,Urban ,100,Jewelry
qenw494330702,30,4.6,0.0,0.0,0.04,0.04,2022-04-05,16:25:00,16:30:00,Cloudy,Medium ,motorcycle ,Metropolitian ,90,Jewelry
uuil439856493,23,4.7,18.51421,73.838429,18.52421,73.848429,2022-04-05,10:00:00,10:15:00,Fog,Low ,scooter ,Urban ,85,Electronics
sqoc705360722,38,4.7,18.569156,73.774723,18.639156,73.844723,2022-03-04,23:55:00,00:05:00,Fog,Low ,motorcycle ,Urban ,190,Books
cmsu691492886,39,4.1,11.003008,76.97544,11.133009,77.10544,2022-03-31,20:45:00,20:50:00,Fog,Jam ,scooter ,Metropolitian ,235,Sports
gami523943116,38,4.2,11.022169,76.999594,11.072169,77.049594,2022-03-17,23:35:00,23:40:00,Windy,Low ,motorcycle ,Urban ,100,Kitchen
dcxe366877078,31,4.0,22.732225,75.874765,22.842225,75.984765,2022-03-08,17:10:00,17:15:00,Fog,Medium ,scooter ,Metropolitian ,190,Snacks
srct267375264,28,4.2,12.970221,77.645396,12.980221,77.655396,2022-03-24,09:45:00,09:55:00,Stormy,Low ,motorcycle ,Metropolitian ,140,Cosmetics
pajl029120268,32,4.4,22.727021,75.884167,22.797021,75.954167,2022-03-31,21:55:00,22:05:00,Windy,Jam ,motorcycle ,Urban ,205,Pet Supplies
smti125719471,25,4.8,23.359407,85.325055,23.389407,85.355055,2022-03-13,19:00:00,19:05:00,Sandstorms,Medium ,motorcycle ,Urban ,70,Kitchen
jfzg402064320,22,4.9,12.970324,77.645748,13.100324,77.775748,2022-03-06,21:00:00,21:05:00,Windy,Jam ,motorcycle ,Metropolitian ,28,Grocery
zxkz979697829,37,4.2,11.010375,76.95295,11.120375,77.06295,2022-03-12,19:35:00,19:45:00,Sunny,Jam ,motorcycle ,Metropolitian ,220,Cosmetics
conj750841112,27,4.9,23.357804,85.325146,23.487804,85.455146,2022-03-16,20:40:00,20:45:00,Sandstorms,Jam ,scooter ,Urban ,105,Apparel
jihi392363780,35,4.1,18.569156,73.774723,18.589156,73.794723,2022-03-13,11:10:00,11:25:00,Sandstorms,High ,scooter ,Urban ,31,Grocery
edvv847023510,28,4.9,30.88722,75.804893,30.99722,75.914893,2022-02-12,17:15:00,17:20:00,Cloudy,Medium ,motorcycle ,Metropolitian ,150,Jewelry
wftb159743165,23,4.0,12.970221,77.645396,13.000221,77.675396,2022-03-09,23:50:00,23:55:00,Sandstorms,Low ,motorcycle ,Metropolitian ,145,Skincare
cphu811241464,33,4.7,18.53408,73.89852,18.58408,73.94852,2022-03-01,18:15:00,18:30:00,Sandstorms,Medium ,scooter ,Metropolitian ,25,Grocery
jwbf322824042,32,4.1,26.90294,75.793007,26.92294,75.813007,2022-03-09,10:00:00,10:15:00,Sandstorms,Low ,motorcycle ,Metropolitian ,165,Cosmetics
bmrk924777897,39,5.0,15.303897,73.914336,15.433897,74.044336,2022-02-16,19:35:00,19:40:00,Fog,Jam ,van,Metropolitian ,210,Shoes
kgjq825838156,20,4.7,19.065838,72.832658,19.195838,72.962658,2022-04-04,23:10:00,23:25:00,Sandstorms,Low ,van,Urban ,80,Books
wcou765945583,36,3.8,17.426228,78.407495,17.496228,78.477495,2022-03-31,17:55:00,18:05:00,Sandstorms,Medium ,motorcycle ,Metropolitian ,180,Shoes
ddld418630979,30,4.7,19.121999,72.908493,19.141999,72.928493,2022-03-13,11:20:00,11:25:00,Cloudy,High ,motorcycle ,Metropolitian ,155,Kitchen
aohy742998839,20,4.1,30.362686,78.06889,30.472686,78.17889,2022-02-12,21:40:00,21:50:00,Cloudy,Jam ,motorcycle ,Metropolitian ,160,Shoes
amxs047320316,29,4.7,17.426228,78.407495,17.536228,78.517495,2022-03-04,17:15:00,17:20:00,Sandstorms,Medium ,motorcycle ,Metropolitian ,145,Clothing
bssy443546495,36,4.8,22.727021,75.884167,22.777021,75.934167,2022-03-21,22:20:00,22:25:00,Cloudy,Low ,motorcycle ,Metropolitian ,145,Apparel
fkea797393267,28,4.6,19.103249,72.846749,19.153249,72.896749,2022-03-28,18:50:00,18:55:00,Cloudy,Medium ,motorcycle ,Metropolitian ,115,Apparel
bdzb644465586,28,4.6,11.000762,76.981876,11.010762,76.991876,2022-04-01,12:00:00,12:15:00,Sandstorms,High ,motorcycle ,Metropolitian ,60,Home
bwwd856406226,37,4.6,22.751234,75.88949,22.761234,75.89949,2022-03-15,08:30:00,08:35:00,Sandstorms,Low ,scooter ,Urban ,145,Books
lanx434081187,34,4.6,23.264015,77.408236,23.324015,77.468236,2022-02-17,22:30:00,22:45:00,Sandstorms,Low ,scooter ,Metropolitian ,135,Cosmetics
lmrt878424384,25,4.9,30.327968,78.046106,30.387968,78.106106,2022-02-11,23:35:00,23:40:00,Windy,Low ,motorcycle ,Urban ,50,Jewelry
hvrx853921937,33,4.8,21.173493,72.801953,21.243493,72.871953,2022-03-02,21:15:00,21:30:00,Fog,Jam ,motorcycle ,Metropolitian ,220,Sports
jxzq088677580,26,4.9,19.875522,75.367127,20.005522,75.497127,2022-02-18,20:45:00,20:50:00,Fog,Jam ,scooter ,Metropolitian ,205,Outdoors
wjpr682319658,20,4.9,19.131141,72.813074,19.17114,72.853074,2022-03-21,12:15:00,12:25:00,Windy,High ,van,Metropolitian ,120,Jewelry
szby707248566,30,4.1,22.651847,75.881991,22.761847,75.991991,2022-04-04,19:25:00,19:30:00,Cloudy,Jam ,motorcycle ,Metropolitian ,240,Toys
rfrj017739095,34,4.7,21.157729,72.768726,21.207729,72.818726,2022-03-07,18:15:00,18:25:00,Cloudy,Medium ,motorcycle ,Urban ,80,Jewelry
dwhc074822149,37,4.7,26.469003,80.316344,26.509003,80.356344,2022-02-17,12:10:00,12:25:00,Windy,High ,scooter ,Metropolitian ,135,Books
yevv200726609,33,5.0,21.15276,72.778059,21.16276,72.788059,2022-03-28,09:55:00,10:10:00,Sunny,Low ,scooter ,Urban ,55,Books
twwb487889296,33,5.0,23.333017,85.3172,23.413017,85.3972,2022-03-14,21:15:00,21:30:00,Stormy,Jam ,motorcycle ,Metropolitian ,270,Outdoors
elgo458491658,24,5.0,18.569156,73.774723,18.629156,73.834723,2022-03-07,23:35:00,23:50:00,Windy,Low ,scooter ,Metropolitian ,80,Skincare
hwgu603589325,35,4.7,17.431668,78.408321,17.561668,78.538321,2022-03-06,18:50:00,19:05:00,Sandstorms,Medium ,motorcycle ,Metropolitian ,215,Sports
wfln986551789,32,4.4,23.359194,85.325447,23.469194,85.435447,2022-03-16,20:50:00,21:00:00,Sandstorms,Jam ,motorcycle ,Urban ,170,Shoes
uxxw520097083,35,4.1,27.16185,78.040165,27.30185,78.180165,2022-02-12,22:40:00,22:50:00,Cloudy,Low ,motorcycle ,Metropolitian ,175,Books
ioye406775001,22,4.9,17.428294,78.404423,17.478294,78.454423,2022-03-11,18:15:00,18:30:00,Windy,Medium ,motorcycle ,Urban ,125,Clothing
izaj168715864,32,4.9,0.0,0.0,0.08,0.08,2022-02-18,17:50:00,18:00:00,Cloudy,Medium ,motorcycle ,Urban ,240,Apparel
olgd277076140,34,4.2,22.551084,88.354127,22.591084,88.394127,2022-02-15,15:30:00,15:35:00,Sandstorms,Medium ,scooter ,Metropolitian ,155,Snacks
qooq994316175,30,4.8,13.086438,80.220672,13.166438,80.300672,2022-03-18,20:40:00,20:45:00,Fog,Jam ,motorcycle ,Metropolitian ,240,Books
rvmm256383453,26,4.7,18.56245,73.916619,18.58245,73.936619,2022-03-21,11:15:00,11:25:00,Fog,High ,motorcycle ,Metropolitian ,100,Jewelry
lkvz097517219,36,4.8,19.065838,72.832658,19.105838,72.872658,2022-03-28,12:40:00,12:55:00,Fog,High ,motorcycle ,Metropolitian ,150,Home
frhp392004705,33,4.6,17.451976,78.385883,17.531976,78.465883,2022-03-18,23:00:00,23:10:00,Sandstorms,Low ,scooter ,Metropolitian ,120,Outdoors
mxon761250271,30,5.0,13.091809,80.219104,13.111809,80.239104,2022-03-13,09:50:00,09:55:00,Sunny,Low ,motorcycle ,Metropolitian ,28,Grocery
qawc459840596,32,4.0,30.342509,78.061187,30.412509,78.131187,2022-02-12,23:35:00,23:45:00,Cloudy,Low ,motorcycle ,Metropolitian ,220,Shoes
bbmx347664725,38,4.2,19.065838,72.832658,19.145838,72.912658,2022-03-25,21:10:00,21:15:00,Sandstorms,Jam ,van,Metropolitian ,175,Toys
bckc082990685,32,4.8,0.0,0.0,0.02,0.02,2022-03-30,10:55:00,11:05:00,Sunny,Low ,motorcycle ,Metropolitian ,75,Pet Supplies
vcrp454669080,39,4.1,21.170798,72.790489,21.250798,72.870489,2022-03-14,21:55:00,22:05:00,Cloudy,Jam ,scooter ,Metropolitian ,225,Snacks
nrrq220893174,29,4.9,18.554382,73.798206,18.634382,73.878206,2022-04-06,17:35:00,17:50:00,Sandstorms,Medium ,motorcycle ,Metropolitian ,85,Sports
ejwf556988815,31,4.1,11.010375,76.95295,11.030375,76.97295,2022-03-07,08:45:00,09:00:00,Windy,Low ,motorcycle ,Metropolitian ,170,Shoes
msqy545881869,34,4.7,23.371292,85.327872,23.461292,85.417872,2022-03-02,00:00:00,00:05:00,Sandstorms,Low ,scooter ,Metropolitian ,23,Grocery
wcwk686586392,37,4.9,19.207222,72.972281,19.237222,73.002281,2022-03-07,19:20:00,19:25:00,Cloudy,Jam ,van,Metropolitian ,150,Jewelry
xdvl568306506,35,4.8,23.374878,85.335739,23.414878,85.375739,2022-04-05,15:15:00,15:30:00,Sandstorms,Medium ,motorcycle ,Metropolitian ,130,Snacks
ddng336263240,37,4.3,21.170096,72.789122,21.190096,72.809122,2022-03-01,11:10:00,11:25:00,Sandstorms,High ,scooter ,Metropolitian ,165,Sports
jzyu709844327,24,4.9,17.458998,78.500366,17.508998,78.550366,2022-03-17,19:50:00,20:05:00,Cloudy,Jam ,scooter ,Metropolitian ,125,Jewelry
hxho570153716,34,4.9,22.744648,75.894377,22.754648,75.904377,2022-03-17,11:35:00,11:45:00,Fog,High ,motorcycle ,Metropolitian ,145,Pet Supplies
dcym291955319,34,4.9,19.065838,72.832658,19.115838,72.882658,2022-04-03,18:30:00,18:35:00,Cloudy,Medium ,scooter ,Urban ,85,Cosmetics
raag138455317,33,4.3,23.359033,85.325347,23.489033,85.455347,2022-04-04,20:55:00,21:05:00,Cloudy,Jam ,motorcycle ,Metropolitian ,225,Toys
nxqb293234364,39,4.7,10.994136,76.963303,11.014136,76.983303,2022-03-26,10:25:00,10:35:00,Windy,Low ,scooter ,Metropolitian ,135,Jewelry
ccsd861135685,36,4.9,12.979166,77.640709,13.019166,77.680709,2022-03-07,15:10:00,15:15:00,Sandstorms,Medium ,motorcycle ,Metropolitian ,155,Sports
hpwv511862579,21,5.0,12.935662,77.61413,13.065662,77.74413,2022-04-02,20:45:00,21:00:00,Windy,Jam ,van,Metropolitian ,125,Home
trjq721408083,28,4.9,13.005801,80.250744,13.095801,80.340744,2022-04-04,21:25:00,21:40:00,Stormy,Jam ,van,Metropolitian ,105,Electronics
pmgj539617209,35,4.5,17.431477,78.40035,17.451477,78.42035,2022-03-28,10:10:00,10:25:00,Sandstorms,Low ,scooter ,Metropolitian ,130,Kitchen
ukuk660896456,35,3.5,13.064181,80.236442,13.144181,80.316442,2022-03-10,22:30:00,22:35:00,Fog,Low ,scooter ,Metropolitian ,170,Shoes
fytb356761734,28,4.4,12.299524,76.64262,12.429524,76.77262,2022-03-29,18:45:00,18:50:00,Cloudy,Medium ,motorcycle ,Metropolitian ,155,Outdoors
nitv668542316,39,4.8,23.416792,85.316842,23.486792,85.386842,2022-03-16,18:35:00,18:45:00,Windy,Medium ,scooter ,Metropolitian ,115,Apparel
zwur571725442,29,4.8,23.264015,77.408236,23.284015,77.428236,2022-02-13,11:25:00,11:40:00,Fog,High ,scooter ,Metropolitian ,115,Home
omud055890916,27,4.8,23.416792,85.316842,23.476792,85.376842,2022-03-17,17:50:00,18:05:00,Cloudy,Medium ,motorcycle ,Metropolitian ,110,Sports
yyrv261604303,23,5.0,22.751234,75.88949,22.821234,75.95949,2022-03-29,23:40:00,23:55:00,Sandstorms,Low ,motorcycle ,Metropolitian ,95,Home
ywpy115272603,33,4.6,11.016298,76.972076,11.046298,77.002076,2022-03-15,22:15:00,22:30:00,Sunny,Low ,motorcycle ,Metropolitian ,105,Home
isru255446454,27,4.6,26.849596,75.800512,26.879596,75.830512,2022-03-17,23:35:00,23:50:00,Stormy,Low ,scooter ,Metropolitian ,85,Kitchen
aifw876916082,26,4.8,22.751234,75.88949,22.831234,75.96949,2022-03-23,18:15:00,18:30:00,Sunny,Medium ,motorcycle ,Metropolitian ,95,Sports
oedm803078527,32,4.1,17.440827,78.393391,17.520827,78.473391,2022-04-02,18:15:00,18:20:00,Sunny,Medium ,motorcycle ,Metropolitian ,170,Books
pxtr994251032,35,4.7,0.0,0.0,0.11,0.11,2022-03-06,22:20:00,22:30:00,Windy,Low ,scooter ,Metropolitian ,140,Electronics
aeku243450964,28,4.6,22.74806,75.8934,22.83806,75.9834,2022-03-25,20:50:00,21:05:00,Windy,Jam ,van,Metropolitian ,24,Grocery
eusu910986797,37,4.3,17.422819,78.449578,17.452819,78.479578,2022-03-28,21:30:00,21:35:00,Cloudy,Jam ,scooter ,Metropolitian ,160,Apparel
pudj873763763,34,4.0,13.026286,80.275235,13.096286,80.345235,2022-04-04,19:45:00,19:55:00,Fog,Jam ,scooter ,Metropolitian ,245,Electronics
xlys301545982,24,4.8,0.0,0.0,0.02,0.02,2022-02-11,09:45:00,09:55:00,Sandstorms,Low ,scooter ,Metropolitian ,55,Kitchen
cdbb276404814,22,4.7,12.981615,80.231598,13.051615,80.301598,2022-03-06,18:10:00,18:25:00,Stormy,Medium ,motorcycle ,Urban ,90,Kitchen
ztjz314660086,32,4.9,12.323225,76.630028,12.333225,76.640028,2022-03-26,11:35:00,11:50:00,Sunny,High ,scooter ,Metropolitian ,120,Electronics
qcmu867402336,36,4.0,11.001852,76.976268,11.051852,77.026268,2022-03-07,17:35:00,17:45:00,Stormy,Medium ,scooter ,Metropolitian ,170,Shoes
ewpp795750497,30,4.2,12.933284,77.615428,13.013284,77.695428,2022-04-02,20:20:00,20:35:00,Windy,Jam ,motorcycle ,Metropolitian ,220,Outdoors
ksns380486204,26,4.6,22.745049,75.892471,22.765049,75.912471,2022-03-21,10:40:00,10:45:00,Fog,Low ,van,Metropolitian ,70,Skincare
bnyu168728677,27,4.6,27.159795,78.04299,27.229795,78.11299,2022-02-18,19:15:00,19:30:00,Sunny,Jam ,motorcycle ,Metropolitian ,165,Kitchen
kpzj579554552,30,5.0,26.482581,80.315628,26.542581,80.375628,2022-02-17,17:55:00,18:05:00,Sunny,Medium ,scooter ,Urban ,105,Clothing
apup723767488,20,4.6,12.323978,76.627961,12.343978,76.647961,2022-03-17,09:25:00,09:35:00,Sunny,Low ,motorcycle ,Metropolitian ,80,Apparel
pztc403712308,34,3.5,11.016298,76.972076,11.106298,77.062076,2022-03-25,22:10:00,22:20:00,Cloudy,Low ,van,Metropolitian ,170,Toys
zhbq767315223,36,4.7,26.911378,75.789034,27.021378,75.899034,2022-03-31,18:00:00,18:05:00,Fog,Medium ,motorcycle ,Metropolitian ,175,Kitchen
cqmw027862944,24,4.6,12.316967,76.603067,12.346967,76.633067,2022-03-11,17:40:00,17:55:00,Sandstorms,Medium ,scooter ,Metropolitian ,145,Jewelry
ifvx948197057,29,4.7,11.006686,76.951736,11.086686,77.031736,2022-03-31,00:00:00,00:05:00,Sunny,Low ,scooter ,Metropolitian ,145,Outdoors
dams615026578,23,5.0,11.02091,76.940432,11.05091,76.970432,2022-03-26,18:10:00,18:20:00,Stormy,Medium ,scooter ,Urban ,115,Pet Supplies
wzkf971221198,38,5.0,17.410371,78.437225,17.540371,78.567225,2022-03-04,18:20:00,18:35:00,Sunny,Medium ,motorcycle ,Metropolitian ,130,Cosmetics
oiqp268330723,31,4.6,19.103249,72.846749,19.193249,72.936749,2022-03-06,21:00:00,21:10:00,Cloudy,Jam ,motorcycle ,Metropolitian ,245,Apparel
iqss503679427,21,4.7,12.978453,77.643685,13.068453,77.733685,2022-03-14,18:20:00,18:25:00,Stormy,Medium ,motorcycle ,Metropolitian ,125,Books
mdpo295579967,38,4.1,25.45235,81.841889,25.49235,81.881889,2022-02-17,16:20:00,16:30:00,Sandstorms,Medium ,motorcycle ,Metropolitian ,165,Sports
cbht087193596,27,4.9,11.02091,76.940432,11.15091,77.070432,2022-03-04,18:40:00,18:45:00,Stormy,Medium ,motorcycle ,Urban ,90,Jewelry
rcxz105625905,36,4.8,11.001852,76.976268,11.031852,77.006268,2022-03-09,21:10:00,21:15:00,Windy,Jam ,scooter ,Metropolitian ,145,Clothing
jwmw506916573,30,4.7,19.22384,72.841347,19.31384,72.931347,2022-03-12,21:25:00,21:40:00,Sunny,Jam ,scooter ,Metropolitian ,125,Toys
lfmq678670752,23,4.7,18.55144,73.804855,18.66144,73.914855,2022-03-27,17:25:00,17:30:00,Cloudy,Medium ,scooter ,Urban ,130,Skincare
wdxb126052116,30,4.6,0.0,0.0,0.13,0.13,2022-03-12,18:00:00,18:10:00,Fog,Medium ,scooter ,Metropolitian ,150,Toys
safa558208784,31,4.5,11.026117,76.944652,11.106117,77.024652,2022-03-16,18:10:00,18:15:00,Sandstorms,Medium ,motorcycle ,Metropolitian ,105,Books
fvji075729179,39,4.5,12.337928,76.617889,12.347928,76.627889,2022-03-17,11:10:00,11:20:00,Sunny,High ,motorcycle ,Metropolitian ,110,Electronics
fypj325317788,22,4.6,23.333017,85.3172,23.413017,85.3972,2022-03-08,17:20:00,17:35:00,Windy,Medium ,motorcycle ,Metropolitian ,125,Cosmetics
qdrq519742550,25,4.8,12.934365,77.616155,13.014365,77.696155,2022-03-31,19:55:00,20:10:00,Sandstorms,Jam ,motorcycle ,Metropolitian ,185,Skincare
twhf827072529,26,4.9,17.433809,78.386744,17.543809,78.496744,2022-03-02,22:25:00,22:30:00,Sandstorms,Low ,motorcycle ,Urban ,60,Kitchen
them991586693,38,4.6,23.353783,85.326967,23.483783,85.456967,2022-03-23,23:40:00,23:50:00,Cloudy,Low ,scooter ,Urban ,150,Apparel
hvdo430985885,37,4.6,22.651847,75.881991,22.661847,75.891991,2022-03-30,09:55:00,10:00:00,Cloudy,Low ,motorcycle ,Metropolitian ,145,Home
wymz748811882,24,4.9,11.001852,76.976268,11.081852,77.056268,2022-03-06,23:50:00,00:05:00,Stormy,Low ,motorcycle ,Metropolitian ,110,Snacks
efpu995401257,25,4.6,21.186884,72.793616,21.206884,72.813616,2022-03-24,11:45:00,11:55:00,Windy,High ,motorcycle ,Metropolitian ,75,Home
vawo997428065,27,5.0,12.3085,76.665808,12.3985,76.755808,2022-03-06,00:00:00,00:10:00,Fog,Low ,motorcycle ,Metropolitian ,145,Clothing
fzvo173414205,30,4.9,12.970324,77.645748,13.050324,77.725748,2022-04-04,18:10:00,18:20:00,Sandstorms,Medium ,scooter ,Urban ,125,Electronics
ugap279555850,22,4.6,22.725748,75.898497,22.735747,75.908497,2022-03-15,11:30:00,11:40:00,Sandstorms,High ,motorcycle ,Metropolitian ,125,Toys
cugo214412879,36,4.8,11.001852,76.976268,11.091852,77.066268,2022-03-06,19:10:00,19:15:00,Stormy,Jam ,van,Metropolitian ,135,Electronics
efcr592528237,29,4.6,18.543626,73.905101,18.603626,73.965101,2022-03-11,20:35:00,20:50:00,Windy,Jam ,motorcycle ,Metropolitian ,100,Cosmetics
zwko623485183,27,4.2,17.430448,78.418213,17.440448,78.428213,2022-03-01,09:25:00,09:30:00,Sandstorms,Low ,motorcycle ,Metropolitian ,105,Skincare
eauc777171115,23,4.7,22.311844,73.165081,22.401844,73.255081,2022-03-23,20:20:00,20:25:00,Cloudy,Jam ,motorcycle ,Metropolitian ,235,Jewelry
odni801342776,27,5.0,12.933284,77.615428,12.993284,77.675428,2022-04-05,19:55:00,20:05:00,Cloudy,Jam ,motorcycle ,Urban ,120,Toys
vmik767786815,30,4.4,11.022169,76.999594,11.092169,77.069594,2022-03-14,17:15:00,17:30:00,Fog,Medium ,scooter ,Metropolitian ,190,Apparel
whmt047946306,24,4.9,22.75004,75.902847,22.84004,75.992847,2022-04-04,22:00:00,22:10:00,Fog,Jam ,motorcycle ,Metropolitian ,210,Shoes
smni652821065,31,4.6,0.0,0.0,0.06,0.06,2022-03-15,22:10:00,22:15:00,Cloudy,Low ,scooter ,Metropolitian ,95,Sports
ziom518302886,36,4.8,30.905562,75.832841,30.995562,75.922841,2022-02-14,17:30:00,17:45:00,Sandstorms,Medium ,motorcycle ,Urban ,170,Snacks
tuyd665354481,21,4.7,27.159795,78.04299,27.209795,78.09299,2022-02-15,22:10:00,22:25:00,Cloudy,Low ,motorcycle ,Metropolitian ,95,Kitchen
fkhs244485001,21,4.8,0.0,0.0,0.11,0.11,2022-02-12,20:35:00,20:40:00,Cloudy,Jam ,motorcycle ,Metropolitian ,215,Skincare
cury591885525,36,4.1,0.0,0.0,0.04,0.04,2022-02-15,14:55:00,15:00:00,Sandstorms,High ,motorcycle ,Metropolitian ,180,Sports
dcud054627845,32,4.8,21.186608,72.794136,21.226608,72.834136,2022-03-17,16:35:00,16:45:00,Stormy,Medium ,motorcycle ,Urban ,185,Toys
kiya700860317,31,4.5,12.933284,77.615428,13.023284,77.705428,2022-03-06,18:20:00,18:30:00,Windy,Medium ,scooter ,Metropolitian ,150,Skincare
eyhb114631241,35,4.9,19.876428,75.364792,19.986428,75.474792,2022-02-18,22:50:00,23:00:00,Fog,Low ,scooter ,Metropolitian ,150,Toys
jlem753669935,32,4.5,12.935662,77.61413,12.945662,77.62413,2022-03-11,09:40:00,09:45:00,Stormy,Low ,motorcycle ,Metropolitian ,150,Sports
syiy245841530,24,4.7,23.351489,85.324253,23.391489,85.364253,2022-04-05,13:50:00,14:05:00,Cloudy,High ,scooter ,Metropolitian ,140,Books
ojah574653963,37,4.5,18.533811,73.899315,18.613811,73.979315,2022-03-20,22:50:00,23:05:00,Windy,Low ,motorcycle ,Metropolitian ,145,Cosmetics
koix478559898,33,4.9,23.357804,85.325146,23.467804,85.435146,2022-03-08,19:00:00,19:10:00,Sunny,Medium ,scooter ,Urban ,75,Toys
ehsn065772320,35,4.8,10.006881,76.345397,10.046881,76.385397,2022-02-17,12:15:00,12:25:00,Sandstorms,High ,scooter ,Metropolitian ,140,Outdoors
ogux402444927,28,5.0,26.849596,75.800512,26.899596,75.850512,2022-03-11,21:00:00,21:10:00,Sandstorms,Jam ,motorcycle ,Metropolitian ,26,Grocery
oznb919750341,25,4.9,22.538731,88.364878,22.548731,88.374878,2022-02-15,11:50:00,12:00:00,Stormy,High ,scooter ,Metropolitian ,145,Toys
cdpk826938692,24,4.5,19.1813,72.836191,19.2513,72.906191,2022-03-31,22:45:00,22:50:00,Cloudy,Low ,motorcycle ,Metropolitian ,105,Apparel
dwol504688554,30,4.2,26.90519,75.810753,26.98519,75.890753,2022-03-31,20:45:00,20:55:00,Sandstorms,Jam ,scooter ,Metropolitian ,160,Cosmetics
hoim483325441,26,4.9,13.058616,80.264151,13.098616,80.304151,2022-03-11,13:55:00,14:00:00,Stormy,High ,motorcycle ,Urban ,150,Shoes
xvzj734729003,37,4.7,22.753659,75.903365,22.823659,75.973365,2022-03-06,18:30:00,18:45:00,Cloudy,Medium ,scooter ,Metropolitian ,220,Apparel
egdq153549049,33,5.0,13.066762,80.251865,13.116762,80.301865,2022-03-13,22:00:00,22:15:00,Cloudy,Jam ,van,Metropolitian ,165,Jewelry
ftgw612088725,35,4.6,13.026279,80.174568,13.156279,80.304568,2022-03-25,19:25:00,19:30:00,Windy,Jam ,scooter ,Metropolitian ,130,Kitchen
fynr035155012,36,4.1,12.316967,76.603067,12.376967,76.663067,2022-04-05,22:20:00,22:30:00,Stormy,Low ,motorcycle ,Metropolitian ,125,Shoes
nufn026157494,25,5.0,18.569156,73.774723,18.679156,73.884723,2022-03-20,19:45:00,20:00:00,Stormy,Jam ,motorcycle ,Metropolitian ,155,Electronics
mknt238088249,37,4.5,22.308096,73.167753,22.398096,73.257753,2022-03-12,19:10:00,19:25:00,Stormy,Jam ,scooter ,Metropolitian ,160,Toys
kqub936334770,25,4.5,26.905287,75.794592,26.915287,75.804592,2022-03-01,10:00:00,10:05:00,Stormy,Low ,scooter ,Urban ,80,Home
xqss216300636,27,4.1,10.96185,76.971082,10.97185,76.981082,2022-03-03,08:15:00,08:25:00,Windy,Low ,motorcycle ,Urban ,80,Jewelry
uqwl538991499,28,4.5,26.88842,75.800689,27.02842,75.940689,2022-03-20,21:30:00,21:40:00,Sunny,Jam ,scooter ,Urban ,50,Clothing
dbin417914768,35,4.9,17.483216,78.552111,17.613216,78.682111,2022-03-16,21:20:00,21:30:00,Sunny,Jam ,scooter ,Metropolitian ,150,Outdoors
blsp725933751,31,4.7,22.725835,75.887648,22.805835,75.967648,2022-04-06,22:55:00,23:00:00,Sandstorms,Low ,motorcycle ,Urban ,125,Jewelry
rtcm025727833,33,4.8,22.310329,73.169083,22.360329,73.219083,2022-03-24,00:00:00,00:15:00,Sunny,Low ,motorcycle ,Urban ,135,Cosmetics
ilvw302357195,35,4.2,13.054347,80.257221,13.064347,80.267221,2022-03-11,09:25:00,09:30:00,Stormy,Low ,motorcycle ,Metropolitian ,115,Shoes
ekcp932614119,22,4.8,17.431668,78.408321,17.451668,78.428321,2022-03-21,10:35:00,10:50:00,Cloudy,Low ,motorcycle ,Metropolitian ,80,Cosmetics
rwme593029829,24,5.0,13.026279,80.174568,13.056279,80.204568,2022-03-01,18:10:00,18:20:00,Sunny,Medium ,motorcycle ,Metropolitian ,16,Grocery
lfkr680811422,27,4.6,0.0,0.0,0.07,0.07,2022-02-12,19:25:00,19:30:00,Fog,Jam ,motorcycle ,Metropolitian ,215,Sports
wrti065978848,31,4.2,12.970221,77.645396,13.020221,77.695396,2022-04-05,18:45:00,18:55:00,Stormy,Medium ,motorcycle ,Metropolitian ,180,Apparel
yzyv510183612,21,4.5,26.911927,75.797282,26.921927,75.807282,2022-03-24,11:10:00,11:20:00,Sunny,High ,motorcycle ,Other,60,Skincare
lbcc609857039,37,5.0,0.0,0.0,0.05,0.05,2022-02-15,22:10:00,22:25:00,Stormy,Low ,scooter ,Metropolitian ,120,Outdoors
fzdf468250182,39,4.7,18.56245,73.916619,18.58245,73.936619,2022-03-24,11:40:00,11:45:00,Sunny,High ,scooter ,Metropolitian ,110,Shoes
jarb988690448,39,5.0,12.913041,77.683237,12.943041,77.713237,2022-03-15,18:35:00,18:45:00,Sandstorms,Medium ,motorcycle ,Metropolitian ,170,Books
lgrj800492006,33,4.8,13.045479,80.23311,13.105479,80.29311,2022-03-30,23:00:00,23:05:00,Windy,Low ,motorcycle ,Metropolitian ,110,Home
jdyr020653922,28,4.6,21.160522,72.771477,21.200522,72.811477,2022-03-15,15:45:00,16:00:00,Stormy,Medium ,van,Urban ,125,Electronics
elvk383950940,30,4.6,10.994136,76.963303,11.104136,77.073303,2022-03-14,00:00:00,00:15:00,Stormy,Low ,motorcycle ,Metropolitian ,90,Sports
ufqh591501938,29,4.3,12.337928,76.617889,12.417928,76.697889,2022-03-25,21:50:00,21:55:00,Sandstorms,Jam ,motorcycle ,Metropolitian ,190,Home
lzww987984998,28,4.5,21.186438,72.794115,21.196438,72.804115,2022-03-24,11:20:00,11:30:00,Sandstorms,High ,scooter ,Urban ,115,Sports
xgyu251095922,32,4.2,30.359722,78.067079,30.489722,78.197079,2022-02-12,19:15:00,19:30:00,Sandstorms,Jam ,motorcycle ,Metropolitian ,190,Electronics
ggmr241987697,30,4.0,0.0,0.0,0.11,0.11,2022-02-14,21:20:00,21:25:00,Fog,Jam ,scooter ,Metropolitian ,205,Snacks
mysa642655389,22,4.8,17.422819,78.449578,17.552819,78.579578,2022-04-02,23:35:00,23:40:00,Fog,Low ,van,Metropolitian ,135,Cosmetics
qcin913769391,37,4.6,0.0,0.0,0.09,0.09,2022-03-18,17:35:00,17:45:00,Cloudy,Medium ,motorcycle ,Urban ,160,Electronics
ocae317216047,21,4.9,26.905287,75.794592,27.045287,75.934592,2022-03-14,19:20:00,19:25:00,Fog,Jam ,motorcycle ,Metropolitian ,215,Books
pgbu001813498,34,4.5,22.307898,73.167788,22.387898,73.247788,2022-03-31,20:15:00,20:30:00,Windy,Jam ,scooter ,Urban ,145,Outdoors
yium313736656,37,4.5,18.56245,73.916619,18.61245,73.966619,2022-03-15,22:50:00,22:55:00,Cloudy,Low ,scooter ,Metropolitian ,95,Electronics
bcow947875970,33,4.8,26.469003,80.316344,26.479003,80.326344,2022-02-13,08:15:00,08:20:00,Windy,Low ,motorcycle ,Metropolitian ,135,Apparel
ciiu507888693,38,4.9,12.325461,76.632278,12.395461,76.702278,2022-03-29,23:10:00,23:20:00,Sunny,Low ,scooter ,Metropolitian ,75,Sports
jxxi203889452,35,4.1,9.985697,76.281128,10.075697,76.371128,2022-02-14,20:00:00,20:05:00,Fog,Jam ,van,Metropolitian ,220,Toys
bvyn638869003,28,4.8,17.438263,78.397865,17.528263,78.487865,2022-03-20,23:00:00,23:05:00,Sandstorms,Low ,scooter ,Metropolitian ,80,Toys
jalr038399825,35,4.9,19.176269,72.836721,19.246269,72.906721,2022-03-08,23:00:00,23:05:00,Sunny,Low ,scooter ,Urban ,120,Sports
zomg639791255,33,4.3,13.026279,80.174568,13.076279,80.224568,2022-03-05,19:20:00,19:35:00,Fog,Jam ,van,Metropolitian ,185,Electronics
fbgm585311883,24,3.2,0.0,0.0,0.07,0.07,2022-02-12,22:10:00,22:25:00,Sunny,Low ,scooter ,Metropolitian ,190,Toys
fmrj827176067,27,4.2,18.546947,73.900626,18.556947,73.910626,2022-03-13,09:20:00,09:30:00,Sandstorms,Low ,motorcycle ,Metropolitian ,130,Toys
nicj888969177,29,4.9,0.0,0.0,0.13,0.13,2022-02-18,20:50:00,21:05:00,Sandstorms,Jam ,scooter ,Urban ,100,Outdoors
hktt830108165,36,4.9,12.906229,77.596791,13.036229,77.726791,2022-03-25,23:35:00,23:45:00,Windy,Low ,scooter ,Metropolitian ,140,Cosmetics
tsdj323182122,32,4.2,12.972161,77.596014,13.002161,77.626014,2022-03-09,23:55:00,00:05:00,Stormy,Low ,motorcycle ,Metropolitian ,155,Apparel
egjx492143880,31,4.1,0.0,0.0,0.13,0.13,2022-03-04,22:35:00,22:45:00,Fog,Low ,motorcycle ,Metropolitian ,200,Snacks
bgwv300143226,24,5.0,27.157772,78.04725,27.217772,78.10725,2022-02-11,18:15:00,18:30:00,Cloudy,Medium ,motorcycle ,Metropolitian ,50,Electronics
ldho444963251,30,4.6,15.51315,73.78346,15.52315,73.79346,2022-02-13,09:10:00,09:15:00,Cloudy,Low ,motorcycle ,Urban ,125,Sports
wzfk845068461,39,4.9,10.006881,76.345397,10.076881,76.415397,2022-02-18,18:00:00,18:05:00,Cloudy,Medium ,motorcycle ,Metropolitian ,150,Kitchen
cuji520843262,39,4.4,19.254567,72.848923,19.294567,72.888923,2022-03-30,16:35:00,16:40:00,Stormy,Medium ,motorcycle ,Urban ,170,Jewelry
rapl505259824,23,4.9,0.0,0.0,0.09,0.09,2022-02-18,18:20:00,18:30:00,Cloudy,Medium ,van,Metropolitian ,130,Cosmetics
wato616560814,28,4.7,13.049645,80.242268,13.119645,80.312268,2022-03-25,18:50:00,18:55:00,Stormy,Medium ,scooter ,Metropolitian ,105,Clothing
winz876703960,38,4.7,0.0,0.0,0.06,0.06,2022-02-17,17:15:00,17:20:00,Windy,Medium ,motorcycle ,Metropolitian ,130,Kitchen
deiq873321111,29,4.0,12.284747,76.625861,12.354747,76.695861,2022-03-27,19:25:00,19:30:00,Windy,Jam ,motorcycle ,Metropolitian ,185,Electronics
liye068893133,25,4.5,19.103249,72.846749,19.153249,72.896749,2022-03-13,22:45:00,23:00:00,Windy,Low ,scooter ,Metropolitian ,85,Shoes
zkse580529210,32,4.9,23.353783,85.326967,23.443783,85.416967,2022-03-20,23:10:00,23:25:00,Stormy,Low ,motorcycle ,Metropolitian ,135,Skincare
pzua165344432,31,4.9,18.516216,73.842527,18.526216,73.852527,2022-03-13,10:15:00,10:20:00,Sunny,Low ,scooter ,Urban ,50,Pet Supplies
iwfp451472217,25,4.5,21.157735,72.768778,21.287735,72.898778,2022-03-14,22:15:00,22:20:00,Fog,Low ,van,Metropolitian ,135,Electronics
tdxr748451050,32,4.8,17.426228,78.407495,17.536228,78.517495,2022-03-31,20:10:00,20:15:00,Cloudy,Jam ,motorcycle ,Metropolitian ,235,Clothing
locx773842139,28,4.6,18.569156,73.774723,18.659156,73.864723,2022-03-16,17:25:00,17:40:00,Fog,Medium ,motorcycle ,Urban ,175,Jewelry
fzej508505097,34,4.3,23.353783,85.326967,23.363783,85.336967,2022-04-05,10:00:00,10:10:00,Windy,Low ,motorcycle ,Metropolitian ,165,Books
yocp190337354,38,4.8,21.157735,72.768778,21.177735,72.788778,2022-03-15,11:15:00,11:25:00,Stormy,High ,scooter ,Metropolitian ,140,Skincare
ldvz118773759,21,4.8,27.163303,78.057044,27.233303,78.127044,2022-02-18,18:25:00,18:40:00,Sunny,Medium ,scooter ,Urban ,50,Jewelry
oryd117439361,33,5.0,17.428294,78.404423,17.508294,78.484423,2022-03-31,18:35:00,18:40:00,Sunny,Medium ,motorcycle ,Metropolitian ,180,Clothing
bkxv068251953,35,4.2,22.311844,73.165081,22.321844,73.175081,2022-03-03,08:20:00,08:25:00,Windy,Low ,motorcycle ,Metropolitian ,130,Snacks
zbjl995123419,26,5.0,11.016298,76.972076,11.066298,77.022076,2022-03-01,22:40:00,22:45:00,Sunny,Low ,scooter ,Urban ,90,Kitchen
yraj648715929,27,4.5,11.003681,76.975525,11.133681,77.105525,2022-03-08,21:25:00,21:35:00,Sandstorms,Jam ,scooter ,Urban ,145,Pet Supplies
wico483829226,37,5.0,18.536718,73.830327,18.646718,73.940327,2022-03-27,17:45:00,18:00:00,Stormy,Medium ,scooter ,Urban ,105,Books
qyap763385968,31,4.7,23.416792,85.316842,23.486792,85.386842,2022-04-04,17:55:00,18:00:00,Sunny,Medium ,motorcycle ,Urban ,145,Pet Supplies
ofxt601212694,27,4.6,12.979166,77.640709,13.069166,77.730709,2022-03-04,21:25:00,21:40:00,Sandstorms,Jam ,motorcycle ,Metropolitian ,145,Apparel
plwt930105200,33,4.7,26.905287,75.794592,26.975287,75.864592,2022-04-02,23:20:00,23:30:00,Sandstorms,Low ,scooter ,Metropolitian ,100,Skincare
drpa686493872,23,4.6,22.725835,75.887648,22.775835,75.937648,2022-03-21,22:45:00,23:00:00,Fog,Low ,motorcycle ,Metropolitian ,95,Outdoors
amcm307073133,26,4.9,12.98041,77.640489,13.05041,77.710489,2022-03-06,17:10:00,17:15:00,Windy,Medium ,motorcycle ,Metropolitian ,125,Books
gfbj535564175,31,4.4,19.055831,72.833984,19.065831,72.843984,2022-03-19,09:45:00,09:55:00,Stormy,Low ,motorcycle ,Metropolitian ,130,Books
nkhw391764280,37,4.9,13.086438,80.220672,13.126439,80.260672,2022-03-11,14:10:00,14:25:00,Stormy,High ,scooter ,Other,150,Kitchen
bjgr220850529,23,4.7,11.02091,76.940432,11.13091,77.050432,2022-04-02,19:50:00,19:55:00,Windy,Jam ,motorcycle ,Urban ,110,Electronics
ymif943402342,36,4.4,17.455894,78.375467,17.535894,78.455467,2022-03-25,17:55:00,18:10:00,Sandstorms,Medium ,motorcycle ,Metropolitian ,155,Home
upwd946060519,38,4.1,26.913987,75.752891,26.983987,75.822891,2022-03-10,23:45:00,23:50:00,Fog,Low ,motorcycle ,Metropolitian ,185,Books
pqka543784915,24,4.9,13.091809,80.219104,13.111809,80.239104,2022-03-01,10:55:00,11:00:00,Windy,Low ,scooter ,Urban ,50,Electronics
cpff156483028,38,4.2,25.451646,81.832796,25.541646,81.922796,2022-02-18,20:20:00,20:25:00,Sunny,Jam ,motorcycle ,Metropolitian ,33,Grocery
aoij051212389,36,4.0,11.022298,76.998349,11.032298,77.008349,2022-03-17,08:30:00,08:35:00,Stormy,Low ,motorcycle ,Other,115,Toys
gkvl873796897,21,4.6,19.254567,72.848923,19.304567,72.898923,2022-04-03,21:00:00,21:10:00,Cloudy,Jam ,motorcycle ,Other,150,Clothing
atwr001607331,28,4.5,26.90294,75.793007,26.97294,75.863007,2022-03-18,20:35:00,20:45:00,Stormy,Jam ,scooter ,Metropolitian ,115,Sports
jhwb104938213,37,4.9,22.514688,88.393294,22.554688,88.433294,2022-02-15,16:45:00,16:55:00,Stormy,Medium ,motorcycle ,Metropolitian ,145,Home
xrjz460957645,37,4.5,22.725748,75.898497,22.785747,75.958497,2022-03-15,17:35:00,17:45:00,Sunny,Medium ,scooter ,Urban ,110,Cosmetics
fqgu953417962,28,5.0,21.186438,72.794115,21.266438,72.874115,2022-03-06,17:50:00,18:05:00,Windy,Medium ,scooter ,Metropolitian ,105,Skincare
ftgj660021511,29,4.1,13.022394,80.242439,13.112394,80.332439,2022-03-04,20:45:00,21:00:00,Fog,Jam ,scooter ,Urban ,210,Books
urzx674368807,25,4.9,12.979166,77.640709,13.009166,77.670709,2022-03-26,22:00:00,22:15:00,Sandstorms,Jam ,van,Urban ,14,Grocery
fjlt254520562,21,4.8,22.761226,75.887522,22.781226,75.907522,2022-03-11,11:45:00,12:00:00,Stormy,High ,motorcycle ,Urban ,165,Outdoors
mrrt215025621,30,4.9,9.988483,76.295211,9.998483,76.305211,2022-02-17,11:35:00,11:45:00,Fog,High ,scooter ,Urban ,135,Apparel
hlzx570195384,25,4.8,23.234631,77.401663,23.244631,77.411663,2022-02-11,09:35:00,09:50:00,Windy,Low ,motorcycle ,Urban ,55,Cosmetics
zdfz251080011,24,4.7,12.323994,76.626167,12.433994,76.736167,2022-03-29,23:55:00,00:10:00,Cloudy,Low ,motorcycle ,Metropolitian ,120,Jewelry
wcqn918319871,37,4.7,22.753659,75.903365,22.793659,75.943365,2022-03-05,12:40:00,12:50:00,Windy,High ,motorcycle ,Metropolitian ,230,Skincare
gwse950791471,25,4.7,18.536718,73.830327,18.646718,73.940327,2022-03-10,18:45:00,18:50:00,Stormy,Medium ,motorcycle ,Metropolitian ,145,Pet Supplies
yszd800743034,37,4.9,23.359033,85.325347,23.419033,85.385347,2022-03-17,18:55:00,19:05:00,Windy,Medium ,motorcycle ,Metropolitian ,130,Home
clet305799189,21,4.2,12.935662,77.61413,12.995662,77.67413,2022-03-07,23:40:00,23:45:00,Stormy,Low ,motorcycle ,Urban ,115,Skincare
glld419238672,24,5.0,12.316967,76.603067,12.336967,76.623067,2022-04-03,10:30:00,10:40:00,Windy,Low ,scooter ,Metropolitian ,80,Home
zbgf963547039,30,4.7,12.334022,76.618203,12.424022,76.708203,2022-03-29,21:35:00,21:45:00,Sunny,Jam ,motorcycle ,Urban ,150,Pet Supplies
fhpy472057593,25,4.5,19.254567,72.848923,19.314567,72.908923,2022-03-26,19:55:00,20:10:00,Sandstorms,Jam ,scooter ,Metropolitian ,90,Shoes
lruh150657585,35,4.6,12.972161,77.596014,13.012161,77.636014,2022-03-09,13:20:00,13:30:00,Stormy,High ,scooter ,Metropolitian ,165,Toys
vojv184601700,33,4.5,26.849596,75.800512,26.879596,75.830512,2022-03-03,18:50:00,18:55:00,Windy,Medium ,van,Metropolitian ,140,Kitchen
eodn880180479,30,3.5,13.044694,80.26147,13.114694,80.33147,2022-03-29,20:30:00,20:35:00,Sandstorms,Jam ,scooter ,Metropolitian ,170,Skincare
ifyw425083905,28,4.9,17.430448,78.418213,17.450448,78.438213,2022-03-07,08:45:00,09:00:00,Stormy,Low ,motorcycle ,Urban ,90,Home
kbph849156598,28,4.8,19.22384,72.841347,19.33384,72.951347,2022-03-25,17:30:00,17:40:00,Cloudy,Medium ,motorcycle ,Metropolitian ,190,Kitchen
davc821610723,34,4.6,11.022298,76.998349,11.152298,77.128349,2022-03-04,21:35:00,21:40:00,Windy,Jam ,motorcycle ,Metropolitian ,240,Toys
tplx379558355,32,4.5,18.530963,73.828972,18.660963,73.958972,2022-03-14,23:25:00,23:30:00,Fog,Low ,van,Metropolitian ,150,Home
qfip162002059,22,4.7,11.016298,76.972076,11.046298,77.002076,2022-03-28,17:35:00,17:40:00,Cloudy,Medium ,scooter ,Metropolitian ,60,Kitchen
wdqt651815245,28,4.9,19.888716,75.321461,19.948716,75.381461,2022-02-15,21:35:00,21:45:00,Stormy,Jam ,motorcycle ,Metropolitian ,80,Shoes
pqts757975597,23,4.5,18.546258,73.904337,18.596258,73.954337,2022-03-11,23:35:00,23:45:00,Windy,Low ,motorcycle ,Metropolitian ,65,Cosmetics
wtwp464364126,36,4.8,0.0,0.0,0.08,0.08,2022-04-04,22:20:00,22:30:00,Stormy,Low ,motorcycle ,Metropolitian ,75,Snacks
qpcj105357074,35,5.0,22.727021,75.884167,22.787021,75.944167,2022-04-03,20:55:00,21:05:00,Fog,Jam ,scooter ,Metropolitian ,185,Home
xiuy737403114,29,5.0,12.913041,77.683237,12.973041,77.743237,2022-03-17,17:15:00,17:25:00,Fog,Medium ,motorcycle ,Urban ,85,Skincare
lgqc536082201,15,1.0,12.323978,76.627961,12.433978,76.737961,2022-03-29,NaN ,22:10:00,,NaN ,van,Metropolitian ,150,Sports
algk393516480,26,5.0,11.000762,76.981876,11.090762,77.071876,2022-03-20,17:25:00,17:40:00,Stormy,Medium ,motorcycle ,Metropolitian ,135,Home
hatx742369021,33,4.6,12.914264,77.6784,12.974264,77.7384,2022-03-19,19:50:00,19:55:00,Sunny,Jam ,motorcycle ,Metropolitian ,95,Kitchen
fpwx963019077,21,4.7,18.53408,73.89852,18.55408,73.91852,2022-04-01,08:25:00,08:30:00,Fog,Low ,scooter ,Other,65,Apparel
iavo989791328,21,4.9,21.17106,72.789292,21.20106,72.819292,2022-03-30,19:30:00,19:35:00,Stormy,Jam ,motorcycle ,Metropolitian ,135,Outdoors
zavx805583971,33,4.1,23.39925,85.390464,23.52925,85.520464,2022-03-18,22:10:00,22:25:00,Fog,Low ,scooter ,Metropolitian ,195,Clothing
gfml294201936,24,5.0,19.065838,72.832658,19.155838,72.922658,2022-04-02,17:15:00,17:20:00,Cloudy,Medium ,motorcycle ,Metropolitian ,185,Kitchen
lhsw241926150,33,4.6,18.530963,73.828972,18.560963,73.858972,2022-03-30,23:35:00,23:40:00,Sunny,Low ,motorcycle ,Metropolitian ,120,Snacks
fuzs003469418,23,4.8,11.003681,76.975525,11.063681,77.035525,2022-03-26,20:00:00,20:15:00,Windy,Jam ,motorcycle ,Other,75,Sports
kxpp907007894,38,4.7,22.753839,75.897429,22.823839,75.967429,2022-04-06,17:30:00,17:45:00,Stormy,Medium ,motorcycle ,Urban ,155,Kitchen
whum100053580,35,4.7,0.0,0.0,0.09,0.09,2022-03-23,20:45:00,20:50:00,Sunny,Jam ,motorcycle ,Metropolitian ,120,Books
pdil418673806,34,5.0,26.921411,75.793604,27.011411,75.883604,2022-03-04,20:55:00,21:05:00,Fog,Jam ,motorcycle ,Metropolitian ,250,Skincare
bzdv439988745,33,3.8,12.975377,77.696664,13.055377,77.776664,2022-03-29,19:15:00,19:30:00,Sandstorms,Jam ,motorcycle ,Metropolitian ,165,Sports
boiu438078200,26,4.7,0.0,0.0,0.08,0.08,2022-02-12,23:30:00,23:40:00,Stormy,Low ,motorcycle ,Metropolitian ,90,Snacks
evcf098609476,28,4.9,12.979096,77.640625,13.009096,77.670625,2022-03-03,23:35:00,23:40:00,Windy,Low ,scooter ,Metropolitian ,85,Sports
pnsw590741238,25,4.7,19.103249,72.846749,19.163249,72.906749,2022-03-13,22:00:00,22:05:00,Sunny,Jam ,scooter ,Metropolitian ,70,Jewelry
pzbk899440406,22,4.9,21.186438,72.794115,21.216438,72.824115,2022-03-28,17:45:00,18:00:00,Stormy,Medium ,motorcycle ,Metropolitian ,125,Outdoors
szev287883876,20,3.6,22.744648,75.894377,22.774648,75.924377,2022-03-11,20:50:00,20:55:00,Sunny,Jam ,motorcycle ,Metropolitian ,230,Kitchen
aotn919946213,25,4.8,25.450317,81.831681,25.490317,81.871681,2022-02-13,15:45:00,15:55:00,Stormy,Medium ,motorcycle ,Urban ,110,Cosmetics
fitw131463384,37,4.1,17.440827,78.393391,17.490827,78.443391,2022-03-24,19:10:00,19:15:00,Stormy,Jam ,motorcycle ,Metropolitian ,215,Home
vexb041661517,36,4.8,17.428294,78.404423,17.438294,78.414423,2022-03-09,10:10:00,10:25:00,Sunny,Low ,scooter ,Metropolitian ,60,Books
wgxn334660912,25,4.9,17.451976,78.385883,17.491976,78.425883,2022-03-07,12:50:00,13:00:00,Fog,High ,motorcycle ,Metropolitian ,115,Skincare
nynk004817215,30,4.8,22.745536,75.893106,22.815536,75.963106,2022-04-04,21:45:00,21:50:00,Cloudy,Jam ,motorcycle ,Metropolitian ,44,Grocery
jpdo776109568,27,4.8,22.74806,75.8934,22.75806,75.9034,2022-04-05,11:15:00,11:25:00,Sandstorms,High ,van,Urban ,65,Kitchen
ewhr067858425,31,4.8,0.0,0.0,0.06,0.06,2022-03-15,20:30:00,20:40:00,Sunny,Jam ,motorcycle ,Metropolitian ,125,Toys
hezv772221557,30,4.1,17.45971,78.368855,17.54971,78.458855,2022-03-08,22:00:00,22:15:00,Cloudy,Jam ,scooter ,Metropolitian ,245,Jewelry
neof291952979,36,4.9,11.022477,76.995667,11.082477,77.055667,2022-04-01,17:40:00,17:45:00,Sunny,Medium ,scooter ,Metropolitian ,95,Cosmetics
aglw035838910,21,4.7,21.186608,72.794136,21.226608,72.834136,2022-03-13,15:50:00,15:55:00,Windy,Medium ,scooter ,Metropolitian ,115,Kitchen
wtue993196616,32,4.8,21.157729,72.768726,21.187729,72.798726,2022-03-24,18:30:00,18:40:00,Stormy,Medium ,motorcycle ,Metropolitian ,145,Sports
teog338300046,26,4.7,12.334022,76.618203,12.404022,76.688203,2022-03-02,18:10:00,18:20:00,Stormy,Medium ,motorcycle ,Metropolitian ,180,Shoes
afco213486021,38,4.6,19.131141,72.813074,19.16114,72.843074,2022-03-28,21:25:00,21:30:00,Sandstorms,Jam ,motorcycle ,Metropolitian ,145,Cosmetics
yjfq221651518,25,4.2,19.131141,72.813074,19.14114,72.823074,2022-03-19,09:35:00,09:40:00,Sandstorms,Low ,motorcycle ,Metropolitian ,115,Cosmetics
irlt349481815,27,4.1,0.0,0.0,0.07,0.07,2022-03-16,22:00:00,22:10:00,Fog,Jam ,motorcycle ,Metropolitian ,34,Grocery
ykox186270759,26,4.7,21.185047,72.80859,21.225047,72.84859,2022-03-21,16:55:00,17:10:00,Sandstorms,Medium ,motorcycle ,Metropolitian ,110,Electronics
lhsd122558638,38,4.9,26.913987,75.752891,26.943987,75.782891,2022-03-11,21:40:00,21:55:00,Fog,Jam ,motorcycle ,Metropolitian ,130,Skincare
rdkh978337271,26,4.9,26.911378,75.789034,26.961378,75.839034,2022-03-30,18:25:00,18:40:00,Stormy,Medium ,motorcycle ,Metropolitian ,20,Grocery
tbhs460277370,37,4.3,17.440827,78.393391,17.470827,78.423391,2022-03-19,22:10:00,22:25:00,Stormy,Low ,motorcycle ,Metropolitian ,155,Skincare
nfce969942017,31,4.3,19.875522,75.367127,20.005522,75.497127,2022-02-12,23:30:00,23:45:00,Cloudy,Low ,motorcycle ,Other,185,Skincare
khto536449516,32,4.5,19.091458,72.827808,19.121458,72.857808,2022-04-03,18:50:00,18:55:00,Sandstorms,Medium ,motorcycle ,Metropolitian ,130,Home
phaw337626632,26,4.3,18.994049,72.825203,19.124049,72.955203,2022-03-23,21:50:00,22:00:00,Cloudy,Jam ,motorcycle ,Metropolitian ,205,Apparel
uoyv946184330,50,6.0,25.454648,81.834502,25.504648,81.884502,2022-02-15,NaN ,21:55:00,,NaN ,motorcycle ,Urban ,165,Shoes
prqc477212731,30,4.1,18.536562,73.896485,18.546562,73.906485,2022-04-03,09:55:00,10:10:00,Sandstorms,Low ,motorcycle ,Metropolitian ,125,Sports
ogpt022927690,37,4.6,17.431477,78.40035,17.511477,78.48035,2022-04-06,17:35:00,17:45:00,Sandstorms,Medium ,motorcycle ,Metropolitian ,170,Snacks
oaec119160400,27,4.7,22.75004,75.902847,22.81004,75.962847,2022-03-15,17:35:00,17:40:00,Fog,Medium ,motorcycle ,Metropolitian ,90,Outdoors
repw332975825,30,4.1,30.335259,78.053162,30.475259,78.193162,2022-02-12,19:45:00,20:00:00,Cloudy,Jam ,scooter ,Metropolitian ,245,Snacks
zqam243294796,36,4.6,22.74806,75.8934,22.83806,75.9834,2022-03-02,00:00:00,00:15:00,Windy,Low ,motorcycle ,Other,120,Home
ognp232305886,35,4.1,19.876219,75.346017,19.896219,75.366017,2022-02-17,10:15:00,10:25:00,Stormy,Low ,motorcycle ,Metropolitian ,160,Sports
roci073033578,20,4.7,21.149569,72.772697,21.179569,72.802697,2022-03-13,18:00:00,18:15:00,Sandstorms,Medium ,motorcycle ,Urban ,120,Books
gqwk367908667,23,4.6,11.02091,76.940432,11.07091,76.990432,2022-03-24,18:45:00,18:55:00,Windy,Medium ,motorcycle ,Metropolitian ,115,Outdoors
awtg913028714,32,4.4,17.431477,78.40035,17.451477,78.42035,2022-03-30,08:35:00,08:40:00,Stormy,Low ,motorcycle ,Metropolitian ,140,Jewelry
dbcr322166932,27,4.9,22.725835,75.887648,22.745835,75.907648,2022-03-17,09:10:00,09:15:00,Fog,Low ,scooter ,Urban ,90,Shoes
hksm938280530,25,4.6,26.90519,75.810753,26.94519,75.850753,2022-03-17,12:25:00,12:30:00,Stormy,High ,scooter ,Urban ,140,Home
yedp219932209,32,4.5,13.02978,80.208812,13.07978,80.258812,2022-03-07,21:30:00,21:45:00,Sunny,Jam ,motorcycle ,Urban ,20,Grocery
mojl965717443,36,4.7,13.049645,80.242268,13.129645,80.322268,2022-03-25,23:15:00,23:30:00,Stormy,Low ,motorcycle ,Metropolitian ,120,Snacks
zazf712069296,26,4.6,21.175104,72.804342,21.245104,72.874342,2022-03-10,19:30:00,19:35:00,Cloudy,Jam ,scooter ,Metropolitian ,160,Apparel
bbnw290034907,26,4.2,11.001852,76.976268,11.011852,76.986268,2022-04-01,08:10:00,08:15:00,Sandstorms,Low ,motorcycle ,Metropolitian ,145,Sports
gxnb458345580,32,4.9,22.308096,73.167753,22.438096,73.297753,2022-03-29,20:25:00,20:40:00,Cloudy,Jam ,motorcycle ,Metropolitian ,210,Pet Supplies
mtkx145105020,32,4.7,11.02091,76.940432,11.06091,76.980432,2022-03-19,14:25:00,14:30:00,Windy,High ,motorcycle ,Metropolitian ,135,Books
ahkr054292296,25,4.9,18.554382,73.798206,18.584382,73.828206,2022-03-21,18:35:00,18:50:00,Cloudy,Medium ,scooter ,Urban ,50,Pet Supplies
yhdf316423028,36,4.8,19.254567,72.848923,19.334567,72.928923,2022-03-27,22:55:00,23:00:00,Sunny,Low ,scooter ,Metropolitian ,130,Snacks
csjg698738462,24,4.9,12.326356,76.619103,12.346356,76.639103,2022-03-24,08:45:00,08:55:00,Sunny,Low ,motorcycle ,Metropolitian ,95,Pet Supplies
bpdd377230347,32,4.5,11.022298,76.998349,11.152298,77.128349,2022-03-27,21:55:00,22:05:00,Sandstorms,Jam ,scooter ,Metropolitian ,165,Electronics
acfv609022082,32,4.2,19.178321,72.834715,19.288321,72.944715,2022-03-10,17:20:00,17:30:00,Cloudy,Medium ,scooter ,Metropolitian ,155,Sports
urqx052248930,38,4.6,22.725748,75.898497,22.795748,75.968497,2022-03-08,23:15:00,23:30:00,Cloudy,Low ,scooter ,Urban ,150,Home
ttzs820333911,20,4.8,30.892978,75.821847,31.032978,75.961847,2022-02-18,19:00:00,19:10:00,Windy,Medium ,scooter ,Metropolitian ,95,Outdoors
rcir645033694,21,4.2,26.90519,75.810753,27.04519,75.950753,2022-03-31,18:40:00,18:55:00,Fog,Medium ,motorcycle ,Metropolitian ,155,Toys
buke718055594,32,4.1,12.284747,76.625861,12.304747,76.645861,2022-03-05,10:40:00,10:55:00,Windy,Low ,motorcycle ,Urban ,110,Pet Supplies
paks726508913,20,4.7,21.170798,72.790489,21.260798,72.880489,2022-03-10,21:50:00,21:55:00,Sandstorms,Jam ,motorcycle ,Urban ,110,Toys
sanj195855167,22,4.8,0.0,0.0,0.05,0.05,2022-02-17,20:20:00,20:35:00,Sunny,Jam ,scooter ,Metropolitian ,85,Home
fnjs079836452,39,4.1,11.022169,76.999594,11.102169,77.079594,2022-03-27,18:40:00,18:50:00,Sunny,Medium ,motorcycle ,Metropolitian ,34,Grocery
qdmt426772296,25,4.6,17.431477,78.40035,17.521477,78.49035,2022-04-02,22:20:00,22:25:00,Windy,Low ,motorcycle ,Metropolitian ,90,Outdoors
dazn920097032,20,4.6,26.913483,75.803139,27.043483,75.933139,2022-03-06,23:40:00,23:45:00,Fog,Low ,scooter ,Urban ,110,Shoes
pzag876713515,24,4.9,0.0,0.0,0.04,0.04,2022-02-13,12:20:00,12:35:00,Fog,High ,motorcycle ,Metropolitian ,120,Sports
rsep900540940,24,4.7,23.359033,85.325347,23.389033,85.355347,2022-03-03,19:20:00,19:30:00,Stormy,Jam ,motorcycle ,Metropolitian ,75,Home
ydpm092107604,20,4.6,0.0,0.0,0.02,0.02,2022-02-13,09:15:00,09:25:00,Sunny,Low ,motorcycle ,Metropolitian ,85,Skincare
yoye714500757,28,4.6,19.103249,72.846749,19.143249,72.886749,2022-04-01,16:55:00,17:00:00,Sandstorms,Medium ,motorcycle ,Metropolitian ,115,Outdoors
foqy931108551,30,4.6,17.483216,78.552111,17.523216,78.592111,2022-03-24,15:10:00,15:15:00,Sunny,Medium ,motorcycle ,Metropolitian ,125,Clothing
kydb020843838,24,4.8,22.311603,73.165012,22.321603,73.175012,2022-03-17,10:20:00,10:25:00,Fog,Low ,motorcycle ,Metropolitian ,90,Outdoors
rbcb086233976,24,4.9,12.934365,77.616155,12.964365,77.646155,2022-03-01,22:25:00,22:30:00,Sandstorms,Low ,scooter ,Urban ,50,Jewelry
ntfy632806049,26,4.0,21.186438,72.794115,21.276438,72.884115,2022-03-04,17:40:00,17:55:00,Windy,Medium ,motorcycle ,Metropolitian ,160,Apparel
fsmb780612355,31,4.9,21.175975,72.795503,21.205975,72.825503,2022-03-15,21:00:00,21:05:00,Windy,Jam ,motorcycle ,Metropolitian ,155,Electronics
ydiu031078133,27,4.8,12.972161,77.596014,12.982161,77.606014,2022-03-21,11:40:00,11:50:00,Sandstorms,High ,scooter ,Metropolitian ,120,Electronics
tbqh751533735,22,4.6,12.978453,77.643685,13.008453,77.673685,2022-03-21,20:00:00,20:05:00,Windy,Jam ,van,Metropolitian ,50,Toys
twou146897119,27,4.8,12.934365,77.616155,12.984365,77.666155,2022-03-03,21:55:00,22:05:00,Windy,Jam ,motorcycle ,Urban ,80,Clothing
fkge985780169,28,4.7,25.45235,81.841889,25.52235,81.911889,2022-02-18,20:25:00,20:35:00,Windy,Jam ,motorcycle ,Metropolitian ,155,Shoes
zmaq198060768,33,4.5,18.593481,73.785901,18.653481,73.845901,2022-03-24,23:45:00,23:55:00,Sandstorms,Low ,motorcycle ,Metropolitian ,125,Kitchen
lugj202583450,27,4.8,12.98041,77.640489,13.11041,77.770489,2022-03-04,20:50:00,21:05:00,Windy,Jam ,scooter ,Metropolitian ,130,Apparel
oqmt920586323,21,4.5,26.846156,75.8023,26.876156,75.8323,2022-03-07,17:20:00,17:25:00,Sandstorms,Medium ,motorcycle ,Urban ,80,Pet Supplies
agkh022283859,38,4.8,0.0,0.0,0.07,0.07,2022-02-14,21:00:00,21:10:00,Sunny,Jam ,scooter ,Metropolitian ,90,Skincare
yiil982923639,22,4.5,22.310526,73.170937,22.360526,73.220937,2022-03-28,23:50:00,23:55:00,Fog,Low ,motorcycle ,Urban ,75,Books
qwhq486776748,34,4.7,19.065838,72.832658,19.125838,72.892658,2022-03-03,21:45:00,21:50:00,Sandstorms,Jam ,motorcycle ,Metropolitian ,245,Toys
lqyq813452304,25,4.7,23.214294,77.435361,23.244294,77.465361,2022-02-11,17:45:00,18:00:00,Sunny,Medium ,scooter ,Metropolitian ,95,Cosmetics
cheu077947962,36,3.7,22.761593,75.886362,22.841593,75.966362,2022-04-02,19:40:00,19:45:00,Stormy,Jam ,scooter ,Metropolitian ,175,Kitchen
bmfz182248876,31,4.6,13.022394,80.242439,13.042394,80.262439,2022-03-21,11:20:00,11:30:00,Sandstorms,High ,scooter ,Urban ,140,Outdoors
hbpa017032306,20,4.7,13.044694,80.26147,13.064694,80.28147,2022-03-26,10:45:00,10:50:00,Fog,Low ,motorcycle ,Metropolitian ,65,Sports
nync865998549,39,4.1,12.310972,76.659264,12.420972,76.769264,2022-03-12,22:15:00,22:30:00,Fog,Low ,motorcycle ,Other,215,Jewelry
komd753895793,34,4.9,18.546258,73.904337,18.576258,73.934337,2022-03-11,20:45:00,20:55:00,Cloudy,Jam ,motorcycle ,Metropolitian ,125,Clothing
dfuq106883081,21,4.6,19.065838,72.832658,19.195838,72.962658,2022-04-06,19:35:00,19:50:00,Sandstorms,Jam ,motorcycle ,Metropolitian ,145,Snacks
jprn746809430,38,4.8,27.160934,78.044095,27.180934,78.064095,2022-02-11,10:55:00,11:10:00,Sunny,Low ,van,Metropolitian ,95,Skincare
zmem976906530,28,4.9,21.183434,72.814492,21.203434,72.834492,2022-04-03,11:25:00,11:40:00,Fog,High ,motorcycle ,Metropolitian ,125,Cosmetics
hran054964572,28,4.9,26.956431,75.776649,27.036431,75.856649,2022-03-27,21:45:00,22:00:00,Stormy,Jam ,scooter ,Metropolitian ,90,Home
qnck653020806,24,4.7,11.025083,77.015393,11.115083,77.105393,2022-03-20,18:35:00,18:50:00,Fog,Medium ,scooter ,Metropolitian ,160,Sports
fvsr935047996,37,4.7,21.186884,72.793616,21.226884,72.833616,2022-03-19,16:55:00,17:05:00,Fog,Medium ,motorcycle ,Metropolitian ,140,Shoes
jmjg730254621,25,4.6,13.026279,80.174568,13.056279,80.204568,2022-04-01,23:50:00,00:00:00,Cloudy,Low ,scooter ,Urban ,50,Jewelry
tioy517966418,33,4.8,19.055831,72.833984,19.095831,72.873984,2022-03-17,16:20:00,16:25:00,Sunny,Medium ,motorcycle ,Metropolitian ,125,Clothing
kmqs444223475,15,1.0,13.054347,80.257221,13.114347,80.317221,2022-03-01,NaN ,18:20:00,,NaN ,van,Urban ,105,Sports
efkn599177730,21,4.5,18.536562,73.896485,18.626562,73.986485,2022-03-04,21:00:00,21:10:00,Cloudy,Jam ,motorcycle ,Metropolitian ,230,Apparel
lase259986860,26,4.7,22.732225,75.874765,22.842225,75.984765,2022-03-31,20:25:00,20:40:00,Cloudy,Jam ,motorcycle ,Metropolitian ,225,Skincare
gihf219624848,20,4.6,12.334022,76.618203,12.384022,76.668203,2022-03-21,18:20:00,18:25:00,Sunny,Medium ,motorcycle ,Metropolitian ,75,Cosmetics
zyfp169519380,36,4.5,13.027018,80.254791,13.107018,80.334791,2022-03-16,17:50:00,18:05:00,Sandstorms,Medium ,van,Urban ,175,Shoes
rqxd617926997,33,4.7,12.978453,77.643685,13.108453,77.773685,2022-03-02,21:30:00,21:45:00,Stormy,Jam ,van,Other,135,Snacks
mqvs966299182,38,4.9,30.895817,75.813112,30.985817,75.903112,2022-02-16,21:50:00,21:55:00,Fog,Jam ,motorcycle ,Metropolitian ,230,Outdoors
qtlb101314404,36,4.6,19.091458,72.827808,19.201458,72.937808,2022-03-04,20:55:00,21:05:00,Sunny,Jam ,motorcycle ,Urban ,140,Jewelry
ugcw359973331,26,4.6,17.424114,78.347554,17.444114,78.367554,2022-03-24,11:30:00,11:40:00,Sandstorms,High ,scooter ,Metropolitian ,100,Skincare
cxxl413804662,31,4.1,17.431668,78.408321,17.561668,78.538321,2022-03-16,21:00:00,21:15:00,Cloudy,Jam ,motorcycle ,Metropolitian ,175,Sports
juni953550546,34,4.1,23.371292,85.327872,23.401292,85.357872,2022-03-24,18:40:00,18:50:00,Windy,Medium ,scooter ,Urban ,155,Jewelry
rzkn346505836,37,4.7,0.0,0.0,0.05,0.05,2022-02-13,23:10:00,23:20:00,Cloudy,Low ,scooter ,Other,90,Pet Supplies
khju238555702,39,4.3,13.064181,80.236442,13.134181,80.306442,2022-03-29,20:40:00,20:50:00,Fog,Jam ,scooter ,Urban ,210,Apparel
ephi446373164,34,4.1,12.939496,77.625999,13.069496,77.755999,2022-03-31,20:15:00,20:30:00,Cloudy,Jam ,motorcycle ,Metropolitian ,245,Home
kled442324435,37,4.4,17.411028,78.329645,17.451028,78.369645,2022-03-24,12:30:00,12:40:00,Stormy,High ,motorcycle ,Metropolitian ,160,Electronics
ruam809506414,28,4.6,10.003064,76.307589,10.113064,76.417589,2022-02-14,19:25:00,19:40:00,Fog,Jam ,motorcycle ,Metropolitian ,175,Outdoors
vldi367386140,38,4.6,12.981615,80.231598,13.001615,80.251598,2022-03-11,10:20:00,10:35:00,Stormy,Low ,motorcycle ,Urban ,100,Skincare
wgro323208175,37,4.5,22.751234,75.88949,22.801234,75.93949,2022-03-24,17:40:00,17:55:00,Cloudy,Medium ,motorcycle ,Urban ,85,Shoes
snnn651650384,31,4.9,30.332735,78.054222,30.472735,78.194222,2022-02-18,23:30:00,23:45:00,Windy,Low ,scooter ,Metropolitian ,90,Shoes
mdbs551909555,20,5.0,12.972532,77.608179,13.082532,77.718179,2022-03-08,21:15:00,21:30:00,Stormy,Jam ,scooter ,Metropolitian ,130,Jewelry
awrt858885603,37,4.6,30.366322,78.070453,30.436322,78.140453,2022-02-12,19:30:00,19:35:00,Cloudy,Jam ,van,Metropolitian ,180,Snacks
snbv462906694,34,4.6,26.471529,80.313458,26.601529,80.443458,2022-02-14,20:10:00,20:20:00,Fog,Jam ,motorcycle ,Metropolitian ,270,Snacks
coyz773713916,35,5.0,19.176269,72.836721,19.226269,72.886721,2022-03-13,23:00:00,23:15:00,Fog,Low ,scooter ,Urban ,90,Cosmetics
kadb808122415,27,4.8,9.991703,76.293136,10.051703,76.353136,2022-02-17,20:50:00,20:55:00,Sunny,Jam ,motorcycle ,Urban ,55,Kitchen
uwyw537158889,20,4.6,30.885915,75.788259,30.895915,75.798259,2022-02-17,10:50:00,10:55:00,Fog,Low ,motorcycle ,Metropolitian ,75,Pet Supplies
iezj005815871,23,4.3,12.979096,77.640625,13.059096,77.720625,2022-03-08,20:45:00,20:55:00,Fog,Jam ,scooter ,Metropolitian ,175,Cosmetics
mfcq658730458,25,4.9,26.766536,75.837333,26.816536,75.887333,2022-03-11,21:35:00,21:45:00,Sunny,Jam ,motorcycle ,Metropolitian ,10,Grocery
wakr172583638,38,4.5,21.149669,72.772629,21.279669,72.902629,2022-03-08,17:25:00,17:35:00,Sunny,Medium ,scooter ,Urban ,110,Pet Supplies
znos623198844,28,4.6,12.933298,77.614293,12.983298,77.664293,2022-03-01,17:35:00,17:50:00,Fog,Medium ,motorcycle ,Urban ,70,Outdoors
akux827159619,33,5.0,30.346994,78.062543,30.436994,78.152543,2022-02-14,18:45:00,18:50:00,Cloudy,Medium ,van,Urban ,200,Kitchen
vdin610745465,35,4.4,12.325461,76.632278,12.395461,76.702278,2022-04-04,20:10:00,20:15:00,Sandstorms,Jam ,motorcycle ,Metropolitian ,170,Sports
bila622284796,39,4.6,26.766536,75.837333,26.856536,75.927333,2022-03-12,19:00:00,19:15:00,Windy,Medium ,scooter ,Metropolitian ,110,Pet Supplies
vdli957505470,20,4.7,17.410371,78.437225,17.450371,78.477225,2022-03-26,12:30:00,12:40:00,Sandstorms,High ,motorcycle ,Other,190,Books
ovrw901171148,39,4.4,21.175975,72.795503,21.305975,72.925503,2022-03-14,19:40:00,19:50:00,Stormy,Jam ,motorcycle ,Metropolitian ,165,Toys
fipz632987474,20,4.2,17.41233,78.449654,17.48233,78.519654,2022-04-02,17:20:00,17:25:00,Sandstorms,Medium ,motorcycle ,Urban ,165,Home
leli007597763,23,4.9,19.1093,72.825451,19.1893,72.905451,2022-03-06,17:30:00,17:45:00,Windy,Medium ,scooter ,Urban ,15,Grocery
wfjy432968933,28,4.8,18.530963,73.828972,18.590963,73.888972,2022-03-03,19:00:00,19:05:00,Fog,Medium ,scooter ,Urban ,55,Books
vzff844795501,34,4.9,27.161661,78.011544,27.301661,78.151544,2022-02-18,22:15:00,22:30:00,Stormy,Low ,motorcycle ,Metropolitian ,145,Cosmetics
scvv475405382,21,4.9,26.914142,75.805704,26.954142,75.845704,2022-03-09,15:20:00,15:25:00,Fog,Medium ,motorcycle ,Urban ,90,Pet Supplies
lmmw269814056,34,4.9,30.895204,75.822103,30.945204,75.872103,2022-02-17,22:40:00,22:55:00,Stormy,Low ,motorcycle ,Metropolitian ,125,Pet Supplies
fyae144754762,26,4.2,19.221315,72.862381,19.251315,72.892381,2022-03-03,23:50:00,23:55:00,Windy,Low ,motorcycle ,Urban ,20,Grocery
rkag146533396,24,4.2,26.892312,75.806896,27.032312,75.946896,2022-03-25,19:50:00,19:55:00,Fog,Jam ,motorcycle ,Urban ,165,Outdoors
shoe123542522,35,4.7,22.727021,75.884167,22.807021,75.964167,2022-03-18,20:30:00,20:45:00,Sunny,Jam ,motorcycle ,Metropolitian ,130,Kitchen
egso572893416,29,4.0,13.058616,80.264151,13.188616,80.394151,2022-03-29,17:10:00,17:15:00,Cloudy,Medium ,van,Metropolitian ,195,Home
okdq242782018,35,4.8,18.533811,73.899315,18.563811,73.929315,2022-03-15,19:20:00,19:35:00,Cloudy,Jam ,motorcycle ,Metropolitian ,165,Books
fmpe882188274,32,4.8,13.029198,77.570997,13.069198,77.610997,2022-03-15,14:10:00,14:20:00,Windy,High ,motorcycle ,Metropolitian ,140,Pet Supplies
mxlp007180367,28,4.5,22.75004,75.902847,22.80004,75.952847,2022-03-03,22:50:00,23:05:00,Stormy,Low ,scooter ,Metropolitian ,80,Sports
hubj658898719,26,4.9,11.026117,76.944652,11.116117,77.034652,2022-03-14,20:40:00,20:45:00,Stormy,Jam ,scooter ,Metropolitian ,145,Home
jlvu017587092,36,4.6,26.88842,75.800689,26.89842,75.810689,2022-03-19,10:50:00,11:00:00,Sandstorms,Low ,motorcycle ,Metropolitian ,120,Skincare
wfal635667884,23,4.8,17.440827,78.393391,17.570827,78.523391,2022-03-27,18:00:00,18:15:00,Sunny,Medium ,motorcycle ,Urban ,10,Grocery
hyxk949160268,31,4.7,21.17106,72.789292,21.21106,72.829292,2022-03-30,12:50:00,13:00:00,Cloudy,High ,motorcycle ,Metropolitian ,170,Electronics
cdzh244894764,34,4.6,12.972161,77.596014,13.102161,77.726014,2022-03-16,22:50:00,23:05:00,Sandstorms,Low ,motorcycle ,Urban ,75,Outdoors
qfiz489666363,38,4.8,22.308096,73.167753,22.418096,73.277753,2022-03-31,20:10:00,20:15:00,Cloudy,Jam ,motorcycle ,Metropolitian ,245,Toys
sbmj771106477,21,4.8,18.546947,73.900626,18.576947,73.930626,2022-03-11,21:50:00,21:55:00,Cloudy,Jam ,motorcycle ,Metropolitian ,145,Skincare
lmxx873980801,35,4.6,17.429585,78.392621,17.559585,78.522621,2022-03-18,18:20:00,18:30:00,Sunny,Medium ,motorcycle ,Metropolitian ,75,Cosmetics
vfpg698959499,34,5.0,23.359194,85.325447,23.379194,85.345447,2022-04-03,11:55:00,12:05:00,Stormy,High ,scooter ,Metropolitian ,155,Books
hacl060673741,36,4.4,19.003517,72.82765,19.043517,72.86765,2022-03-03,16:20:00,16:25:00,Stormy,Medium ,scooter ,Urban ,155,Cosmetics
yoiz065645940,23,4.7,21.157729,72.768726,21.197729,72.808726,2022-03-26,15:35:00,15:40:00,Sunny,Medium ,motorcycle ,Metropolitian ,65,Sports
lxit620692865,31,4.7,12.310972,76.659264,12.350972,76.699264,2022-03-28,13:35:00,13:40:00,Sunny,High ,motorcycle ,Metropolitian ,95,Kitchen
lfey129123203,21,4.9,18.994049,72.825203,19.024049,72.855203,2022-03-07,19:25:00,19:30:00,Fog,Jam ,scooter ,Urban ,115,Toys
nbox956530400,22,4.9,12.979166,77.640709,13.029166,77.690709,2022-03-26,19:25:00,19:35:00,Sunny,Jam ,motorcycle ,Metropolitian ,95,Apparel
spze782175267,34,4.9,12.299524,76.64262,12.319524,76.66262,2022-03-26,11:45:00,11:50:00,Sunny,High ,scooter ,Urban ,90,Sports
zxfs017157182,39,4.2,19.178321,72.834715,19.288321,72.944715,2022-04-06,19:25:00,19:35:00,Sandstorms,Jam ,scooter ,Metropolitian ,160,Apparel
fpzr889553498,21,4.8,9.966783,76.242981,10.056783,76.332981,2022-02-16,19:45:00,20:00:00,Sunny,Jam ,motorcycle ,Metropolitian ,105,Toys
zwzu684953518,22,4.6,18.563934,73.915367,18.593934,73.945367,2022-03-03,20:10:00,20:25:00,Cloudy,Jam ,motorcycle ,Metropolitian ,120,Toys
tark159527680,30,4.3,23.333017,85.3172,23.403017,85.3872,2022-03-29,20:00:00,20:15:00,Cloudy,Jam ,scooter ,Metropolitian ,185,Outdoors
jtjl951243304,30,4.3,10.96185,76.971082,11.00185,77.011082,2022-04-05,13:50:00,14:05:00,Sandstorms,High ,scooter ,Metropolitian ,165,Shoes
fqok079067425,31,4.3,21.186884,72.793616,21.256884,72.863616,2022-03-02,18:35:00,18:45:00,Fog,Medium ,scooter ,Metropolitian ,205,Toys
rhbh597025319,31,4.6,11.022169,76.999594,11.052169,77.029594,2022-03-17,20:55:00,21:05:00,Stormy,Jam ,motorcycle ,Metropolitian ,180,Kitchen
lltg463152963,30,3.5,22.728163,75.884212,22.798163,75.954212,2022-03-10,21:20:00,21:30:00,Windy,Jam ,scooter ,Metropolitian ,190,Home
ujon585751969,36,4.6,18.51421,73.838429,18.62421,73.948429,2022-03-12,20:15:00,20:30:00,Stormy,Jam ,motorcycle ,Metropolitian ,225,Pet Supplies
jwwe634406249,23,4.8,22.311844,73.165081,22.371844,73.225081,2022-03-21,17:10:00,17:20:00,Windy,Medium ,motorcycle ,Metropolitian ,125,Shoes
rbar521574272,50,6.0,0.0,0.0,0.02,0.02,2022-02-13,NaN ,08:50:00,,NaN ,scooter ,Metropolitian ,125,Sports
bbfz666112612,36,4.9,26.921411,75.793604,26.931411,75.803604,2022-03-15,11:15:00,11:30:00,Windy,High ,motorcycle ,Metropolitian ,205,Sports
poyq526857235,34,4.9,12.323225,76.630028,12.413225,76.720028,2022-03-06,19:35:00,19:40:00,Stormy,Jam ,scooter ,Metropolitian ,140,Snacks
istj070213071,27,4.2,19.178321,72.834715,19.268321,72.924715,2022-04-06,20:30:00,20:35:00,Stormy,Jam ,motorcycle ,Metropolitian ,165,Jewelry
rswm929909668,33,5.0,18.636215,73.751081,18.656215,73.771081,2022-03-17,10:55:00,11:10:00,Fog,Low ,scooter ,Metropolitian ,85,Books
tkke828590082,25,4.8,18.536562,73.896485,18.566562,73.926485,2022-03-30,19:25:00,19:35:00,Stormy,Jam ,motorcycle ,Urban ,95,Outdoors
fwfz994221682,31,4.1,22.75004,75.902847,22.78004,75.932847,2022-03-21,20:20:00,20:35:00,Fog,Jam ,van,Metropolitian ,180,Apparel
saar311987324,28,4.8,12.284747,76.625861,12.314747,76.655861,2022-03-24,20:45:00,20:50:00,Fog,Jam ,van,Metropolitian ,110,Kitchen
hmia297147220,28,4.9,19.876106,75.340775,19.966106,75.430775,2022-02-12,18:50:00,18:55:00,Sandstorms,Medium ,motorcycle ,Metropolitian ,130,Sports
hgrl966731732,37,4.6,26.902908,75.792934,26.942908,75.832934,2022-03-19,16:30:00,16:40:00,Fog,Medium ,motorcycle ,Metropolitian ,85,Snacks
guds857242985,26,5.0,26.956431,75.776649,26.966431,75.786649,2022-03-11,11:20:00,11:25:00,Sunny,High ,motorcycle ,Other,65,Jewelry
abcz739809130,36,4.6,22.722634,75.886959,22.852634,76.016959,2022-03-29,18:35:00,18:40:00,Sandstorms,Medium ,motorcycle ,Metropolitian ,120,Pet Supplies
qkdd405322484,31,5.0,21.170096,72.789122,21.200096,72.819122,2022-04-05,20:35:00,20:40:00,Fog,Jam ,motorcycle ,Metropolitian ,135,Snacks
wmnm566124505,26,4.7,17.428294,78.404423,17.458294,78.434423,2022-03-30,23:35:00,23:50:00,Windy,Low ,motorcycle ,Metropolitian ,65,Pet Supplies
zhwz968002462,30,5.0,26.483042,80.317833,26.503042,80.337833,2022-02-11,10:10:00,10:25:00,Cloudy,Low ,scooter ,Metropolitian ,95,Shoes
ebve038378856,23,4.7,12.972793,80.249982,13.032793,80.309982,2022-03-01,19:20:00,19:30:00,Fog,Jam ,scooter ,Metropolitian ,23,Grocery
geic605430592,34,4.4,23.233219,77.433571,23.273219,77.473571,2022-02-11,16:35:00,16:45:00,Sandstorms,Medium ,motorcycle ,Metropolitian ,170,Clothing
psqg849740879,36,4.8,26.913483,75.803139,26.973483,75.863139,2022-03-05,17:15:00,17:20:00,Cloudy,Medium ,scooter ,Metropolitian ,80,Electronics
oczi839761904,37,4.6,26.913483,75.803139,26.953483,75.843139,2022-03-28,13:30:00,13:35:00,Fog,High ,motorcycle ,Metropolitian ,135,Toys
jtre242850595,31,4.9,12.978453,77.643685,13.048453,77.713685,2022-03-18,23:40:00,23:50:00,Sandstorms,Low ,scooter ,Metropolitian ,105,Snacks
eqcs597741768,38,5.0,22.74806,75.8934,22.82806,75.9734,2022-03-18,21:20:00,21:35:00,Cloudy,Jam ,scooter ,Metropolitian ,210,Jewelry
ddnf709184656,27,4.1,12.979166,77.640709,13.029166,77.690709,2022-03-13,22:00:00,22:15:00,Sandstorms,Jam ,motorcycle ,Metropolitian ,180,Home
dbsv630423519,30,4.6,22.74806,75.8934,22.85806,76.0034,2022-03-31,22:55:00,23:00:00,Sandstorms,Low ,motorcycle ,Metropolitian ,105,Kitchen
kwmx047455083,38,4.5,26.90519,75.810753,26.91519,75.820753,2022-04-03,10:00:00,10:05:00,Cloudy,Low ,scooter ,Metropolitian ,85,Snacks
qrko476677585,31,4.6,18.56245,73.916619,18.69245,74.046619,2022-03-23,20:30:00,20:40:00,Cloudy,Jam ,scooter ,Urban ,225,Snacks
nyjq156816432,33,4.7,26.921411,75.793604,26.941411,75.813604,2022-03-30,09:25:00,09:30:00,Fog,Low ,motorcycle ,Urban ,110,Kitchen
uxpe531745376,34,4.8,19.065838,72.832658,19.085838,72.852658,2022-03-17,09:10:00,09:20:00,Sandstorms,Low ,scooter ,Metropolitian ,145,Snacks
opvj042415332,22,4.5,21.157729,72.768726,21.287729,72.898726,2022-03-08,17:10:00,17:20:00,Cloudy,Medium ,motorcycle ,Metropolitian ,220,Apparel
yskv464898079,25,4.8,13.045479,80.23311,13.105479,80.29311,2022-04-03,22:40:00,22:50:00,Cloudy,Low ,motorcycle ,Metropolitian ,105,Sports
iwjx796644240,29,4.9,0.0,0.0,0.01,0.01,2022-03-17,08:25:00,08:35:00,Windy,Low ,scooter ,Urban ,85,Shoes
popo793509873,30,4.3,12.979096,77.640625,12.999096,77.660625,2022-03-03,10:40:00,10:55:00,Stormy,Low ,motorcycle ,Metropolitian ,150,Outdoors
xhsl808348607,21,4.9,21.15276,72.778059,21.20276,72.828059,2022-03-21,19:20:00,19:30:00,Cloudy,Jam ,motorcycle ,Metropolitian ,140,Shoes
dlva748096287,27,4.5,22.695207,75.866059,22.825207,75.996059,2022-03-06,17:15:00,17:25:00,Sunny,Medium ,motorcycle ,Urban ,80,Shoes
xeeb958693757,27,5.0,26.905287,75.794592,26.925287,75.814592,2022-03-19,10:40:00,10:55:00,Cloudy,Low ,motorcycle ,Urban ,50,Cosmetics
shfn299663550,34,4.6,0.0,0.0,0.07,0.07,2022-03-12,19:15:00,19:20:00,Windy,Jam ,scooter ,Metropolitian ,125,Pet Supplies
tdyu318556566,39,3.6,30.335259,78.053162,30.415259,78.133162,2022-02-18,23:10:00,23:15:00,Cloudy,Low ,motorcycle ,Metropolitian ,185,Kitchen
dlmc225906663,23,4.8,21.175975,72.795503,21.305975,72.925503,2022-03-25,19:15:00,19:30:00,Fog,Jam ,scooter ,Metropolitian ,160,Skincare
pkfy789404617,39,5.0,17.422819,78.449578,17.512819,78.539578,2022-03-06,17:20:00,17:30:00,Fog,Medium ,motorcycle ,Metropolitian ,185,Toys
xtel840451269,36,4.7,13.022394,80.242439,13.082394,80.302439,2022-03-19,18:30:00,18:40:00,Fog,Medium ,van,Metropolitian ,85,Snacks
nbap761807353,38,4.7,25.45235,81.841889,25.46235,81.851889,2022-02-11,08:45:00,09:00:00,Sunny,Low ,motorcycle ,Metropolitian ,135,Electronics
ufxa262828632,31,4.0,12.299524,76.64262,12.389524,76.73262,2022-03-29,17:10:00,17:20:00,Sandstorms,Medium ,motorcycle ,Metropolitian ,245,Toys
ewrz392518582,27,4.9,17.433809,78.386744,17.543809,78.496744,2022-03-14,18:20:00,18:25:00,Stormy,Medium ,motorcycle ,Metropolitian ,120,Kitchen
lczs757806845,21,4.9,12.933298,77.614293,13.043298,77.724293,2022-03-29,22:25:00,22:40:00,Windy,Low ,motorcycle ,Urban ,105,Snacks
kxve993725643,30,5.0,12.323978,76.627961,12.383978,76.687961,2022-04-05,20:40:00,20:50:00,Sandstorms,Jam ,scooter ,Metropolitian ,150,Cosmetics
hogd667674823,27,4.6,18.536718,73.830327,18.576718,73.870328,2022-03-03,15:55:00,16:00:00,Sandstorms,Medium ,scooter ,Metropolitian ,100,Books
qhyh710035504,34,4.6,25.457687,81.835585,25.477687,81.855585,2022-02-15,08:15:00,08:25:00,Fog,Low ,motorcycle ,Metropolitian ,28,Grocery
bvfi520510435,28,4.6,23.369746,85.33982,23.389746,85.35982,2022-03-01,11:40:00,11:50:00,Windy,High ,motorcycle ,Metropolitian ,125,Home
aqjj419657356,32,5.0,0.0,0.0,0.06,0.06,2022-02-15,22:15:00,22:25:00,Cloudy,Low ,van,Metropolitian ,75,Skincare
gtew887225145,36,5.0,22.751234,75.88949,22.761234,75.89949,2022-03-01,10:10:00,10:25:00,Sunny,Low ,scooter ,Metropolitian ,60,Home
ridr206021669,27,4.8,21.173343,72.792731,21.203343,72.822731,2022-03-01,18:15:00,18:20:00,Windy,Medium ,motorcycle ,Metropolitian ,140,Cosmetics
tisr851896887,21,4.8,22.310526,73.170937,22.350526,73.210937,2022-04-03,13:25:00,13:35:00,Windy,High ,motorcycle ,Urban ,80,Books
ifqv244820980,32,4.5,12.934179,77.615797,12.974179,77.655797,2022-03-05,15:10:00,15:25:00,Sunny,Medium ,motorcycle ,Metropolitian ,115,Snacks
uuul472528265,24,4.7,19.103249,72.846749,19.173249,72.916749,2022-03-20,20:30:00,20:40:00,Fog,Jam ,scooter ,Urban ,215,Snacks
hlwl381341195,24,4.7,0.0,0.0,0.09,0.09,2022-02-14,21:15:00,21:20:00,Fog,Jam ,scooter ,Metropolitian ,210,Books
hsfl627173720,28,4.0,12.310972,76.659264,12.400972,76.749264,2022-04-06,17:40:00,17:50:00,Stormy,Medium ,motorcycle ,Metropolitian ,170,Snacks
nicq453802842,21,4.5,18.55144,73.804855,18.57144,73.824855,2022-03-15,11:10:00,11:15:00,Stormy,High ,scooter ,Metropolitian ,90,Apparel
pogp353440596,21,4.9,12.933284,77.615428,12.993284,77.675428,2022-04-03,23:55:00,00:05:00,Stormy,Low ,motorcycle ,Metropolitian ,90,Kitchen
ychx591144031,35,4.6,27.160934,78.044095,27.220934,78.104095,2022-02-15,23:45:00,23:55:00,Sandstorms,Low ,motorcycle ,Metropolitian ,120,Books
urvv251663702,33,4.5,19.207222,72.972281,19.337222,73.102281,2022-03-10,23:30:00,23:35:00,Sandstorms,Low ,scooter ,Metropolitian ,90,Shoes
btsi398742989,37,4.4,0.0,0.0,0.07,0.07,2022-03-10,21:35:00,21:50:00,Stormy,Jam ,motorcycle ,Metropolitian ,250,Shoes
yzoq533572697,28,4.8,12.316967,76.603067,12.346967,76.633067,2022-03-13,20:00:00,20:15:00,Windy,Jam ,motorcycle ,Metropolitian ,120,Home
qfyj541215238,25,4.7,22.751234,75.88949,22.841234,75.97949,2022-03-18,20:15:00,20:30:00,Sandstorms,Jam ,scooter ,Metropolitian ,75,Shoes
olei813736174,30,4.1,26.90294,75.793007,27.01294,75.903007,2022-03-12,22:20:00,22:30:00,Cloudy,Low ,van,Urban ,195,Sports
pqcp028397646,29,4.7,26.902328,75.794257,26.942328,75.834257,2022-03-26,16:25:00,16:35:00,Stormy,Medium ,motorcycle ,Metropolitian ,130,Sports
bsbm622176375,28,5.0,18.543626,73.905101,18.593626,73.955101,2022-03-01,20:50:00,21:05:00,Windy,Jam ,van,Metropolitian ,65,Electronics
vgxm027187520,27,4.8,18.533811,73.899315,18.543811,73.909315,2022-03-17,10:20:00,10:25:00,Fog,Low ,motorcycle ,Urban ,85,Books
awls619654445,36,4.8,19.120083,72.907385,19.130083,72.917385,2022-03-30,09:15:00,09:30:00,Fog,Low ,motorcycle ,Metropolitian ,125,Books
oihr301697332,37,3.8,9.979186,76.317361,10.059186,76.397361,2022-02-16,21:15:00,21:25:00,Sunny,Jam ,van,Metropolitian ,155,Pet Supplies
xpnt039725274,25,4.7,17.431477,78.40035,17.451477,78.42035,2022-04-03,08:10:00,08:15:00,Cloudy,Low ,van,Metropolitian ,85,Kitchen
wthe627645341,37,4.5,22.527893,88.368628,22.617893,88.458628,2022-02-18,19:10:00,19:20:00,Windy,Jam ,scooter ,Metropolitian ,200,Sports
vavv645626728,37,4.7,23.355164,85.324097,23.395164,85.364097,2022-03-01,15:00:00,15:05:00,Cloudy,High ,scooter ,Metropolitian ,160,Electronics
dacr217955127,21,4.8,22.751234,75.88949,22.831234,75.96949,2022-03-04,21:55:00,22:05:00,Stormy,Jam ,motorcycle ,Urban ,130,Toys
yedx294290274,37,4.8,19.103249,72.846749,19.143249,72.886749,2022-03-19,16:20:00,16:35:00,Sunny,Medium ,scooter ,Metropolitian ,80,Clothing
aqti230220077,36,4.6,12.972532,77.608179,13.032532,77.668179,2022-03-11,17:25:00,17:35:00,Stormy,Medium ,motorcycle ,Metropolitian ,140,Outdoors
lufq055168571,25,4.0,19.176269,72.836721,19.186269,72.846721,2022-03-15,08:40:00,08:45:00,Stormy,Low ,motorcycle ,Metropolitian ,120,Toys
sqoa331078187,28,5.0,19.178321,72.834715,19.268321,72.924715,2022-03-23,18:00:00,18:15:00,Sunny,Medium ,motorcycle ,Urban ,105,Skincare
tqqq117400105,39,4.5,21.157729,72.768726,21.187729,72.798726,2022-03-30,18:25:00,18:35:00,Cloudy,Medium ,motorcycle ,Metropolitian ,80,Books
tohz156076022,20,4.5,13.054347,80.257221,13.124347,80.327221,2022-04-02,19:25:00,19:35:00,Sunny,Jam ,scooter ,Urban ,10,Grocery
hzax543233679,23,4.6,13.064181,80.236442,13.074181,80.246442,2022-03-26,10:30:00,10:35:00,Stormy,Low ,van,Urban ,70,Books
jecz459501802,23,4.9,22.753659,75.903365,22.773659,75.923365,2022-04-05,09:45:00,10:00:00,Stormy,Low ,scooter ,Metropolitian ,80,Toys
vmob187982476,25,4.9,26.463504,80.372929,26.593504,80.502929,2022-02-16,22:45:00,22:55:00,Stormy,Low ,motorcycle ,Metropolitian ,90,Electronics
igvf222877993,36,4.8,12.981615,80.231598,13.051615,80.301598,2022-03-08,18:25:00,18:35:00,Fog,Medium ,scooter ,Metropolitian ,215,Outdoors
ecuc374282019,25,5.0,21.185047,72.80859,21.275047,72.89859,2022-03-29,23:45:00,23:55:00,Sunny,Low ,motorcycle ,Metropolitian ,135,Apparel
jexv380645846,38,4.5,9.985697,76.281128,10.005697,76.301128,2022-02-15,09:35:00,09:50:00,Fog,Low ,motorcycle ,Metropolitian ,100,Jewelry
gvwo788096770,39,5.0,18.546947,73.900626,18.586947,73.940626,2022-03-26,15:50:00,15:55:00,Sunny,Medium ,motorcycle ,Metropolitian ,135,Home
ttrz594909757,26,4.2,22.310329,73.169083,22.350329,73.209083,2022-03-05,13:40:00,13:55:00,Fog,High ,motorcycle ,Metropolitian ,160,Shoes
jzkm575921901,35,5.0,19.22384,72.841347,19.25384,72.871347,2022-03-30,17:50:00,17:55:00,Sandstorms,Medium ,motorcycle ,Metropolitian ,130,Apparel
bgbo527996744,33,4.7,26.891191,75.802083,26.981191,75.892083,2022-03-29,20:50:00,21:00:00,Fog,Jam ,motorcycle ,Metropolitian ,270,Snacks
vmez936862045,38,4.2,19.875908,75.358888,19.985908,75.468888,2022-02-12,20:55:00,21:05:00,Fog,Jam ,motorcycle ,Metropolitian ,225,Apparel
lsjk696739204,32,4.7,23.357804,85.325146,23.387804,85.355146,2022-03-26,17:20:00,17:30:00,Fog,Medium ,motorcycle ,Metropolitian ,125,Kitchen
zbjk795973190,32,4.9,26.474986,80.342796,26.484986,80.352796,2022-02-15,09:50:00,10:00:00,Fog,Low ,scooter ,Urban ,80,Sports
jehl718961149,28,5.0,26.914142,75.805704,27.024142,75.915704,2022-03-10,17:10:00,17:25:00,Fog,Medium ,motorcycle ,Metropolitian ,205,Clothing
rsvc396987539,35,4.9,19.120083,72.907385,19.150083,72.937385,2022-03-11,22:15:00,22:20:00,Fog,Low ,motorcycle ,Metropolitian ,140,Home
itge661509134,35,4.9,13.058616,80.264151,13.188616,80.394151,2022-03-04,19:25:00,19:30:00,Fog,Jam ,motorcycle ,Urban ,210,Jewelry
zzsx562940707,39,4.8,12.310972,76.659264,12.350972,76.699264,2022-04-01,12:30:00,12:45:00,Cloudy,High ,motorcycle ,Metropolitian ,140,Cosmetics
twhc351555839,27,4.8,26.910262,75.783013,27.000262,75.873013,2022-03-25,23:35:00,23:50:00,Sandstorms,Low ,motorcycle ,Urban ,50,Skincare
kqqe361181377,22,3.8,21.170096,72.789122,21.220096,72.839122,2022-04-03,19:30:00,19:35:00,Sunny,Jam ,motorcycle ,Urban ,40,Grocery
vrdh338288386,37,4.0,11.000762,76.981876,11.010762,76.991876,2022-03-07,11:40:00,11:55:00,Sandstorms,High ,scooter ,Metropolitian ,160,Kitchen
mwux540099903,35,4.9,23.369746,85.33982,23.459746,85.42982,2022-03-08,22:55:00,23:05:00,Windy,Low ,motorcycle ,Metropolitian ,130,Kitchen
xbvt623556049,20,4.8,19.1813,72.836191,19.2913,72.946191,2022-03-08,19:20:00,19:35:00,Sandstorms,Jam ,motorcycle ,Urban ,105,Apparel
ayiu789194788,39,4.5,12.304569,76.643622,12.354569,76.693622,2022-03-24,19:55:00,20:00:00,Sunny,Jam ,motorcycle ,Metropolitian ,115,Snacks
xwdr309548207,24,4.6,12.284747,76.625861,12.374747,76.715861,2022-03-10,21:00:00,21:05:00,Sandstorms,Jam ,scooter ,Metropolitian ,85,Cosmetics
flcw452485343,27,4.7,21.149669,72.772629,21.279669,72.902629,2022-03-06,18:45:00,18:50:00,Windy,Medium ,motorcycle ,Metropolitian ,90,Jewelry
zdfk388011756,24,4.5,12.979096,77.640625,12.999096,77.660625,2022-03-30,10:15:00,10:25:00,Fog,Low ,motorcycle ,Metropolitian ,95,Outdoors
iokk606848918,20,4.9,17.45971,78.368855,17.47971,78.388855,2022-04-05,08:25:00,08:40:00,Fog,Low ,scooter ,Metropolitian ,60,Pet Supplies
waya448917959,22,5.0,12.323194,76.630583,12.393194,76.700583,2022-03-16,21:45:00,21:55:00,Stormy,Jam ,van,Urban ,105,Skincare
qhyq994085053,29,4.5,19.1813,72.836191,19.1913,72.846191,2022-03-05,08:10:00,08:20:00,Sandstorms,Low ,motorcycle ,Urban ,125,Cosmetics
ywfs093594757,39,4.7,22.311844,73.165081,22.331844,73.185081,2022-03-28,08:15:00,08:30:00,Cloudy,Low ,scooter ,Urban ,85,Apparel
mrli969041751,31,4.2,26.911378,75.789034,27.051378,75.929034,2022-03-16,18:10:00,18:15:00,Fog,Medium ,scooter ,Metropolitian ,195,Sports
dhdj190971377,26,4.0,10.96185,76.971082,10.97185,76.981082,2022-03-28,09:55:00,10:10:00,Windy,Low ,motorcycle ,Urban ,23,Grocery
ywwu975181089,26,4.6,13.054347,80.257221,13.084347,80.287221,2022-03-13,17:10:00,17:25:00,Sandstorms,Medium ,motorcycle ,Metropolitian ,95,Books
fios515904898,34,3.8,12.981615,80.231598,13.061615,80.311598,2022-04-02,22:20:00,22:25:00,Cloudy,Low ,scooter ,Metropolitian ,34,Grocery
tosk964756922,26,4.7,23.369746,85.33982,23.379746,85.34982,2022-03-07,09:10:00,09:20:00,Sunny,Low ,motorcycle ,Metropolitian ,115,Skincare
igqv096314768,29,4.9,17.424114,78.347554,17.504114,78.427554,2022-04-02,19:35:00,19:50:00,Cloudy,Jam ,motorcycle ,Metropolitian ,190,Kitchen
enid664313563,25,4.1,21.160437,72.774209,21.270437,72.884209,2022-04-02,18:55:00,19:10:00,Stormy,Medium ,motorcycle ,Metropolitian ,180,Jewelry
ekfm505587058,24,4.2,26.479108,80.315042,26.489108,80.325042,2022-02-17,10:55:00,11:05:00,Stormy,Low ,motorcycle ,Metropolitian ,125,Electronics
kisj704646416,25,5.0,22.725748,75.898497,22.735747,75.908497,2022-03-09,08:50:00,09:05:00,Stormy,Low ,scooter ,Urban ,70,Shoes
snzp767526818,29,4.3,23.369746,85.33982,23.429746,85.39982,2022-03-03,22:25:00,22:30:00,Stormy,Low ,motorcycle ,Metropolitian ,130,Shoes
uign713785824,25,2.5,12.933298,77.614293,13.003298,77.684293,2022-04-04,23:00:00,23:10:00,Sunny,Low ,scooter ,Metropolitian ,170,Skincare
cfpr558395056,34,4.9,12.939496,77.625999,12.979496,77.665999,2022-04-01,16:10:00,16:15:00,Fog,Medium ,motorcycle ,Urban ,85,Skincare
zqxm630209557,28,4.9,21.170798,72.790489,21.230798,72.850489,2022-03-05,19:55:00,20:00:00,Fog,Jam ,scooter ,Metropolitian ,165,Clothing
rezp899191704,22,4.7,13.045479,80.23311,13.075479,80.26311,2022-03-01,19:25:00,19:40:00,Stormy,Jam ,motorcycle ,Metropolitian ,80,Kitchen
pwpd157101110,31,4.8,0.0,0.0,0.13,0.13,2022-03-16,21:50:00,22:05:00,Sunny,Jam ,scooter ,Urban ,110,Skincare
lcgk008504983,21,4.7,26.766536,75.837333,26.896536,75.967333,2022-04-04,20:30:00,20:40:00,Windy,Jam ,scooter ,Metropolitian ,135,Home
kjxk952756310,38,4.5,18.536718,73.830327,18.576718,73.870328,2022-03-05,15:35:00,15:50:00,Windy,Medium ,motorcycle ,Urban ,125,Cosmetics
jmnb874404634,35,4.7,0.0,0.0,0.08,0.08,2022-03-18,21:25:00,21:30:00,Stormy,Jam ,scooter ,Metropolitian ,140,Kitchen
whgg852471364,21,5.0,0.0,0.0,0.08,0.08,2022-03-31,22:50:00,23:05:00,Fog,Low ,van,Metropolitian ,135,Toys
ocvn263737827,23,4.7,12.3085,76.665808,12.3485,76.705808,2022-03-03,15:50:00,15:55:00,Fog,Medium ,motorcycle ,Metropolitian ,70,Clothing
unic591472044,32,4.8,23.369746,85.33982,23.429746,85.39982,2022-04-05,20:45:00,21:00:00,Fog,Jam ,motorcycle ,Metropolitian ,165,Jewelry
nnlr431996974,27,4.6,0.0,0.0,0.04,0.04,2022-02-15,12:45:00,13:00:00,Stormy,High ,motorcycle ,Metropolitian ,175,Clothing
lrpn607817005,22,4.7,15.544419,73.755736,15.594419,73.805736,2022-02-11,23:20:00,23:35:00,Windy,Low ,motorcycle ,Metropolitian ,90,Cosmetics
gjgn685914713,39,5.0,26.846156,75.8023,26.926156,75.8823,2022-03-06,19:00:00,19:05:00,Cloudy,Medium ,motorcycle ,Metropolitian ,210,Books
kgbu947720576,34,4.7,13.044694,80.26147,13.074694,80.29147,2022-03-19,23:25:00,23:35:00,Stormy,Low ,scooter ,Other,135,Toys
aggb939717076,37,4.9,11.025083,77.015393,11.155083,77.145393,2022-03-20,19:20:00,19:30:00,Fog,Jam ,motorcycle ,Metropolitian ,265,Home
wybs324561472,38,4.9,18.543626,73.905101,18.553626,73.915101,2022-03-30,09:00:00,09:15:00,Sandstorms,Low ,scooter ,Metropolitian ,135,Clothing
qjmr785875218,28,4.9,11.02091,76.940432,11.09091,77.010432,2022-03-14,21:25:00,21:35:00,Windy,Jam ,motorcycle ,Metropolitian ,90,Skincare
vwtb289417023,26,5.0,21.175975,72.795503,21.205975,72.825503,2022-03-17,22:00:00,22:05:00,Stormy,Jam ,motorcycle ,Metropolitian ,150,Kitchen
ypha998871442,27,4.1,23.230791,77.43702,23.250791,77.45702,2022-02-15,08:10:00,08:25:00,Sandstorms,Low ,motorcycle ,Metropolitian ,135,Sports
fvmt861075303,37,4.4,21.183434,72.814492,21.313434,72.944492,2022-03-02,19:45:00,19:55:00,Windy,Jam ,motorcycle ,Metropolitian ,180,Skincare
qsom657719337,36,4.8,30.899992,75.831338,30.909992,75.841338,2022-02-15,08:15:00,08:25:00,Stormy,Low ,motorcycle ,Metropolitian ,135,Outdoors
lhdf669070518,26,4.6,25.449659,81.839744,25.559659,81.949744,2022-02-12,22:50:00,22:55:00,Fog,Low ,motorcycle ,Urban ,115,Apparel
iitr723488874,38,4.8,22.725748,75.898497,22.735747,75.908497,2022-03-11,08:25:00,08:30:00,Sunny,Low ,motorcycle ,Metropolitian ,26,Grocery
wnko850692000,35,4.3,18.536718,73.830327,18.576718,73.870328,2022-03-09,16:40:00,16:55:00,Sandstorms,Medium ,motorcycle ,Metropolitian ,165,Snacks
apxj850967676,35,4.2,22.310329,73.169083,22.340329,73.199083,2022-03-28,21:15:00,21:25:00,Stormy,Jam ,van,Metropolitian ,165,Snacks
abud783889000,39,5.0,11.003008,76.97544,11.093008,77.06544,2022-03-16,22:50:00,22:55:00,Windy,Low ,scooter ,Metropolitian ,140,Outdoors
schx473967981,35,4.5,18.554382,73.798206,18.624382,73.868206,2022-03-27,17:55:00,18:10:00,Stormy,Medium ,motorcycle ,Urban ,34,Grocery
fgwu751851044,24,4.5,19.120083,72.907385,19.190083,72.977385,2022-03-23,20:10:00,20:25:00,Sunny,Jam ,motorcycle ,Metropolitian ,100,Jewelry
lgjc868794823,30,4.7,22.514585,88.39331,22.624585,88.50331,2022-02-16,21:55:00,22:00:00,Sunny,Jam ,scooter ,Metropolitian ,95,Clothing
ynng543931923,30,4.6,22.722634,75.886959,22.772634,75.936959,2022-03-15,17:10:00,17:25:00,Windy,Medium ,scooter ,Metropolitian ,170,Cosmetics
zbzf757283689,33,4.2,18.53408,73.89852,18.57408,73.93852,2022-03-30,13:35:00,13:45:00,Fog,High ,motorcycle ,Metropolitian ,160,Apparel
ncwx682697219,36,4.8,22.722634,75.886959,22.772634,75.936959,2022-03-13,23:35:00,23:45:00,Sunny,Low ,van,Metropolitian ,55,Apparel
jlik845537541,38,4.0,10.994136,76.963303,11.064136,77.033303,2022-03-12,20:15:00,20:25:00,Stormy,Jam ,motorcycle ,Urban ,180,Cosmetics
mpyo938204338,35,4.6,12.906229,77.596791,12.936229,77.626791,2022-03-24,20:25:00,20:35:00,Windy,Jam ,scooter ,Metropolitian ,155,Home
leac281622309,27,4.6,19.131141,72.813074,19.151141,72.833074,2022-04-05,10:00:00,10:05:00,Windy,Low ,van,Metropolitian ,55,Shoes
libi732501950,27,4.9,12.906229,77.596791,12.986229,77.676791,2022-03-02,23:25:00,23:40:00,Fog,Low ,scooter ,Metropolitian ,100,Kitchen
func889863917,24,4.6,23.374989,85.335486,23.434989,85.395486,2022-03-13,22:35:00,22:45:00,Sunny,Low ,motorcycle ,Metropolitian ,90,Outdoors
aryw460923574,37,4.1,17.455894,78.375467,17.535894,78.455467,2022-03-31,21:00:00,21:05:00,Stormy,Jam ,scooter ,Urban ,180,Electronics
owqv349205483,38,5.0,18.554382,73.798206,18.634382,73.878206,2022-03-02,17:25:00,17:35:00,Cloudy,Medium ,scooter ,Metropolitian ,36,Grocery
qabe630519730,22,4.6,12.310972,76.659264,12.340972,76.689264,2022-03-01,18:25:00,18:40:00,Stormy,Medium ,scooter ,Urban ,110,Books
toje940670206,21,4.3,22.751234,75.88949,22.841234,75.97949,2022-03-02,21:10:00,21:25:00,Fog,Jam ,scooter ,Urban ,155,Pet Supplies
wlhh221558749,20,4.8,17.411028,78.329645,17.481028,78.399645,2022-03-20,21:20:00,21:35:00,Sandstorms,Jam ,scooter ,Metropolitian ,110,Pet Supplies
kqzi192303529,27,4.3,22.308096,73.167753,22.418096,73.277753,2022-03-25,21:20:00,21:30:00,Fog,Jam ,scooter ,Metropolitian ,175,Shoes
muku225030759,31,5.0,22.311358,73.164798,22.361358,73.214798,2022-03-03,23:35:00,23:50:00,Cloudy,Low ,motorcycle ,Metropolitian ,75,Skincare
shvb115001181,35,4.6,12.934179,77.615797,12.984179,77.665797,2022-03-01,19:30:00,19:35:00,Stormy,Jam ,scooter ,Urban ,130,Toys
neib950015341,32,4.7,18.569156,73.774723,18.629156,73.834723,2022-04-03,21:40:00,21:45:00,Sunny,Jam ,scooter ,Metropolitian ,100,Apparel
syaw682550955,26,4.8,25.450317,81.831681,25.590317,81.971681,2022-02-16,17:25:00,17:35:00,Cloudy,Medium ,scooter ,Metropolitian ,175,Kitchen
cput073811462,33,4.8,12.323978,76.627961,12.333978,76.637961,2022-03-11,11:50:00,11:55:00,Cloudy,High ,scooter ,Metropolitian ,175,Snacks
clba647777560,22,4.9,22.751234,75.88949,22.821234,75.95949,2022-03-12,17:10:00,17:15:00,Sunny,Medium ,motorcycle ,Metropolitian ,140,Apparel
zlst775772675,32,4.0,19.176269,72.836721,19.286269,72.946721,2022-03-23,17:50:00,18:00:00,Stormy,Medium ,motorcycle ,Metropolitian ,170,Snacks
epws628648070,39,4.2,13.066762,80.251865,13.096762,80.281865,2022-03-28,22:00:00,22:05:00,Stormy,Jam ,scooter ,Metropolitian ,160,Electronics
yjnx540758059,34,4.9,19.875016,75.322405,19.885016,75.332405,2022-02-11,10:15:00,10:20:00,Stormy,Low ,motorcycle ,Metropolitian ,135,Apparel
ytol079995115,34,4.9,26.902908,75.792934,26.982908,75.872934,2022-03-23,23:55:00,00:05:00,Sunny,Low ,scooter ,Metropolitian ,75,Snacks
kffz743500833,24,4.7,11.016298,76.972076,11.086298,77.042076,2022-03-04,22:00:00,22:10:00,Stormy,Jam ,motorcycle ,Metropolitian ,190,Outdoors
fflb071481119,39,4.8,30.88722,75.804893,30.94722,75.864893,2022-02-11,22:10:00,22:20:00,Windy,Low ,motorcycle ,Urban ,100,Sports
yvfp858891369,26,3.2,22.727021,75.884167,22.837021,75.994167,2022-03-18,22:35:00,22:45:00,Sunny,Low ,motorcycle ,Metropolitian ,210,Home
fwjx989881859,27,4.6,12.334022,76.618203,12.374022,76.658203,2022-03-05,13:10:00,13:25:00,Stormy,High ,scooter ,Metropolitian ,135,Electronics
nbrd855914878,33,4.3,18.55144,73.804855,18.66144,73.914855,2022-03-25,18:50:00,19:00:00,Fog,Medium ,motorcycle ,Metropolitian ,175,Pet Supplies
xuvu859487520,29,4.5,22.552996,88.35231,22.662996,88.46231,2022-02-18,19:50:00,20:00:00,Sandstorms,Jam ,scooter ,Metropolitian ,120,Snacks
lqme129431593,24,4.9,26.891191,75.802083,26.961191,75.872083,2022-03-12,22:30:00,22:40:00,Cloudy,Low ,motorcycle ,Metropolitian ,105,Clothing
zbvw917149958,27,4.9,23.359407,85.325055,23.439407,85.405055,2022-03-10,21:10:00,21:25:00,Sunny,Jam ,motorcycle ,Urban ,120,Jewelry
elsx618923177,39,4.5,27.158822,78.045359,27.188822,78.075359,2022-02-17,00:00:00,00:10:00,Sandstorms,Low ,motorcycle ,Metropolitian ,110,Pet Supplies
coik051047423,29,4.8,22.761593,75.886362,22.771593,75.896362,2022-03-30,11:35:00,11:50:00,Sandstorms,High ,motorcycle ,Metropolitian ,65,Home
skvy273560627,32,4.6,12.933284,77.615428,13.013284,77.695428,2022-03-31,19:55:00,20:05:00,Fog,Jam ,motorcycle ,Metropolitian ,215,Books
lbkf959274799,35,4.9,13.005801,80.250744,13.025801,80.270744,2022-03-11,09:00:00,09:05:00,Sunny,Low ,scooter ,Metropolitian ,11,Grocery
mhdr859671263,32,4.6,12.321214,76.621094,12.371214,76.671094,2022-04-05,18:50:00,19:00:00,Cloudy,Medium ,motorcycle ,Metropolitian ,165,Skincare
dgou377052892,36,4.2,17.429585,78.392621,17.499585,78.462621,2022-03-10,19:50:00,20:00:00,Cloudy,Jam ,motorcycle ,Metropolitian ,215,Pet Supplies
fiqu514852613,26,4.6,12.970221,77.645396,13.020221,77.695396,2022-03-30,22:35:00,22:50:00,Sunny,Low ,motorcycle ,Metropolitian ,90,Clothing
ynan417739460,33,4.8,22.728163,75.884212,22.738163,75.894212,2022-04-05,11:55:00,12:00:00,Fog,High ,scooter ,Urban ,190,Pet Supplies
mpiy651798917,27,4.3,22.310237,73.158921,22.400237,73.248921,2022-03-23,21:20:00,21:30:00,Cloudy,Jam ,motorcycle ,Metropolitian ,215,Shoes
ifla451143874,31,4.6,18.554382,73.798206,18.574382,73.818206,2022-03-09,11:20:00,11:30:00,Stormy,High ,motorcycle ,Metropolitian ,140,Sports
xwpe954949050,27,4.7,15.546594,73.760431,15.566594,73.780431,2022-02-17,09:55:00,10:10:00,Sandstorms,Low ,scooter ,Urban ,50,Cosmetics
fyjj605372241,38,4.5,22.308096,73.167753,22.368096,73.227753,2022-03-11,20:00:00,20:05:00,Sunny,Jam ,motorcycle ,Metropolitian ,100,Jewelry
lhrt827946781,20,4.9,22.311844,73.165081,22.371844,73.225081,2022-03-03,21:45:00,21:50:00,Stormy,Jam ,motorcycle ,Metropolitian ,100,Jewelry
crkq926827558,24,4.8,22.751857,75.866699,22.821857,75.936699,2022-04-06,19:15:00,19:20:00,Stormy,Jam ,motorcycle ,Metropolitian ,140,Jewelry
binw038781774,29,4.5,12.325461,76.632278,12.455461,76.762278,2022-03-27,17:10:00,17:20:00,Fog,Medium ,motorcycle ,Metropolitian ,29,Grocery
dzxb810970252,36,4.9,26.891191,75.802083,27.031191,75.942083,2022-03-12,22:50:00,23:05:00,Windy,Low ,scooter ,Metropolitian ,140,Cosmetics
kjhd618208335,25,4.9,22.725835,75.887648,22.755835,75.917648,2022-03-21,21:30:00,21:35:00,Fog,Jam ,scooter ,Metropolitian ,33,Grocery
jyby738813122,26,4.6,26.469003,80.316344,26.609003,80.456344,2022-02-12,20:30:00,20:35:00,Sunny,Jam ,scooter ,Metropolitian ,65,Kitchen
adfy888496633,20,5.0,13.027018,80.254791,13.047018,80.274791,2022-03-01,08:25:00,08:40:00,Fog,Low ,motorcycle ,Metropolitian ,90,Cosmetics
aoze480350600,36,4.3,12.284747,76.625861,12.364747,76.705861,2022-03-23,23:55:00,00:00:00,Fog,Low ,motorcycle ,Metropolitian ,195,Clothing
zyws640125093,21,5.0,22.651847,75.881991,22.701847,75.931991,2022-03-07,19:00:00,19:15:00,Sunny,Medium ,scooter ,Urban ,55,Home
cgwr687847648,23,4.7,23.333017,85.3172,23.393017,85.3772,2022-03-13,17:30:00,17:45:00,Sandstorms,Medium ,motorcycle ,Metropolitian ,125,Toys
mrdg183916741,31,4.8,19.874733,75.353942,19.884733,75.363942,2022-02-15,11:00:00,11:05:00,Sunny,Low ,scooter ,Urban ,55,Books
imsf335758421,31,4.3,12.310972,76.659264,12.400972,76.749264,2022-03-16,20:45:00,21:00:00,Fog,Jam ,motorcycle ,Metropolitian ,240,Snacks
neef157217504,39,4.7,22.651847,75.881991,22.671847,75.901991,2022-03-03,11:50:00,11:55:00,Sandstorms,High ,scooter ,Metropolitian ,170,Toys
bszz787750715,21,4.9,21.157729,72.768726,21.247729,72.858726,2022-03-20,23:20:00,23:30:00,Fog,Low ,scooter ,Other,105,Snacks
zuhc529426514,22,4.8,0.0,0.0,0.06,0.06,2022-03-24,20:10:00,20:25:00,Windy,Jam ,motorcycle ,Urban ,75,Skincare
kwla506010029,26,4.9,13.029198,77.570997,13.099198,77.640997,2022-03-10,20:10:00,20:25:00,Sandstorms,Jam ,motorcycle ,Metropolitian ,115,Clothing
xeam511761982,33,4.7,12.98041,77.640489,12.99041,77.650489,2022-04-03,08:55:00,09:00:00,Cloudy,Low ,motorcycle ,Metropolitian ,120,Shoes
ravx047657672,26,4.0,21.183434,72.814492,21.313434,72.944492,2022-03-04,19:25:00,19:30:00,Sunny,Jam ,motorcycle ,Urban ,160,Snacks
nwwy838509985,29,4.9,13.02978,80.208812,13.04978,80.228812,2022-03-15,09:55:00,10:10:00,Sandstorms,Low ,scooter ,Urban ,85,Electronics
dqnr811304870,34,4.9,15.49395,73.827423,15.52395,73.857423,2022-02-11,18:45:00,19:00:00,Cloudy,Medium ,motorcycle ,Metropolitian ,170,Kitchen
xcgg682152421,38,4.1,18.56245,73.916619,18.67245,74.026619,2022-03-12,20:40:00,20:45:00,Sunny,Jam ,motorcycle ,Metropolitian ,160,Apparel
vyda519222419,21,5.0,22.74806,75.8934,22.82806,75.9734,2022-03-10,18:20:00,18:35:00,Fog,Medium ,motorcycle ,Metropolitian ,175,Electronics
uhio455043891,27,5.0,17.428294,78.404423,17.508294,78.484423,2022-03-18,18:10:00,18:25:00,Sandstorms,Medium ,motorcycle ,Metropolitian ,170,Home
ters101342796,20,4.9,12.323225,76.630028,12.353225,76.660028,2022-03-09,20:10:00,20:15:00,Stormy,Jam ,motorcycle ,Metropolitian ,27,Grocery
yiul268240549,21,4.6,19.22384,72.841347,19.26384,72.881347,2022-03-01,12:50:00,13:05:00,Sunny,High ,scooter ,Metropolitian ,75,Skincare
itab670579255,20,4.9,12.326356,76.619103,12.396356,76.689103,2022-03-25,18:50:00,19:00:00,Sunny,Medium ,scooter ,Urban ,50,Home
rsvv437053540,39,5.0,23.234249,77.434007,23.364249,77.564007,2022-02-14,17:35:00,17:45:00,Cloudy,Medium ,motorcycle ,Metropolitian ,230,Jewelry
gcun858222062,25,4.9,22.307898,73.167788,22.337898,73.197788,2022-03-30,18:20:00,18:25:00,Sandstorms,Medium ,motorcycle ,Metropolitian ,145,Clothing
coua723895625,36,4.8,30.893244,75.821817,30.923244,75.851817,2022-02-11,18:10:00,18:20:00,Sandstorms,Medium ,scooter ,Metropolitian ,165,Toys
sjiv564422843,38,4.8,21.185047,72.80859,21.275047,72.89859,2022-03-04,17:15:00,17:20:00,Fog,Medium ,motorcycle ,Metropolitian ,210,Cosmetics
rwlv246454485,24,4.6,12.337928,76.617889,12.387928,76.667889,2022-03-28,18:20:00,18:35:00,Stormy,Medium ,scooter ,Metropolitian ,105,Toys
zpfw090875624,35,4.8,11.010375,76.95295,11.020375,76.96295,2022-03-05,08:35:00,08:40:00,Sunny,Low ,scooter ,Urban ,80,Electronics
mzga690135864,36,5.0,22.725835,75.887648,22.795835,75.957648,2022-03-18,23:10:00,23:15:00,Cloudy,Low ,scooter ,Metropolitian ,150,Pet Supplies
tyle905225437,26,4.9,11.000762,76.981876,11.050762,77.031876,2022-03-03,17:20:00,17:35:00,Fog,Medium ,van,Urban ,80,Cosmetics
tmby921166879,27,4.7,21.175104,72.804342,21.255104,72.884342,2022-03-12,19:50:00,20:05:00,Windy,Jam ,motorcycle ,Metropolitian ,100,Sports
erap841821582,30,4.6,19.131141,72.813074,19.16114,72.843074,2022-03-07,19:00:00,19:10:00,Sunny,Medium ,motorcycle ,Metropolitian ,26,Grocery
dvxc633521646,32,4.8,13.044694,80.26147,13.114694,80.33147,2022-03-16,17:45:00,18:00:00,Fog,Medium ,scooter ,Metropolitian ,195,Outdoors
tuuj330270278,39,4.1,30.893234,75.82172,31.003234,75.93172,2022-02-16,18:50:00,19:00:00,Stormy,Medium ,motorcycle ,Metropolitian ,185,Electronics
mxwl060648149,36,4.6,-9.970717,76.285447,10.030717,76.345447,2022-02-13,22:20:00,22:35:00,Fog,Low ,motorcycle ,Urban ,29,Grocery
uzef447004143,24,4.8,27.161694,78.034714,27.191694,78.064714,2022-02-17,18:55:00,19:00:00,Cloudy,Medium ,scooter ,Metropolitian ,65,Pet Supplies
bete546417249,24,5.0,22.728163,75.884212,22.798163,75.954212,2022-04-04,22:30:00,22:40:00,Fog,Low ,motorcycle ,Urban ,110,Outdoors
efmc130012044,20,4.6,11.006686,76.951736,11.136686,77.081736,2022-03-12,22:35:00,22:50:00,Stormy,Low ,motorcycle ,Metropolitian ,14,Grocery
iprh569581314,32,4.8,18.53408,73.89852,18.56408,73.92852,2022-03-07,23:25:00,23:30:00,Windy,Low ,motorcycle ,Metropolitian ,135,Books
ptac769288578,37,4.3,12.975377,77.696664,13.005377,77.726664,2022-03-11,22:35:00,22:45:00,Stormy,Low ,motorcycle ,Metropolitian ,115,Apparel
xinv983814481,27,4.7,18.520016,73.830547,18.580016,73.890547,2022-03-30,21:45:00,21:55:00,Cloudy,Jam ,scooter ,Other,125,Kitchen
lvnt175615248,26,4.5,18.927584,72.832585,18.947584,72.852585,2022-03-19,09:35:00,09:40:00,Stormy,Low ,motorcycle ,Urban ,95,Skincare
psza552247953,35,4.7,0.0,0.0,0.01,0.01,2022-03-28,10:25:00,10:40:00,Windy,Low ,scooter ,Urban ,115,Electronics
ebyj826909393,32,4.3,17.451976,78.385883,17.581976,78.515883,2022-03-08,20:55:00,21:10:00,Windy,Jam ,motorcycle ,Urban ,185,Books
hwxo392264939,34,4.5,30.359722,78.067079,30.369722,78.077079,2022-02-11,08:40:00,08:55:00,Sunny,Low ,motorcycle ,Other,100,Jewelry
gtyy738096572,34,4.2,11.000762,76.981876,11.030762,77.011876,2022-04-01,21:45:00,22:00:00,Windy,Jam ,motorcycle ,Metropolitian ,230,Clothing
syyu986753717,39,4.1,15.157944,73.950889,15.287944,74.080889,2022-02-12,21:50:00,22:00:00,Sandstorms,Jam ,van,Metropolitian ,165,Outdoors
prbx127247720,20,4.5,23.357804,85.325146,23.417804,85.385146,2022-03-07,19:45:00,19:55:00,Sunny,Jam ,motorcycle ,Metropolitian ,205,Home
xckn685299650,30,4.2,13.02978,80.208812,13.11978,80.298812,2022-03-18,18:10:00,18:20:00,Sandstorms,Medium ,motorcycle ,Metropolitian ,165,Snacks
ryxr017324416,38,4.8,25.451517,81.832616,25.511517,81.892616,2022-02-17,22:45:00,22:55:00,Sandstorms,Low ,scooter ,Urban ,100,Kitchen
pgtt478478736,36,4.5,12.934365,77.616155,12.954365,77.636155,2022-03-13,09:20:00,09:35:00,Fog,Low ,motorcycle ,Urban ,130,Sports
aevh121199077,34,4.6,18.927584,72.832585,18.997584,72.902585,2022-03-29,20:10:00,20:25:00,Fog,Jam ,motorcycle ,Metropolitian ,36,Grocery
qmum304773437,33,4.8,12.323978,76.627961,12.353978,76.657961,2022-03-26,17:15:00,17:20:00,Stormy,Medium ,motorcycle ,Metropolitian ,155,Snacks
ulib940269452,26,4.7,22.727021,75.884167,22.757021,75.914167,2022-03-07,19:30:00,19:40:00,Sunny,Jam ,scooter ,Metropolitian ,90,Home
xczs106918282,32,4.6,21.186438,72.794115,21.226438,72.834115,2022-03-15,15:30:00,15:45:00,Fog,Medium ,scooter ,Metropolitian ,85,Outdoors
qoyj525339276,29,5.0,27.201725,78.007553,27.341725,78.147553,2022-02-16,18:30:00,18:35:00,Windy,Medium ,motorcycle ,Metropolitian ,160,Toys
krnf877303948,39,4.6,19.1813,72.836191,19.2013,72.856191,2022-03-05,10:55:00,11:00:00,Fog,Low ,motorcycle ,Metropolitian ,130,Electronics
msnm898624348,32,4.6,21.170798,72.790489,21.220798,72.840489,2022-03-30,22:55:00,23:05:00,Cloudy,Low ,motorcycle ,Metropolitian ,95,Skincare
tthx865469595,32,4.4,18.994049,72.825203,19.124049,72.955203,2022-03-27,22:15:00,22:30:00,Cloudy,Low ,scooter ,Metropolitian ,190,Outdoors
fhoi010937295,23,4.9,13.049645,80.242268,13.099645,80.292268,2022-03-15,19:00:00,19:10:00,Sunny,Medium ,scooter ,Metropolitian ,80,Shoes
lrhe316879463,38,4.2,13.054347,80.257221,13.124347,80.327221,2022-03-18,22:50:00,22:55:00,Fog,Low ,motorcycle ,Metropolitian ,200,Electronics
xhhf699712701,30,4.7,17.411028,78.329645,17.521028,78.439645,2022-03-25,22:50:00,23:00:00,Sandstorms,Low ,motorcycle ,Metropolitian ,100,Snacks
yolf680862592,30,4.8,19.131141,72.813074,19.181141,72.863074,2022-03-03,17:55:00,18:10:00,Cloudy,Medium ,motorcycle ,Metropolitian ,80,Cosmetics
wmfl076256992,26,4.8,11.010375,76.95295,11.100375,77.04295,2022-03-20,19:50:00,19:55:00,Cloudy,Jam ,motorcycle ,Metropolitian ,155,Outdoors
gzoi549350638,35,4.9,22.745049,75.892471,22.785049,75.932471,2022-03-28,13:00:00,13:05:00,Cloudy,High ,motorcycle ,Urban ,185,Skincare
zvoy549812500,33,4.6,22.761226,75.887522,22.841226,75.967522,2022-03-29,21:30:00,21:35:00,Cloudy,Jam ,motorcycle ,Metropolitian ,205,Snacks
zpcb459032526,22,4.8,23.333017,85.3172,23.413017,85.3972,2022-03-27,17:25:00,17:40:00,Sunny,Medium ,motorcycle ,Urban ,70,Pet Supplies
bicm868992669,29,5.0,22.74806,75.8934,22.82806,75.9734,2022-03-27,20:00:00,20:10:00,Sandstorms,Jam ,motorcycle ,Urban ,195,Jewelry
vhts256061375,38,4.8,0.0,0.0,0.08,0.08,2022-03-12,22:15:00,22:30:00,Sandstorms,Low ,scooter ,Urban ,100,Home
wemz692120487,37,4.6,23.359194,85.325447,23.369194,85.335447,2022-03-01,10:40:00,10:55:00,Fog,Low ,motorcycle ,Urban ,85,Snacks
qjaq707001062,20,4.4,22.547186,88.35068,22.557186,88.36068,2022-02-17,09:10:00,09:25:00,Sandstorms,Low ,motorcycle ,Metropolitian ,110,Outdoors
bhgf553002678,32,4.8,11.001852,76.976268,11.021852,76.996268,2022-04-01,08:20:00,08:30:00,Sunny,Low ,motorcycle ,Metropolitian ,105,Electronics
jdet370083664,20,4.7,12.949934,77.699386,13.009934,77.759386,2022-03-05,17:40:00,17:50:00,Fog,Medium ,scooter ,Metropolitian ,55,Snacks
fsld266482659,38,4.9,18.55144,73.804855,18.59144,73.844855,2022-04-01,14:20:00,14:25:00,Sunny,High ,motorcycle ,Metropolitian ,75,Outdoors
onjw778494887,35,4.8,19.121999,72.908493,19.141999,72.928493,2022-03-07,10:15:00,10:20:00,Fog,Low ,scooter ,Metropolitian ,85,Home
pbfz664521394,39,4.6,12.323994,76.626167,12.353994,76.656167,2022-03-07,21:00:00,21:05:00,Windy,Jam ,motorcycle ,Metropolitian ,30,Grocery
anqq732520927,24,5.0,17.41233,78.449654,17.54233,78.579654,2022-03-02,18:50:00,19:00:00,Cloudy,Medium ,motorcycle ,Metropolitian ,175,Sports
wefo508723766,35,4.9,26.911378,75.789034,26.981378,75.859034,2022-03-02,23:30:00,23:35:00,Fog,Low ,scooter ,Urban ,140,Jewelry
kmrx557633922,31,4.7,21.160522,72.771477,21.200522,72.811477,2022-03-11,12:45:00,12:55:00,Sunny,High ,van,Urban ,90,Jewelry
abjl349556371,36,4.4,26.891191,75.802083,26.961191,75.872083,2022-04-02,18:25:00,18:35:00,Stormy,Medium ,motorcycle ,Metropolitian ,185,Electronics
kicq289950386,31,4.8,12.986047,80.218114,13.046047,80.278114,2022-03-15,22:25:00,22:35:00,Windy,Low ,scooter ,Urban ,105,Kitchen
xkev175300122,21,4.5,18.569156,73.774723,18.579156,73.784723,2022-03-07,09:00:00,09:10:00,Windy,Low ,van,Metropolitian ,80,Kitchen
ddam652009358,36,4.7,19.876106,75.340775,19.936106,75.400775,2022-02-17,18:00:00,18:10:00,Sunny,Medium ,motorcycle ,Metropolitian ,145,Cosmetics
qrlq170439301,23,4.5,22.310329,73.169083,22.320329,73.179083,2022-03-15,09:50:00,10:00:00,Fog,Low ,motorcycle ,Metropolitian ,100,Books
vbrn681289559,36,4.4,22.311603,73.165012,22.321603,73.175012,2022-03-28,11:20:00,11:35:00,Sandstorms,High ,motorcycle ,Metropolitian ,240,Outdoors
thzt913948153,31,3.8,19.003517,72.82765,19.113517,72.93765,2022-03-27,19:35:00,19:45:00,Stormy,Jam ,motorcycle ,Urban ,220,Outdoors
cgpi035551383,30,4.7,13.086438,80.220672,13.196438,80.330672,2022-03-12,19:20:00,19:25:00,Fog,Jam ,scooter ,Metropolitian ,175,Home
pzmf155158384,23,5.0,17.45971,78.368855,17.48971,78.398855,2022-03-07,21:50:00,22:05:00,Cloudy,Jam ,motorcycle ,Urban ,24,Grocery
lhac984798695,24,4.6,22.75004,75.902847,22.84004,75.992847,2022-03-20,23:20:00,23:30:00,Stormy,Low ,motorcycle ,Urban ,95,Cosmetics
hgdf817494210,20,4.8,10.003064,76.307589,10.083064,76.387589,2022-02-16,18:00:00,18:05:00,Stormy,Medium ,scooter ,Other,85,Books
fjan070567897,30,4.9,23.351489,85.324253,23.401489,85.374253,2022-03-01,19:15:00,19:20:00,Windy,Jam ,scooter ,Metropolitian ,155,Books
cyce878235586,29,4.5,12.934179,77.615797,13.064179,77.745797,2022-04-04,17:20:00,17:30:00,Cloudy,Medium ,scooter ,Metropolitian ,125,Cosmetics
glky876791006,36,4.5,23.357804,85.325146,23.447804,85.415146,2022-03-02,19:00:00,19:05:00,Cloudy,Medium ,motorcycle ,Metropolitian ,44,Grocery
usei741327255,38,4.2,22.75004,75.902847,22.81004,75.962847,2022-03-05,21:30:00,21:40:00,Stormy,Jam ,scooter ,Metropolitian ,160,Snacks
hdwz278379230,29,4.6,19.178321,72.834715,19.218321,72.874715,2022-03-17,15:30:00,15:40:00,Windy,Medium ,scooter ,Metropolitian ,24,Grocery
fdfk840533970,29,4.7,19.178321,72.834715,19.248321,72.904715,2022-03-14,19:35:00,19:50:00,Fog,Jam ,motorcycle ,Metropolitian ,180,Sports
cjyd880805473,28,4.8,0.0,0.0,0.07,0.07,2022-03-23,19:40:00,19:55:00,Sandstorms,Jam ,scooter ,Urban ,115,Snacks
zuzs508997124,20,4.9,0.0,0.0,0.08,0.08,2022-03-08,19:25:00,19:30:00,Sandstorms,Jam ,motorcycle ,Metropolitian ,180,Pet Supplies
cjkb143606079,24,4.2,30.914057,75.83982,30.964057,75.88982,2022-02-11,19:10:00,19:15:00,Sunny,Jam ,motorcycle ,Metropolitian ,250,Books
uwbi763539834,33,4.0,0.0,0.0,0.05,0.05,2022-03-01,21:50:00,21:55:00,Cloudy,Jam ,van,Metropolitian ,190,Pet Supplies
hbdq859351713,20,4.7,12.304569,76.643622,12.384569,76.723622,2022-03-25,22:50:00,22:55:00,Windy,Low ,motorcycle ,Metropolitian ,50,Books
twiw430280403,39,4.4,26.911378,75.789034,27.021378,75.899034,2022-03-02,19:20:00,19:25:00,Stormy,Jam ,scooter ,Metropolitian ,195,Home
ytpl349093396,20,4.8,22.744648,75.894377,22.774648,75.924377,2022-03-15,22:00:00,22:05:00,Cloudy,Jam ,motorcycle ,Metropolitian ,130,Pet Supplies
yqte171922365,30,4.6,17.410371,78.437225,17.420371,78.447225,2022-03-15,10:45:00,10:50:00,Stormy,Low ,motorcycle ,Metropolitian ,130,Books
lawm567033534,33,4.4,18.520016,73.830547,18.530016,73.840547,2022-04-01,09:25:00,09:35:00,Windy,Low ,motorcycle ,Metropolitian ,130,Sports
kopx028318241,37,4.2,22.753839,75.897429,22.863838,76.007429,2022-04-02,20:35:00,20:40:00,Cloudy,Jam ,scooter ,Metropolitian ,235,Jewelry
tpls802772805,20,4.7,17.438263,78.397865,17.548263,78.507865,2022-03-27,23:00:00,23:15:00,Stormy,Low ,van,Urban ,55,Kitchen
eiid073265772,22,4.8,0.0,0.0,0.04,0.04,2022-03-26,13:45:00,13:55:00,Fog,High ,motorcycle ,Urban ,140,Skincare
gaen813973385,29,4.9,19.254567,72.848923,19.284567,72.878923,2022-03-05,17:35:00,17:45:00,Sunny,Medium ,motorcycle ,Metropolitian ,65,Outdoors
ckec549016440,27,4.3,12.975377,77.696664,12.985377,77.706664,2022-04-05,10:25:00,10:30:00,Sandstorms,Low ,motorcycle ,Metropolitian ,80,Toys
ouuy746413134,34,4.8,0.0,0.0,0.01,0.01,2022-03-30,11:35:00,11:45:00,Stormy,High ,scooter ,Metropolitian ,125,Cosmetics
rywx298189637,38,5.0,26.49095,80.318656,26.50095,80.328656,2022-02-17,09:40:00,09:45:00,Sunny,Low ,van,Urban ,55,Skincare
qrhp298170587,30,4.9,12.323194,76.630583,12.413194,76.720583,2022-03-27,23:40:00,23:45:00,Sandstorms,Low ,scooter ,Metropolitian ,21,Grocery
jlks251055680,24,4.8,26.913726,75.75282,26.923726,75.762821,2022-03-13,08:20:00,08:25:00,Sandstorms,Low ,scooter ,Urban ,50,Skincare
uxfw497682395,33,4.7,12.321214,76.621094,12.411214,76.711094,2022-04-04,20:35:00,20:45:00,Cloudy,Jam ,scooter ,Metropolitian ,180,Jewelry
sfii810901943,36,4.6,21.170798,72.790489,21.240798,72.860489,2022-03-12,23:20:00,23:30:00,Stormy,Low ,motorcycle ,Metropolitian ,135,Skincare
yxqw631226894,31,4.6,22.311358,73.164798,22.341358,73.194798,2022-03-26,20:00:00,20:15:00,Fog,Jam ,motorcycle ,Metropolitian ,140,Books
ijmw037296515,32,4.3,22.745536,75.893106,22.805536,75.953106,2022-03-19,23:30:00,23:45:00,Stormy,Low ,motorcycle ,Metropolitian ,165,Shoes
aecv597151350,29,4.7,26.905287,75.794592,27.035287,75.924592,2022-04-06,18:55:00,19:05:00,Sandstorms,Medium ,scooter ,Metropolitian ,115,Books
wmtp600179988,38,4.7,22.308096,73.167753,22.358096,73.217753,2022-03-05,23:10:00,23:20:00,Fog,Low ,motorcycle ,Metropolitian ,85,Home
aplx713849674,37,4.6,10.994136,76.963303,11.124136,77.093303,2022-03-18,21:20:00,21:25:00,Sunny,Jam ,motorcycle ,Metropolitian ,140,Cosmetics
ycsl989953021,39,4.8,17.483216,78.552111,17.543216,78.612111,2022-03-07,19:45:00,19:50:00,Cloudy,Jam ,motorcycle ,Metropolitian ,125,Electronics
lthl467689000,36,4.9,23.359407,85.325055,23.439407,85.405055,2022-03-08,22:55:00,23:10:00,Fog,Low ,van,Metropolitian ,145,Skincare
uohd513752145,34,5.0,15.51315,73.78346,15.64315,73.91346,2022-02-12,18:40:00,18:50:00,Stormy,Medium ,motorcycle ,Metropolitian ,150,Shoes
npwp750364427,37,4.8,21.170096,72.789122,21.210096,72.829122,2022-03-07,14:40:00,14:45:00,Sunny,High ,scooter ,Metropolitian ,22,Grocery
frjd791911047,21,4.8,13.026286,80.275235,13.086286,80.335235,2022-03-13,23:45:00,00:00:00,Sunny,Low ,motorcycle ,Urban ,60,Jewelry
qgds252495330,27,4.6,19.121999,72.908493,19.181999,72.968493,2022-03-24,19:20:00,19:25:00,Cloudy,Jam ,motorcycle ,Metropolitian ,130,Apparel
dmro157057878,23,5.0,23.214294,77.435361,23.244294,77.465361,2022-02-17,22:35:00,22:45:00,Sandstorms,Low ,scooter ,Metropolitian ,90,Cosmetics
zwmv382236213,29,4.7,23.266261,77.379605,23.346261,77.459605,2022-02-14,23:10:00,23:20:00,Cloudy,Low ,motorcycle ,Metropolitian ,135,Cosmetics
cbhq677037048,29,4.7,12.934365,77.616155,12.944365,77.626155,2022-03-15,08:10:00,08:25:00,Fog,Low ,motorcycle ,Metropolitian ,95,Cosmetics
sdmp207605181,33,3.8,26.766536,75.837333,26.836536,75.907333,2022-04-06,21:50:00,22:00:00,Sandstorms,Jam ,motorcycle ,Urban ,200,Jewelry
cbzx674778377,29,2.8,11.016298,76.972076,11.146298,77.102076,2022-04-04,22:30:00,22:35:00,Sunny,Low ,motorcycle ,Metropolitian ,185,Kitchen
wght735816924,27,5.0,26.846156,75.8023,26.906156,75.8623,2022-03-28,17:55:00,18:05:00,Windy,Medium ,motorcycle ,Metropolitian ,140,Home
tuxj270012761,25,4.6,17.45971,78.368855,17.50971,78.418855,2022-03-30,18:35:00,18:50:00,Sandstorms,Medium ,motorcycle ,Metropolitian ,130,Outdoors
ufdj188890660,38,4.6,21.149834,72.778666,21.169834,72.798666,2022-03-07,09:10:00,09:25:00,Fog,Low ,motorcycle ,Metropolitian ,125,Skincare
tryo151082878,22,4.6,19.1813,72.836191,19.2613,72.916191,2022-03-02,18:15:00,18:30:00,Stormy,Medium ,motorcycle ,Urban ,115,Sports
dori280426563,31,4.8,0.0,0.0,0.01,0.01,2022-03-17,10:40:00,10:50:00,Cloudy,Low ,motorcycle ,Metropolitian ,140,Apparel
wmno370264578,32,5.0,25.449872,81.836167,25.519872,81.906167,2022-02-18,18:15:00,18:25:00,Fog,Medium ,motorcycle ,Metropolitian ,230,Outdoors
akfr923039999,31,4.9,22.311358,73.164798,22.331358,73.184798,2022-03-09,10:15:00,10:25:00,Fog,Low ,motorcycle ,Metropolitian ,120,Sports
lbig900920711,30,4.2,17.458998,78.500366,17.548998,78.590366,2022-03-14,22:20:00,22:30:00,Fog,Low ,scooter ,Metropolitian ,180,Pet Supplies
qzal761409600,35,4.6,22.311358,73.164798,22.321358,73.174798,2022-03-19,10:10:00,10:20:00,Fog,Low ,motorcycle ,Urban ,125,Snacks
iiwb543739031,24,4.8,17.438263,78.397865,17.448263,78.407865,2022-03-19,10:20:00,10:25:00,Windy,Low ,scooter ,Urban ,65,Electronics
nuip507175596,26,5.0,11.000762,76.981876,11.070762,77.051876,2022-03-08,23:30:00,23:45:00,Sandstorms,Low ,scooter ,Metropolitian ,70,Toys
vzln654809625,32,4.5,22.311603,73.165012,22.351603,73.205012,2022-03-30,12:40:00,12:45:00,Sunny,High ,motorcycle ,Metropolitian ,80,Apparel
vsub848182893,39,4.6,23.39925,85.390464,23.40925,85.400464,2022-03-21,10:55:00,11:05:00,Sandstorms,Low ,motorcycle ,Metropolitian ,140,Shoes
vvhz415903250,32,4.6,21.149569,72.772697,21.189569,72.812697,2022-04-01,13:30:00,13:35:00,Stormy,High ,van,Metropolitian ,145,Outdoors
xnvm848219601,23,4.6,22.732225,75.874765,22.752225,75.894765,2022-03-17,08:50:00,09:05:00,Cloudy,Low ,scooter ,Other,80,Clothing
tmbr840860372,34,4.4,11.022169,76.999594,11.042169,77.019594,2022-03-24,10:10:00,10:25:00,Sandstorms,Low ,motorcycle ,Metropolitian ,125,Electronics
kncq483735762,28,4.9,18.546258,73.904337,18.636258,73.994337,2022-03-27,19:20:00,19:35:00,Windy,Jam ,scooter ,Metropolitian ,120,Sports
vsmr429772169,30,4.6,22.311358,73.164798,22.381358,73.234798,2022-03-14,19:45:00,19:50:00,Stormy,Jam ,scooter ,Urban ,140,Electronics
hpet764389021,35,4.7,12.326356,76.619103,12.396356,76.689103,2022-03-16,22:55:00,23:05:00,Windy,Low ,motorcycle ,Metropolitian ,115,Outdoors
cvhb426199767,31,4.4,19.121999,72.908493,19.211999,72.998493,2022-04-04,21:30:00,21:35:00,Sandstorms,Jam ,motorcycle ,Metropolitian ,39,Grocery
kfdi863779387,30,4.7,22.753839,75.897429,22.813838,75.957429,2022-03-21,22:30:00,22:45:00,Sandstorms,Low ,van,Metropolitian ,125,Apparel
fjpr513695623,38,4.2,21.175975,72.795503,21.225975,72.845503,2022-03-07,21:40:00,21:50:00,Windy,Jam ,motorcycle ,Metropolitian ,33,Grocery
nlmg183538189,30,4.9,22.308096,73.167753,22.348096,73.207753,2022-03-30,16:35:00,16:45:00,Windy,Medium ,scooter ,Metropolitian ,130,Sports
blje121234385,27,4.9,21.175975,72.795503,21.205975,72.825503,2022-03-28,18:35:00,18:45:00,Sandstorms,Medium ,scooter ,Metropolitian ,145,Clothing
xzyq044109451,38,4.9,21.149669,72.772629,21.259669,72.882629,2022-03-27,22:55:00,23:05:00,Sandstorms,Low ,motorcycle ,Other,130,Sports
wyqg733629842,35,4.6,13.049645,80.242268,13.069645,80.262268,2022-03-24,09:35:00,09:50:00,Sandstorms,Low ,scooter ,Metropolitian ,110,Outdoors
sodx879074945,39,4.9,22.695207,75.866059,22.765207,75.936059,2022-03-23,22:55:00,23:10:00,Sandstorms,Low ,van,Metropolitian ,125,Shoes
rfwz897125261,34,3.9,0.0,0.0,0.07,0.07,2022-03-02,19:35:00,19:50:00,Sunny,Jam ,van,Metropolitian ,165,Electronics
phiu856545125,33,4.8,17.422819,78.449578,17.462819,78.489578,2022-03-09,15:40:00,15:50:00,Sunny,Medium ,motorcycle ,Metropolitian ,110,Sports
clms883875942,21,4.8,23.234249,77.434007,23.244249,77.444007,2022-02-15,09:40:00,09:45:00,Windy,Low ,scooter ,Metropolitian ,75,Shoes
kyrr554023590,35,4.7,12.981615,80.231598,13.011615,80.261598,2022-03-28,19:00:00,19:15:00,Stormy,Medium ,motorcycle ,Urban ,150,Jewelry
svgu387419475,33,4.8,13.02978,80.208812,13.05978,80.238812,2022-03-13,23:00:00,23:05:00,Sandstorms,Low ,motorcycle ,Metropolitian ,125,Electronics
jcxe173797042,39,4.6,11.000762,76.981876,11.030762,77.011876,2022-03-24,20:10:00,20:15:00,Cloudy,Jam ,motorcycle ,Urban ,140,Shoes
rxoz517780496,30,4.9,17.41233,78.449654,17.48233,78.519654,2022-03-14,18:15:00,18:25:00,Sunny,Medium ,van,Metropolitian ,100,Outdoors
agfa904495429,32,4.7,17.428294,78.404423,17.478294,78.454423,2022-03-19,19:15:00,19:20:00,Stormy,Jam ,van,Urban ,135,Toys
uncn461251179,39,4.8,12.970221,77.645396,12.980221,77.655396,2022-03-28,09:55:00,10:05:00,Stormy,Low ,van,Metropolitian ,105,Apparel
dwnh519656346,31,4.9,23.369746,85.33982,23.409746,85.37982,2022-04-03,15:10:00,15:15:00,Fog,Medium ,motorcycle ,Metropolitian ,80,Books
cxqp143050978,31,4.8,13.066762,80.251865,13.176762,80.361865,2022-04-06,20:20:00,20:25:00,Windy,Jam ,motorcycle ,Metropolitian ,210,Toys
srqy971864498,36,4.6,27.157772,78.04725,27.287772,78.17725,2022-02-12,20:45:00,20:55:00,Cloudy,Jam ,scooter ,Metropolitian ,235,Jewelry
vuie837184377,29,4.9,13.026286,80.275235,13.066286,80.315235,2022-04-03,13:50:00,13:55:00,Windy,High ,motorcycle ,Metropolitian ,115,Apparel
drag622880155,35,4.8,22.744648,75.894377,22.824648,75.974377,2022-03-10,18:25:00,18:40:00,Cloudy,Medium ,motorcycle ,Urban ,210,Skincare
nvbi879886647,22,4.3,22.310526,73.170937,22.340526,73.200937,2022-04-01,20:45:00,20:50:00,Cloudy,Jam ,van,Metropolitian ,160,Books
qels617157669,31,4.9,12.321214,76.621094,12.361214,76.661094,2022-03-13,16:25:00,16:30:00,Windy,Medium ,motorcycle ,Metropolitian ,135,Cosmetics
fvcs988290129,20,4.9,22.75004,75.902847,22.88004,76.032847,2022-03-27,23:50:00,23:55:00,Cloudy,Low ,motorcycle ,Metropolitian ,120,Clothing
wqdw577385733,21,5.0,26.892312,75.806896,26.972313,75.886896,2022-03-02,23:35:00,23:40:00,Sandstorms,Low ,scooter ,Metropolitian ,75,Snacks
lfls287596013,38,4.6,11.016298,76.972076,11.146298,77.102076,2022-03-25,23:25:00,23:40:00,Stormy,Low ,scooter ,Urban ,120,Books
fjub307182378,35,4.2,11.010375,76.95295,11.040375,76.98295,2022-03-07,20:45:00,21:00:00,Fog,Jam ,motorcycle ,Metropolitian ,195,Outdoors
ggcx647735327,21,4.1,26.956431,75.776649,27.016431,75.836649,2022-03-19,19:30:00,19:40:00,Sunny,Jam ,motorcycle ,Urban ,225,Electronics
lzkv724137602,34,4.7,12.935662,77.61413,12.975662,77.65413,2022-04-03,16:00:00,16:15:00,Windy,Medium ,motorcycle ,Metropolitian ,150,Shoes
lncg067717683,28,4.6,18.546947,73.900626,18.596947,73.950626,2022-03-28,23:25:00,23:35:00,Fog,Low ,motorcycle ,Metropolitian ,95,Clothing
looy080641070,37,4.9,26.910262,75.783013,26.960262,75.833013,2022-03-15,18:55:00,19:10:00,Fog,Medium ,motorcycle ,Urban ,90,Apparel
frot437781937,36,4.7,11.022477,76.995667,11.112477,77.085667,2022-03-27,17:40:00,17:55:00,Sunny,Medium ,van,Metropolitian ,110,Snacks
yptw935477286,38,3.6,17.430448,78.418213,17.560448,78.548213,2022-03-14,20:15:00,20:30:00,Stormy,Jam ,van,Metropolitian ,200,Home
bdjv563543875,30,4.2,26.913726,75.75282,26.953726,75.792821,2022-03-13,14:00:00,14:05:00,Windy,High ,motorcycle ,Metropolitian ,160,Toys
zfni360337335,22,4.6,15.303897,73.914336,15.383897,73.994336,2022-02-12,20:30:00,20:45:00,Sandstorms,Jam ,motorcycle ,Metropolitian ,125,Shoes
unlm496740962,37,4.1,13.022394,80.242439,13.072394,80.292439,2022-03-24,17:40:00,17:55:00,Sandstorms,Medium ,scooter ,Metropolitian ,160,Pet Supplies
occm576838885,25,4.7,22.761226,75.887522,22.801226,75.927522,2022-03-11,17:00:00,17:10:00,Sandstorms,Medium ,scooter ,Metropolitian ,145,Outdoors
ohzf165095441,28,4.6,0.0,0.0,0.03,0.03,2022-02-13,17:20:00,17:35:00,Cloudy,Medium ,scooter ,Metropolitian ,85,Home
pjkr530066058,36,4.9,23.354422,85.3329,23.414422,85.3929,2022-03-30,18:15:00,18:30:00,Cloudy,Medium ,scooter ,Urban ,85,Skincare
prnl037726849,31,3.9,12.323225,76.630028,12.433225,76.740028,2022-03-23,18:10:00,18:20:00,Windy,Medium ,motorcycle ,Metropolitian ,190,Cosmetics
jvcm419658545,37,4.5,17.451976,78.385883,17.561976,78.495883,2022-03-23,23:20:00,23:25:00,Stormy,Low ,motorcycle ,Metropolitian ,23,Grocery
ypej072005918,36,4.1,15.574828,73.766883,15.664828,73.856883,2022-02-12,17:15:00,17:25:00,Fog,Medium ,scooter ,Metropolitian ,205,Home
mfkm295992455,35,4.9,27.195928,77.998092,27.325928,78.128092,2022-02-12,17:30:00,17:40:00,Fog,Medium ,motorcycle ,Urban ,180,Snacks
cemc396054879,39,4.0,11.001753,76.986241,11.131753,77.116241,2022-03-25,19:35:00,19:40:00,Fog,Jam ,motorcycle ,Metropolitian ,195,Books
rcke022449844,25,4.8,12.913041,77.683237,12.953041,77.723237,2022-03-17,14:30:00,14:35:00,Stormy,High ,motorcycle ,Metropolitian ,135,Skincare
zapr280273548,34,4.2,22.725748,75.898497,22.765747,75.938497,2022-03-03,14:15:00,14:25:00,Fog,High ,scooter ,Metropolitian ,185,Snacks
yjld413434531,34,5.0,18.539299,73.897902,18.549299,73.907902,2022-03-21,11:25:00,11:35:00,Sunny,High ,motorcycle ,Metropolitian ,140,Toys
yikf005341376,26,4.5,0.0,0.0,0.11,0.11,2022-03-29,18:45:00,18:55:00,Sunny,Medium ,motorcycle ,Metropolitian ,80,Toys
axfs640206594,22,4.7,25.457116,81.859682,25.527116,81.929682,2022-02-12,20:30:00,20:45:00,Windy,Jam ,van,Other,135,Apparel
ocpy875112498,23,4.5,23.359194,85.325447,23.469194,85.435447,2022-03-06,17:45:00,18:00:00,Stormy,Medium ,van,Metropolitian ,125,Shoes
rdkz431060030,36,4.9,22.311358,73.164798,22.381358,73.234798,2022-03-02,20:35:00,20:45:00,Sandstorms,Jam ,motorcycle ,Metropolitian ,185,Toys
gvqs952508269,29,4.1,17.424114,78.347554,17.504114,78.427554,2022-03-29,20:55:00,21:00:00,Fog,Jam ,motorcycle ,Metropolitian ,165,Skincare
vzcl195740986,38,4.1,12.949934,77.699386,13.029934,77.779386,2022-03-18,19:30:00,19:45:00,Stormy,Jam ,motorcycle ,Metropolitian ,160,Shoes
fahb823898334,37,4.7,12.297954,76.665169,12.427954,76.795169,2022-03-18,18:15:00,18:25:00,Sunny,Medium ,motorcycle ,Urban ,75,Cosmetics
yaqr287488425,26,4.6,26.913483,75.803139,26.983483,75.873139,2022-03-06,23:20:00,23:30:00,Fog,Low ,motorcycle ,Metropolitian ,120,Pet Supplies
kqlq170682508,30,4.8,17.431668,78.408321,17.461668,78.438321,2022-04-01,18:10:00,18:15:00,Windy,Medium ,scooter ,Other,125,Snacks
sjqs945330512,29,4.8,18.539299,73.897902,18.599299,73.957902,2022-03-03,20:40:00,20:45:00,Cloudy,Jam ,motorcycle ,Urban ,135,Toys
obof815829965,29,4.8,0.0,0.0,0.03,0.03,2022-03-03,17:25:00,17:40:00,Cloudy,Medium ,motorcycle ,Metropolitian ,50,Sports
xcug195773439,22,4.9,12.972161,77.596014,13.042161,77.666014,2022-03-02,22:30:00,22:40:00,Fog,Low ,motorcycle ,Metropolitian ,105,Cosmetics
zomb706466123,29,4.8,18.536718,73.830327,18.626718,73.920327,2022-03-10,20:10:00,20:15:00,Stormy,Jam ,motorcycle ,Metropolitian ,140,Snacks
ynto400281798,35,4.8,11.024839,77.007003,11.064839,77.047003,2022-03-07,16:10:00,16:25:00,Fog,Medium ,motorcycle ,Metropolitian ,90,Shoes
uzgd630287021,28,4.7,17.422819,78.449578,17.442819,78.469578,2022-03-30,09:15:00,09:20:00,Fog,Low ,motorcycle ,Other,90,Apparel
bebt952318585,39,4.7,18.554382,73.798206,18.584382,73.828206,2022-04-05,00:00:00,00:05:00,Sandstorms,Low ,scooter ,Metropolitian ,22,Grocery
dhdy586765194,29,4.8,17.411028,78.329645,17.521028,78.439645,2022-03-06,22:35:00,22:50:00,Sunny,Low ,motorcycle ,Metropolitian ,135,Electronics
ssmk085295785,29,4.8,18.927584,72.832585,18.997584,72.902585,2022-03-02,19:25:00,19:35:00,Sunny,Jam ,motorcycle ,Metropolitian ,105,Jewelry
awpe200274641,30,4.8,23.369746,85.33982,23.399746,85.36982,2022-03-09,17:10:00,17:20:00,Windy,Medium ,scooter ,Metropolitian ,125,Toys
lyzi219451527,24,4.7,23.351058,85.325731,23.391058,85.365731,2022-04-05,15:50:00,15:55:00,Windy,Medium ,motorcycle ,Urban ,125,Apparel
mqss486427493,22,4.7,23.351489,85.324253,23.411489,85.384253,2022-03-21,18:25:00,18:30:00,Sandstorms,Medium ,scooter ,Metropolitian ,145,Apparel
qgkf209538862,27,5.0,18.55144,73.804855,18.59144,73.844855,2022-03-13,16:20:00,16:30:00,Stormy,Medium ,motorcycle ,Metropolitian ,55,Clothing
urnq808828173,26,4.4,22.310526,73.170937,22.330526,73.190937,2022-03-09,08:40:00,08:55:00,Stormy,Low ,motorcycle ,Other,110,Home
bdvd234638678,35,4.2,0.0,0.0,0.09,0.09,2022-03-10,20:45:00,21:00:00,Windy,Jam ,scooter ,Metropolitian ,195,Sports
vbcy904366779,34,4.8,19.178321,72.834715,19.228321,72.884715,2022-03-21,20:25:00,20:30:00,Sunny,Jam ,motorcycle ,Metropolitian ,110,Toys
wqls982746096,21,4.7,22.745536,75.893106,22.855536,76.003106,2022-04-06,23:20:00,23:35:00,Sandstorms,Low ,motorcycle ,Metropolitian ,19,Grocery
linu089149477,36,4.8,30.899992,75.831338,30.949992,75.881338,2022-02-17,20:40:00,20:45:00,Sunny,Jam ,motorcycle ,Metropolitian ,140,Apparel
uist479484061,26,5.0,9.959778,76.296106,10.069778,76.406106,2022-02-18,19:10:00,19:25:00,Sandstorms,Jam ,motorcycle ,Metropolitian ,170,Electronics
thbg152288322,26,4.6,18.994237,72.825553,19.034237,72.865553,2022-03-07,16:25:00,16:40:00,Windy,Medium ,motorcycle ,Other,130,Books
ttrf605881229,31,4.6,19.875908,75.358888,19.965908,75.448888,2022-02-14,23:30:00,23:40:00,Sandstorms,Low ,motorcycle ,Urban ,90,Home
afvh828187198,37,4.7,26.905287,75.794592,27.035287,75.924592,2022-03-20,17:10:00,17:20:00,Cloudy,Medium ,scooter ,Urban ,150,Electronics
apvr982305713,29,4.5,12.933298,77.614293,12.953298,77.634293,2022-03-28,10:40:00,10:55:00,Stormy,Low ,motorcycle ,Urban ,75,Skincare
lnxg646982459,27,4.9,10.028047,76.310019,10.048047,76.330019,2022-02-13,09:30:00,09:35:00,Fog,Low ,motorcycle ,Metropolitian ,115,Snacks
hrtz296022428,38,4.5,21.186438,72.794115,21.206438,72.814115,2022-03-28,10:50:00,10:55:00,Stormy,Low ,scooter ,Metropolitian ,105,Outdoors
bbxg249470635,27,4.9,12.979166,77.640709,13.039166,77.700709,2022-03-28,21:40:00,21:50:00,Sunny,Jam ,van,Metropolitian ,80,Pet Supplies
vdcd902454612,20,4.3,21.183434,72.814492,21.313434,72.944492,2022-03-27,20:35:00,20:45:00,Cloudy,Jam ,scooter ,Metropolitian ,205,Sports
pxit588920341,21,4.5,22.308096,73.167753,22.328096,73.187753,2022-03-21,10:00:00,10:10:00,Cloudy,Low ,motorcycle ,Metropolitian ,75,Toys
swiv396515941,24,4.3,18.554382,73.798206,18.604382,73.848206,2022-03-05,22:25:00,22:35:00,Windy,Low ,motorcycle ,Metropolitian ,75,Jewelry
shlk596065027,20,5.0,10.027364,76.308258,10.107364,76.388258,2022-02-16,22:55:00,23:00:00,Fog,Low ,motorcycle ,Metropolitian ,110,Outdoors
kmgb710020366,27,4.8,19.22384,72.841347,19.24384,72.861347,2022-03-03,10:30:00,10:45:00,Windy,Low ,scooter ,Urban ,10,Grocery
tifz774867651,20,4.7,17.431668,78.408321,17.451668,78.428321,2022-03-24,09:25:00,09:35:00,Cloudy,Low ,scooter ,Urban ,50,Sports
bwor453048187,37,4.7,13.026279,80.174568,13.046279,80.194568,2022-04-01,10:20:00,10:30:00,Stormy,Low ,motorcycle ,Metropolitian ,130,Shoes
ruaq740636630,39,4.2,26.492106,80.327797,26.512106,80.347797,2022-02-13,09:40:00,09:45:00,Stormy,Low ,motorcycle ,Metropolitian ,165,Pet Supplies
elnj411550339,27,4.7,19.1813,72.836191,19.2513,72.906191,2022-03-27,22:25:00,22:40:00,Fog,Low ,motorcycle ,Metropolitian ,145,Electronics
ocwj571499984,32,3.5,12.299524,76.64262,12.379524,76.72262,2022-04-02,17:20:00,17:35:00,Windy,Medium ,motorcycle ,Urban ,36,Grocery
yjud876143220,29,5.0,21.185047,72.80859,21.225047,72.84859,2022-04-03,12:50:00,12:55:00,Stormy,High ,motorcycle ,Metropolitian ,85,Sports
msaw471760103,35,3.6,19.1093,72.825451,19.2393,72.955451,2022-03-25,21:30:00,21:45:00,Sunny,Jam ,motorcycle ,Metropolitian ,155,Pet Supplies
cmse173071208,32,4.6,22.745049,75.892471,22.875049,76.022471,2022-03-14,22:50:00,22:55:00,Stormy,Low ,motorcycle ,Metropolitian ,130,Snacks
dipy424560476,22,4.9,12.326356,76.619103,12.336356,76.629103,2022-03-26,10:30:00,10:40:00,Sandstorms,Low ,scooter ,Metropolitian ,95,Clothing
drxp267042138,32,4.2,18.563934,73.915367,18.673935,74.025367,2022-03-06,20:25:00,20:40:00,Stormy,Jam ,scooter ,Metropolitian ,210,Skincare
elqr779705336,24,4.9,23.416792,85.316842,23.546792,85.446842,2022-03-29,22:50:00,23:00:00,Stormy,Low ,motorcycle ,Metropolitian ,80,Home
vcnh283264814,24,4.5,22.32,73.17,22.33,73.18,2022-03-01,11:50:00,12:00:00,Sandstorms,High ,motorcycle ,Metropolitian ,130,Kitchen
ynii071960979,26,4.6,12.337978,76.616792,12.387978,76.666792,2022-03-21,17:20:00,17:35:00,Fog,Medium ,motorcycle ,Metropolitian ,125,Books
qjvp831630318,38,4.3,11.001852,76.976268,11.021852,76.996268,2022-03-24,09:20:00,09:25:00,Sandstorms,Low ,motorcycle ,Metropolitian ,125,Pet Supplies
zcbx971116244,22,4.8,19.003517,72.82765,19.013517,72.83765,2022-03-13,09:25:00,09:35:00,Fog,Low ,motorcycle ,Metropolitian ,85,Pet Supplies
xukp478222006,22,4.7,0.0,0.0,0.02,0.02,2022-02-11,11:30:00,11:35:00,Fog,High ,motorcycle ,Metropolitian ,110,Cosmetics
kavz681637808,20,4.9,12.310972,76.659264,12.390972,76.739264,2022-03-08,19:35:00,19:50:00,Fog,Jam ,motorcycle ,Metropolitian ,180,Skincare
kflr546383580,29,4.9,23.357804,85.325146,23.377804,85.345146,2022-03-01,11:35:00,11:50:00,Stormy,High ,scooter ,Metropolitian ,105,Clothing
faxh600888934,22,4.0,11.024839,77.007003,11.074839,77.057003,2022-04-03,23:20:00,23:35:00,Windy,Low ,motorcycle ,Metropolitian ,120,Electronics
dtqa067411703,27,4.9,21.186608,72.794136,21.216608,72.824136,2022-03-17,23:20:00,23:25:00,Windy,Low ,scooter ,Metropolitian ,65,Clothing
wewm879462191,32,4.8,15.157944,73.950889,15.287944,74.080889,2022-02-18,18:30:00,18:35:00,Stormy,Medium ,motorcycle ,Metropolitian ,195,Pet Supplies
qmfa273180680,31,4.4,12.914264,77.6784,12.924264,77.6884,2022-03-24,10:00:00,10:15:00,Stormy,Low ,motorcycle ,Metropolitian ,135,Cosmetics
wqxw561286227,28,5.0,26.846156,75.8023,26.936156,75.8923,2022-04-02,19:30:00,19:35:00,Fog,Jam ,motorcycle ,Metropolitian ,245,Electronics
nscl449318567,31,4.2,22.753659,75.903365,22.833659,75.983365,2022-04-02,20:00:00,20:15:00,Windy,Jam ,motorcycle ,Metropolitian ,205,Shoes
fsso950694490,23,4.9,12.311072,76.654878,12.361072,76.704878,2022-03-19,20:55:00,21:05:00,Sandstorms,Jam ,motorcycle ,Urban ,90,Clothing
caxs045026477,34,4.6,18.546947,73.900626,18.676947,74.030626,2022-03-18,23:00:00,23:15:00,Sandstorms,Low ,motorcycle ,Metropolitian ,100,Snacks
lijt018981689,26,4.8,26.90294,75.793007,26.97294,75.863007,2022-03-08,18:40:00,18:50:00,Cloudy,Medium ,motorcycle ,Metropolitian ,205,Skincare
vmpp400771054,23,4.6,13.081878,80.248519,13.101878,80.268519,2022-03-03,09:10:00,09:15:00,Cloudy,Low ,scooter ,Metropolitian ,85,Pet Supplies
siiw892420636,25,4.8,25.45235,81.841889,25.54235,81.931889,2022-02-16,17:35:00,17:45:00,Windy,Medium ,scooter ,Metropolitian ,80,Outdoors
lsjm746443678,30,4.9,12.284747,76.625861,12.294747,76.635861,2022-03-19,11:45:00,12:00:00,Fog,High ,motorcycle ,Metropolitian ,160,Home
hvrd695156825,22,4.6,0.0,0.0,0.04,0.04,2022-04-05,16:30:00,16:45:00,Sandstorms,Medium ,motorcycle ,Metropolitian ,95,Home
skuv228205856,37,4.6,12.970324,77.645748,13.080324,77.755748,2022-03-04,23:00:00,23:05:00,Sunny,Low ,scooter ,Metropolitian ,125,Shoes
rbxp135564227,20,4.9,21.186438,72.794115,21.236438,72.844115,2022-03-07,22:00:00,22:10:00,Sandstorms,Jam ,motorcycle ,Urban ,80,Pet Supplies
zgca851132672,27,4.9,12.939496,77.625999,12.969496,77.655999,2022-03-30,19:40:00,19:45:00,Stormy,Jam ,scooter ,Urban ,80,Electronics
pemx059980209,28,4.9,19.091458,72.827808,19.181458,72.917808,2022-04-04,17:55:00,18:00:00,Sunny,Medium ,motorcycle ,Metropolitian ,95,Electronics
jwgc575782362,22,4.8,26.902328,75.794257,26.982328,75.874257,2022-04-02,19:20:00,19:35:00,Sandstorms,Jam ,motorcycle ,Metropolitian ,15,Grocery
dnka590262378,29,4.6,12.978453,77.643685,13.008453,77.673685,2022-03-30,18:15:00,18:25:00,Cloudy,Medium ,scooter ,Urban ,70,Clothing
gdwi756547250,25,2.9,23.232357,77.429989,23.322357,77.519989,2022-02-14,23:10:00,23:15:00,Sunny,Low ,scooter ,Urban ,190,Clothing
yzsc160758423,26,4.6,12.334022,76.618203,12.374022,76.658203,2022-04-01,12:50:00,12:55:00,Sandstorms,High ,motorcycle ,Metropolitian ,75,Pet Supplies
voqw592954548,25,4.6,13.064181,80.236442,13.134181,80.306442,2022-03-02,19:00:00,19:15:00,Windy,Medium ,motorcycle ,Metropolitian ,180,Clothing
nayb601836748,32,4.5,18.533811,73.899315,18.643811,74.009315,2022-03-18,21:15:00,21:30:00,Sunny,Jam ,scooter ,Urban ,80,Electronics
jvjc772545076,35,4.6,12.352058,76.60665,12.482058,76.73665,2022-03-14,17:25:00,17:30:00,Cloudy,Medium ,motorcycle ,Metropolitian ,160,Snacks
kcpq645894240,31,4.7,18.56245,73.916619,18.61245,73.966619,2022-03-24,23:20:00,23:30:00,Cloudy,Low ,motorcycle ,Metropolitian ,90,Clothing
hwdy921771990,20,4.8,17.438263,78.397865,17.518263,78.477865,2022-03-27,20:50:00,21:00:00,Cloudy,Jam ,scooter ,Metropolitian ,190,Sports
hbyh019585701,27,4.6,0.0,0.0,0.05,0.05,2022-03-30,22:25:00,22:35:00,Fog,Low ,motorcycle ,Other,80,Outdoors
nbbb866469651,26,4.8,22.744648,75.894377,22.764648,75.914377,2022-03-28,09:45:00,09:55:00,Sunny,Low ,scooter ,Metropolitian ,110,Outdoors
czfs587517504,50,6.0,23.232537,77.429845,23.322537,77.519845,2022-02-18,NaN ,21:25:00,,NaN ,scooter ,Metropolitian ,85,Pet Supplies
patr674789205,21,5.0,12.284747,76.625861,12.354747,76.695861,2022-03-29,21:00:00,21:10:00,Sandstorms,Jam ,motorcycle ,Metropolitian ,80,Sports
txva706007323,31,4.6,21.173493,72.801953,21.263493,72.891953,2022-03-29,20:55:00,21:05:00,Cloudy,Jam ,scooter ,Metropolitian ,190,Shoes
sbec966385540,35,4.4,12.972532,77.608179,13.102532,77.738179,2022-03-23,20:20:00,20:25:00,Sandstorms,Jam ,scooter ,Metropolitian ,215,Toys
uqdd884180693,38,4.3,26.956431,75.776649,27.006431,75.826649,2022-03-24,21:40:00,21:45:00,Stormy,Jam ,scooter ,Metropolitian ,155,Jewelry
yadn973508044,22,4.9,18.927584,72.832585,18.987584,72.892585,2022-03-28,21:10:00,21:15:00,Fog,Jam ,motorcycle ,Metropolitian ,130,Skincare
yyjh409262956,29,4.9,11.022298,76.998349,11.052298,77.028349,2022-03-30,22:15:00,22:25:00,Cloudy,Low ,motorcycle ,Metropolitian ,95,Home
sroj558743624,24,4.5,26.482581,80.315628,26.532581,80.365628,2022-02-13,23:10:00,23:25:00,Sunny,Low ,motorcycle ,Urban ,19,Grocery
vtcj322321926,29,4.7,22.310237,73.158921,22.320237,73.168921,2022-03-05,11:20:00,11:25:00,Windy,High ,motorcycle ,Metropolitian ,95,Home
zyqi102181378,35,4.7,12.939496,77.625999,12.979496,77.665999,2022-03-13,15:00:00,15:05:00,Fog,High ,scooter ,Urban ,135,Shoes
rgpq887248641,29,4.9,10.006881,76.345397,10.136881,76.475397,2022-02-12,18:30:00,18:35:00,Cloudy,Medium ,motorcycle ,Urban ,160,Kitchen
qupl041216036,33,4.8,12.970324,77.645748,13.040324,77.715748,2022-03-16,17:20:00,17:25:00,Fog,Medium ,motorcycle ,Metropolitian ,180,Cosmetics
znzo382838416,24,4.8,17.430448,78.418213,17.560448,78.548213,2022-03-31,18:45:00,19:00:00,Sandstorms,Medium ,scooter ,Metropolitian ,100,Sports
fqjd433540199,31,4.5,21.175104,72.804342,21.265104,72.894342,2022-03-20,19:40:00,19:45:00,Sandstorms,Jam ,van,Metropolitian ,195,Skincare
guzh378125546,22,4.7,26.483672,80.320708,26.553672,80.390708,2022-02-16,20:20:00,20:25:00,Sandstorms,Jam ,van,Metropolitian ,90,Skincare
ofqa573655109,39,4.7,17.410371,78.437225,17.440371,78.467225,2022-03-30,22:10:00,22:25:00,Stormy,Low ,scooter ,Metropolitian ,22,Grocery
jtxq729565929,22,4.9,12.914264,77.6784,12.984264,77.7484,2022-04-06,20:55:00,21:10:00,Sandstorms,Jam ,motorcycle ,Metropolitian ,160,Pet Supplies
hyrd416401603,27,4.9,21.17106,72.789292,21.23106,72.849292,2022-03-30,18:40:00,18:45:00,Sunny,Medium ,motorcycle ,Metropolitian ,18,Grocery
prwc675910621,21,4.7,11.003681,76.975525,11.033681,77.005525,2022-03-24,17:15:00,17:30:00,Windy,Medium ,scooter ,Metropolitian ,135,Apparel
mkqh515399375,35,3.4,25.457687,81.835585,25.547687,81.925585,2022-02-16,22:45:00,22:50:00,Sunny,Low ,motorcycle ,Metropolitian ,165,Clothing
bbgr395871242,32,4.5,26.914142,75.805704,26.924142,75.815704,2022-03-17,11:55:00,12:05:00,Sandstorms,High ,scooter ,Metropolitian ,135,Apparel
sjhm813895164,30,4.7,23.354422,85.3329,23.444422,85.4229,2022-03-04,22:10:00,22:20:00,Sunny,Low ,motorcycle ,Metropolitian ,115,Kitchen
hrlh887559676,25,4.7,22.725835,75.887648,22.755835,75.917648,2022-03-01,19:30:00,19:45:00,Cloudy,Jam ,scooter ,Other,145,Cosmetics
krzt325215234,21,4.7,22.310526,73.170937,22.340526,73.200937,2022-03-26,18:00:00,18:15:00,Fog,Medium ,motorcycle ,Urban ,50,Apparel
iust579586436,38,4.7,12.337928,76.617889,12.387928,76.667889,2022-03-11,20:40:00,20:55:00,Sandstorms,Jam ,van,Metropolitian ,145,Electronics
xrbx427720955,24,5.0,19.1093,72.825451,19.1293,72.845451,2022-03-01,09:55:00,10:10:00,Cloudy,Low ,motorcycle ,Metropolitian ,70,Shoes
bhmh652424943,35,4.9,19.091458,72.827808,19.141458,72.877808,2022-03-17,23:35:00,23:45:00,Sunny,Low ,scooter ,Metropolitian ,60,Shoes
dotm808544846,39,4.9,22.725748,75.898497,22.745748,75.918497,2022-03-11,08:30:00,08:45:00,Fog,Low ,scooter ,Metropolitian ,17,Grocery
ksri840036856,37,4.6,0.0,0.0,0.02,0.02,2022-02-17,10:30:00,10:35:00,Windy,Low ,motorcycle ,Metropolitian ,27,Grocery
weco669309017,28,4.8,12.934179,77.615797,12.954179,77.635797,2022-03-17,11:00:00,11:05:00,Sunny,Low ,scooter ,Urban ,90,Jewelry
gsaa243789247,30,4.7,30.319528,78.040267,30.389528,78.110267,2022-02-14,18:35:00,18:45:00,Windy,Medium ,scooter ,Metropolitian ,135,Skincare
sazr012225338,39,5.0,11.001753,76.986241,11.011753,76.996241,2022-03-09,11:00:00,11:15:00,Stormy,Low ,motorcycle ,Metropolitian ,125,Books
yzbx667733486,35,4.9,26.911927,75.797282,26.961927,75.847282,2022-03-28,23:40:00,23:45:00,Sandstorms,Low ,scooter ,Other,105,Home
ofea608282164,37,4.6,30.895204,75.822103,30.965204,75.892103,2022-02-18,20:25:00,20:40:00,Fog,Jam ,motorcycle ,Metropolitian ,200,Outdoors
umzs337595495,23,4.9,13.045479,80.23311,13.095479,80.28311,2022-04-01,19:15:00,19:20:00,Sandstorms,Jam ,motorcycle ,Metropolitian ,80,Sports
jzje457078090,27,4.9,26.913987,75.752891,26.963987,75.802891,2022-03-09,19:55:00,20:00:00,Sandstorms,Jam ,motorcycle ,Metropolitian ,17,Grocery
abri243358465,23,4.9,13.054347,80.257221,13.134347,80.337221,2022-04-06,17:30:00,17:40:00,Fog,Medium ,scooter ,Metropolitian ,25,Grocery
jnip889687290,26,4.9,18.51421,73.838429,18.60421,73.928429,2022-03-04,22:40:00,22:50:00,Fog,Low ,motorcycle ,Metropolitian ,110,Outdoors
ihzz302565653,38,5.0,30.873988,75.842739,30.983988,75.952739,2022-02-14,18:30:00,18:40:00,Fog,Medium ,scooter ,Metropolitian ,185,Books
jdbr330511127,35,4.2,17.431477,78.40035,17.501477,78.47035,2022-03-23,17:10:00,17:20:00,Windy,Medium ,scooter ,Metropolitian ,155,Apparel
czzq721389074,27,4.7,12.310972,76.659264,12.370972,76.719264,2022-03-28,18:35:00,18:45:00,Cloudy,Medium ,motorcycle ,Metropolitian ,120,Sports
korj963009508,32,4.8,13.064181,80.236442,13.114181,80.286442,2022-03-30,18:40:00,18:50:00,Stormy,Medium ,motorcycle ,Metropolitian ,145,Kitchen
rqrg060040216,36,4.6,18.56245,73.916619,18.69245,74.046619,2022-04-02,20:35:00,20:45:00,Fog,Jam ,motorcycle ,Metropolitian ,255,Sports
sxsi256103664,39,4.0,17.410371,78.437225,17.450371,78.477225,2022-03-09,13:50:00,13:55:00,Stormy,High ,scooter ,Urban ,165,Apparel
pkcf747532448,32,4.2,23.374989,85.335486,23.454989,85.415486,2022-03-20,20:10:00,20:20:00,Sandstorms,Jam ,motorcycle ,Metropolitian ,210,Home
tqwv831775761,38,4.8,17.438263,78.397865,17.568263,78.527865,2022-03-31,18:50:00,19:05:00,Sunny,Medium ,scooter ,Metropolitian ,115,Home
zony306100458,21,4.5,22.753839,75.897429,22.783839,75.927429,2022-03-17,17:15:00,17:30:00,Windy,Medium ,motorcycle ,Metropolitian ,115,Toys
dezm039575546,38,4.7,23.214459,77.434976,23.264459,77.484976,2022-02-17,20:30:00,20:35:00,Windy,Jam ,scooter ,Metropolitian ,33,Grocery
upxn780260310,30,4.0,30.372202,78.077151,30.422202,78.127151,2022-02-17,19:25:00,19:40:00,Sandstorms,Jam ,motorcycle ,Metropolitian ,155,Jewelry
bdof057985886,21,4.6,21.186608,72.794136,21.196608,72.804136,2022-03-21,10:25:00,10:40:00,Sunny,Low ,motorcycle ,Urban ,95,Outdoors
xskp938612084,30,4.4,18.56245,73.916619,18.62245,73.976619,2022-03-19,19:25:00,19:40:00,Cloudy,Jam ,motorcycle ,Metropolitian ,160,Sports
nkid734580056,31,4.6,17.410371,78.437225,17.470371,78.497225,2022-03-13,18:40:00,18:50:00,Stormy,Medium ,motorcycle ,Metropolitian ,150,Pet Supplies
neot827012811,38,3.5,17.410371,78.437225,17.490371,78.517225,2022-04-06,20:00:00,20:15:00,Sunny,Jam ,scooter ,Metropolitian ,155,Toys
hkdp376321249,27,4.7,13.029198,77.570997,13.099198,77.640997,2022-04-04,20:25:00,20:40:00,Sandstorms,Jam ,scooter ,Metropolitian ,140,Kitchen
zxaq872452260,38,4.9,0.0,0.0,0.11,0.11,2022-03-25,17:45:00,17:50:00,Windy,Medium ,scooter ,Metropolitian ,105,Shoes
wokg954821209,24,4.8,0.0,0.0,0.07,0.07,2022-04-04,17:30:00,17:35:00,Cloudy,Medium ,motorcycle ,Urban ,210,Outdoors
vsby062826828,23,4.7,21.185047,72.80859,21.205047,72.82859,2022-03-03,08:45:00,08:55:00,Stormy,Low ,motorcycle ,Metropolitian ,75,Books
lheo333594331,30,4.9,12.986047,80.218114,13.016047,80.248114,2022-03-15,17:25:00,17:40:00,Cloudy,Medium ,motorcycle ,Metropolitian ,75,Apparel
ytiv942405192,35,3.6,9.988483,76.295211,10.098483,76.405211,2022-02-12,20:15:00,20:30:00,Sandstorms,Jam ,scooter ,Urban ,155,Kitchen
xewd828651232,37,4.9,23.353783,85.326967,23.413783,85.386967,2022-03-26,18:55:00,19:10:00,Cloudy,Medium ,motorcycle ,Metropolitian ,75,Apparel
gvcr860495384,37,3.7,11.003681,76.975525,11.113681,77.085525,2022-03-10,20:15:00,20:30:00,Sunny,Jam ,scooter ,Metropolitian ,165,Home
jtzh383043376,34,4.8,0.0,0.0,0.02,0.02,2022-03-11,08:35:00,08:45:00,Sandstorms,Low ,motorcycle ,Metropolitian ,145,Snacks
jyno773904525,24,5.0,26.905287,75.794592,26.915287,75.804592,2022-03-21,08:50:00,08:55:00,Sunny,Low ,van,Metropolitian ,80,Skincare
iixv397716671,27,4.5,11.001852,76.976268,11.041852,77.016268,2022-03-28,16:45:00,17:00:00,Fog,Medium ,motorcycle ,Metropolitian ,125,Skincare
frdo099496778,33,4.7,21.160522,72.771477,21.290522,72.901477,2022-03-31,23:10:00,23:15:00,Sunny,Low ,motorcycle ,Urban ,125,Skincare
mpbz498193455,34,4.5,30.340722,78.060221,30.470722,78.190221,2022-02-12,19:35:00,19:45:00,Stormy,Jam ,van,Urban ,135,Clothing
rucb673089759,20,4.9,12.978453,77.643685,13.028453,77.693685,2022-03-17,22:55:00,23:00:00,Windy,Low ,scooter ,Metropolitian ,50,Apparel
mpzn873690164,20,4.6,15.556561,73.763633,15.566561,73.773633,2022-02-11,10:40:00,10:55:00,Sunny,Low ,motorcycle ,Metropolitian ,70,Apparel
ziae735373968,36,4.6,0.0,0.0,0.06,0.06,2022-03-28,20:50:00,21:00:00,Sandstorms,Jam ,motorcycle ,Metropolitian ,125,Clothing
oyho547332685,21,4.8,11.006686,76.951736,11.066686,77.011736,2022-04-01,20:45:00,20:50:00,Fog,Jam ,motorcycle ,Metropolitian ,115,Snacks
lfam784005643,36,4.6,12.934365,77.616155,13.044365,77.726155,2022-03-25,19:15:00,19:20:00,Sunny,Jam ,motorcycle ,Metropolitian ,130,Outdoors
aspn850957466,31,4.7,12.978453,77.643685,12.998453,77.663685,2022-04-05,10:35:00,10:40:00,Sandstorms,Low ,scooter ,Metropolitian ,110,Kitchen
ihor387537704,30,4.8,12.934179,77.615797,12.974179,77.655797,2022-03-30,14:00:00,14:10:00,Sandstorms,High ,motorcycle ,Metropolitian ,135,Clothing
yebf607576469,39,4.1,12.978453,77.643685,13.028453,77.693685,2022-03-05,22:20:00,22:35:00,Sandstorms,Low ,motorcycle ,Metropolitian ,160,Shoes
xilp898219579,22,4.6,12.913041,77.683237,12.923041,77.693237,2022-03-30,09:40:00,09:55:00,Windy,Low ,scooter ,Metropolitian ,85,Outdoors
raev009519334,32,5.0,19.879631,75.323403,19.969631,75.413403,2022-02-14,18:25:00,18:35:00,Windy,Medium ,motorcycle ,Metropolitian ,245,Shoes
mgvd651044628,39,4.6,26.482419,80.320939,26.492419,80.330939,2022-02-13,09:30:00,09:45:00,Windy,Low ,scooter ,Metropolitian ,27,Grocery
wlvx226292944,31,4.6,0.0,0.0,0.03,0.03,2022-04-03,21:55:00,22:10:00,Sandstorms,Jam ,motorcycle ,Urban ,145,Electronics
xroq756535994,28,4.6,-25.454697,81.834492,25.494697,81.874492,2022-02-17,16:40:00,16:50:00,Stormy,Medium ,scooter ,Metropolitian ,140,Jewelry
isjv660941490,22,4.6,17.430448,78.418213,17.560448,78.548213,2022-03-12,23:50:00,23:55:00,Sunny,Low ,motorcycle ,Metropolitian ,130,Toys
vdqc608395531,32,4.9,23.232537,77.429845,23.282537,77.479845,2022-02-15,17:10:00,17:15:00,Windy,Medium ,motorcycle ,Metropolitian ,135,Sports
fgsi297034507,24,2.9,30.902872,75.826808,30.972872,75.896808,2022-02-18,23:35:00,23:40:00,Sunny,Low ,motorcycle ,Metropolitian ,215,Clothing
biho291295488,35,4.5,18.516216,73.842527,18.646216,73.972527,2022-03-12,22:00:00,22:10:00,Sandstorms,Jam ,scooter ,Metropolitian ,140,Skincare
zhgi851478212,24,4.8,23.359033,85.325347,23.369033,85.335347,2022-03-21,09:40:00,09:50:00,Windy,Low ,scooter ,Metropolitian ,85,Sports
cpoq332696666,25,4.9,22.751234,75.88949,22.821234,75.95949,2022-03-23,22:35:00,22:40:00,Stormy,Low ,scooter ,Metropolitian ,55,Outdoors
zfme719768131,24,4.8,19.1813,72.836191,19.2613,72.916191,2022-03-20,18:50:00,19:00:00,Sunny,Medium ,motorcycle ,Metropolitian ,50,Toys
nlrg534864599,29,4.9,18.994237,72.825553,19.054237,72.885553,2022-03-19,18:20:00,18:35:00,Sunny,Medium ,motorcycle ,Metropolitian ,60,Home
wbru504602271,29,4.8,12.970324,77.645748,13.040324,77.715748,2022-03-23,18:10:00,18:20:00,Stormy,Medium ,van,Metropolitian ,85,Jewelry
usoq231911551,39,4.8,12.975996,80.221898,13.085996,80.331898,2022-03-29,21:45:00,22:00:00,Windy,Jam ,motorcycle ,Urban ,180,Shoes
zmcw190790114,31,4.8,22.533662,88.366217,22.603662,88.436217,2022-02-18,22:45:00,22:55:00,Windy,Low ,motorcycle ,Urban ,130,Toys
zmvz135999193,38,4.7,13.081878,80.248519,13.211878,80.378519,2022-03-20,22:20:00,22:35:00,Sandstorms,Low ,motorcycle ,Urban ,120,Home
mpve694806107,26,4.8,13.02978,80.208812,13.11978,80.298812,2022-03-27,21:50:00,21:55:00,Cloudy,Jam ,motorcycle ,Semi-Urban ,235,Electronics
uopg483410577,36,4.0,23.374989,85.335486,23.414989,85.375486,2022-03-11,15:35:00,15:45:00,Sandstorms,Medium ,motorcycle ,Metropolitian ,165,Electronics
djvu503866205,21,4.6,18.994237,72.825553,19.004237,72.835553,2022-03-05,11:50:00,11:55:00,Stormy,High ,motorcycle ,Metropolitian ,130,Electronics
elzo165519976,24,4.8,12.323225,76.630028,12.363225,76.670028,2022-03-24,16:30:00,16:35:00,Cloudy,Medium ,van,Metropolitian ,70,Shoes
erog359075031,36,5.0,19.091458,72.827808,19.161458,72.897808,2022-04-06,19:55:00,20:10:00,Cloudy,Jam ,motorcycle ,Metropolitian ,220,Home
vtdt479171965,25,4.5,11.000762,76.981876,11.060762,77.041876,2022-03-17,20:50:00,21:05:00,Sandstorms,Jam ,scooter ,Metropolitian ,145,Pet Supplies
ywjh827264091,27,4.7,22.31279,73.170283,22.38279,73.240283,2022-04-04,21:25:00,21:30:00,Windy,Jam ,motorcycle ,Other,17,Grocery
nxib254065512,39,4.9,17.431477,78.40035,17.481477,78.45035,2022-03-09,20:20:00,20:35:00,Stormy,Jam ,van,Metropolitian ,145,Outdoors
pdbf898192571,25,4.6,12.914264,77.6784,12.944264,77.7084,2022-03-24,23:10:00,23:20:00,Cloudy,Low ,scooter ,Urban ,95,Electronics
xpzf191515576,24,4.6,21.175975,72.795503,21.215975,72.835503,2022-03-09,14:40:00,14:50:00,Fog,High ,motorcycle ,Metropolitian ,25,Grocery
cyqu649566229,34,4.9,11.003008,76.97544,11.033008,77.00544,2022-03-13,22:00:00,22:10:00,Sunny,Jam ,motorcycle ,Metropolitian ,27,Grocery
ramj923185958,39,4.6,12.337928,76.617889,12.347928,76.627889,2022-03-01,08:55:00,09:00:00,Windy,Low ,scooter ,Urban ,130,Cosmetics
gaxr539730998,24,4.1,30.89286,75.822199,31.00286,75.932199,2022-02-14,21:55:00,22:10:00,Cloudy,Jam ,scooter ,Metropolitian ,200,Clothing
yqbh405681517,36,4.9,21.160522,72.771477,21.180522,72.791477,2022-03-11,10:40:00,10:50:00,Sunny,Low ,motorcycle ,Urban ,100,Skincare
artq756832503,38,4.9,26.492106,80.327797,26.632106,80.467797,2022-02-16,22:45:00,22:50:00,Cloudy,Low ,van,Metropolitian ,140,Jewelry
bemg256183050,37,4.8,21.185047,72.80859,21.255047,72.87859,2022-03-20,18:50:00,19:00:00,Sandstorms,Medium ,motorcycle ,Metropolitian ,100,Electronics
kbev477708466,22,4.9,21.186438,72.794115,21.206438,72.814115,2022-04-05,08:35:00,08:40:00,Sunny,Low ,scooter ,Metropolitian ,80,Apparel
jfrs772784839,20,5.0,23.374989,85.335486,23.384989,85.345486,2022-03-21,09:40:00,09:50:00,Sunny,Low ,motorcycle ,Urban ,85,Skincare
kvhx542395748,25,4.8,26.891191,75.802083,26.901191,75.812083,2022-03-15,09:25:00,09:30:00,Cloudy,Low ,motorcycle ,Metropolitian ,85,Apparel
rbml261600618,21,4.0,22.75004,75.902847,22.86004,76.012847,2022-03-12,19:55:00,20:10:00,Cloudy,Jam ,scooter ,Metropolitian ,185,Pet Supplies
ecpu371715054,37,4.6,17.45971,78.368855,17.46971,78.378855,2022-04-03,08:50:00,09:00:00,Stormy,Low ,van,Metropolitian ,125,Jewelry
gcdg186238701,23,5.0,17.426228,78.407495,17.486228,78.467495,2022-03-03,17:45:00,18:00:00,Fog,Medium ,scooter ,Metropolitian ,75,Books
bkyv922304238,24,4.6,25.45235,81.841889,25.50235,81.891889,2022-02-15,20:35:00,20:40:00,Windy,Jam ,motorcycle ,Metropolitian ,140,Skincare
vqlq545486064,32,5.0,22.725835,75.887648,22.735835,75.897648,2022-03-21,11:40:00,11:45:00,Sunny,High ,motorcycle ,Metropolitian ,100,Skincare
nexz988901899,29,4.9,26.846156,75.8023,26.906156,75.8623,2022-03-17,19:00:00,19:05:00,Windy,Medium ,scooter ,Metropolitian ,145,Electronics
xedv037256709,25,4.7,18.636215,73.751081,18.706215,73.821081,2022-03-06,21:30:00,21:35:00,Windy,Jam ,motorcycle ,Metropolitian ,190,Kitchen
ydjc586459520,31,4.9,22.732225,75.874765,22.822225,75.964765,2022-03-08,23:15:00,23:25:00,Sandstorms,Low ,van,Metropolitian ,85,Snacks
qztl376586162,28,4.8,19.103249,72.846749,19.163249,72.906749,2022-03-01,17:30:00,17:35:00,Sunny,Medium ,motorcycle ,Metropolitian ,115,Sports
rhyi011798592,39,5.0,13.029198,77.570997,13.139198,77.680997,2022-03-08,18:35:00,18:40:00,Windy,Medium ,motorcycle ,Metropolitian ,235,Sports
jstv599704639,35,4.7,22.753659,75.903365,22.783659,75.933365,2022-03-11,22:50:00,23:05:00,Cloudy,Low ,motorcycle ,Metropolitian ,130,Shoes
wrcr083246017,29,4.8,13.029198,77.570997,13.059198,77.600997,2022-04-01,18:00:00,18:15:00,Fog,Medium ,motorcycle ,Metropolitian ,85,Pet Supplies
ciiu227813992,39,4.8,12.352058,76.60665,12.402058,76.65665,2022-03-05,21:50:00,22:00:00,Windy,Jam ,motorcycle ,Metropolitian ,150,Skincare
umkf091247599,26,4.7,12.323225,76.630028,12.343225,76.650028,2022-03-15,11:25:00,11:40:00,Stormy,High ,scooter ,Urban ,50,Sports
ghze687035646,20,4.9,21.186438,72.794115,21.206438,72.814115,2022-03-03,10:50:00,10:55:00,Sunny,Low ,scooter ,Metropolitian ,75,Outdoors
likm769613260,39,4.9,23.371292,85.327872,23.381292,85.337872,2022-04-01,09:55:00,10:05:00,Cloudy,Low ,motorcycle ,Metropolitian ,90,Clothing
oyhv831939308,30,4.3,30.88722,75.804893,30.95722,75.874893,2022-02-18,21:20:00,21:30:00,Sandstorms,Jam ,scooter ,Metropolitian ,175,Home
rsel126276895,20,5.0,17.431477,78.40035,17.441477,78.41035,2022-04-03,09:55:00,10:05:00,Sunny,Low ,motorcycle ,Metropolitian ,85,Books
hxzh951616886,26,4.6,30.361281,78.068022,30.391281,78.098022,2022-02-11,19:10:00,19:15:00,Stormy,Jam ,scooter ,Metropolitian ,65,Books
dfnn605612137,34,4.9,13.066762,80.251865,13.176762,80.361865,2022-03-20,17:15:00,17:20:00,Windy,Medium ,scooter ,Urban ,115,Books
vral555749162,33,4.6,18.994237,72.825553,19.044237,72.875553,2022-03-03,21:50:00,22:05:00,Sunny,Jam ,scooter ,Metropolitian ,120,Clothing
pmnh956212049,34,4.9,17.410371,78.437225,17.430371,78.457225,2022-03-13,10:15:00,10:25:00,Windy,Low ,scooter ,Metropolitian ,26,Grocery
rmch973229665,21,4.9,26.481547,80.299775,26.571547,80.389775,2022-02-16,21:40:00,21:55:00,Stormy,Jam ,motorcycle ,Metropolitian ,135,Outdoors
wrof432919697,20,4.7,21.173493,72.801953,21.283493,72.911953,2022-04-06,18:25:00,18:30:00,Cloudy,Medium ,motorcycle ,Metropolitian ,155,Shoes
qpdt189325735,21,4.6,22.651847,75.881991,22.701847,75.931991,2022-03-09,21:10:00,21:20:00,Fog,Jam ,scooter ,Metropolitian ,105,Kitchen
jexe946791291,26,4.4,21.175104,72.804342,21.255104,72.884342,2022-03-25,17:10:00,17:15:00,Fog,Medium ,van,Metropolitian ,37,Grocery
feqj487438456,21,5.0,12.934179,77.615797,13.014179,77.695797,2022-03-14,20:50:00,21:00:00,Sunny,Jam ,scooter ,Metropolitian ,85,Cosmetics
dvgj787509899,34,4.4,19.176269,72.836721,19.246269,72.906721,2022-03-14,19:40:00,19:55:00,Stormy,Jam ,motorcycle ,Metropolitian ,175,Shoes
fsjl490221618,39,4.9,21.173343,72.792731,21.223343,72.842731,2022-04-03,22:00:00,22:05:00,Stormy,Jam ,motorcycle ,Metropolitian ,245,Apparel
deru471556382,39,4.7,11.001852,76.976268,11.041852,77.016268,2022-03-21,14:25:00,14:35:00,Windy,High ,van,Urban ,140,Books
kmer763544057,35,4.9,26.891191,75.802083,26.921191,75.832083,2022-03-28,17:15:00,17:25:00,Fog,Medium ,scooter ,Metropolitian ,85,Cosmetics
vazc972517325,23,4.9,12.972532,77.608179,13.032532,77.668179,2022-03-09,20:40:00,20:50:00,Sandstorms,Jam ,motorcycle ,Metropolitian ,60,Home
fluo493386783,35,4.8,22.751234,75.88949,22.771234,75.90949,2022-03-15,08:10:00,08:20:00,Sunny,Low ,motorcycle ,Metropolitian ,75,Books
ambi005440435,22,5.0,22.753659,75.903365,22.783659,75.933365,2022-03-05,17:20:00,17:35:00,Sandstorms,Medium ,motorcycle ,Metropolitian ,130,Snacks
jpjt720421807,27,4.6,18.516216,73.842527,18.596216,73.922527,2022-03-18,20:30:00,20:35:00,Sandstorms,Jam ,scooter ,Metropolitian ,100,Jewelry
retj543759802,30,4.5,18.51421,73.838429,18.57421,73.898429,2022-03-13,17:55:00,18:00:00,Sunny,Medium ,motorcycle ,Metropolitian ,85,Shoes
pesk811465455,24,4.7,18.55144,73.804855,18.61144,73.864855,2022-03-30,18:55:00,19:10:00,Sunny,Medium ,motorcycle ,Metropolitian ,80,Snacks
rimk484045877,38,5.0,26.911927,75.797282,27.051927,75.937282,2022-03-14,22:00:00,22:05:00,Cloudy,Jam ,motorcycle ,Metropolitian ,205,Jewelry
cjtb982603579,33,4.9,26.766536,75.837333,26.776536,75.847333,2022-03-15,08:50:00,09:05:00,Windy,Low ,scooter ,Urban ,115,Outdoors
plqf934599490,31,4.6,12.970324,77.645748,13.040324,77.715748,2022-03-06,23:50:00,00:00:00,Windy,Low ,motorcycle ,Metropolitian ,125,Books
mtuj344981353,36,4.5,23.374989,85.335486,23.504989,85.465486,2022-03-12,23:45:00,00:00:00,Stormy,Low ,motorcycle ,Metropolitian ,140,Apparel
rtys643199869,23,4.8,13.064181,80.236442,13.114181,80.286442,2022-04-03,20:10:00,20:25:00,Windy,Jam ,motorcycle ,Metropolitian ,115,Cosmetics
jurw433820030,22,4.8,15.303897,73.914336,15.393897,74.004336,2022-02-12,17:20:00,17:35:00,Fog,Medium ,motorcycle ,Metropolitian ,130,Skincare
pemo928205586,26,4.6,26.911927,75.797282,27.051927,75.937282,2022-03-31,22:30:00,22:45:00,Stormy,Low ,motorcycle ,Metropolitian ,50,Cosmetics
bzmo195847037,23,4.7,12.3085,76.665808,12.3585,76.715808,2022-04-03,19:35:00,19:45:00,Sandstorms,Jam ,scooter ,Metropolitian ,60,Pet Supplies
hhjx842252938,36,4.7,13.091809,80.219104,13.121809,80.249104,2022-03-24,20:25:00,20:40:00,Stormy,Jam ,scooter ,Metropolitian ,135,Snacks
ldsw215169059,34,3.7,12.934179,77.615797,13.024179,77.705797,2022-03-08,23:35:00,23:40:00,Fog,Low ,motorcycle ,Metropolitian ,165,Clothing
hfmi009598753,27,4.5,13.066762,80.251865,13.106762,80.291865,2022-03-28,15:55:00,16:05:00,Fog,Medium ,motorcycle ,Other,55,Pet Supplies
sbgl518591732,32,5.0,12.316967,76.603067,12.356967,76.643067,2022-03-13,15:55:00,16:00:00,Stormy,Medium ,motorcycle ,Metropolitian ,155,Pet Supplies
llbi438277400,21,4.1,12.316967,76.603067,12.326967,76.613067,2022-03-03,08:30:00,08:40:00,Sandstorms,Low ,motorcycle ,Metropolitian ,90,Shoes
uvul126250829,37,4.3,22.514585,88.39331,22.594585,88.47331,2022-02-18,22:55:00,23:00:00,Cloudy,Low ,motorcycle ,Metropolitian ,200,Home
zutg690542042,30,4.9,17.429585,78.392621,17.519585,78.482621,2022-04-02,19:00:00,19:15:00,Cloudy,Medium ,motorcycle ,Metropolitian ,150,Skincare
lkpx328347065,34,4.9,17.431668,78.408321,17.491668,78.468321,2022-03-13,18:20:00,18:30:00,Sandstorms,Medium ,motorcycle ,Metropolitian ,125,Kitchen
vtuc768399132,28,4.5,0.0,0.0,0.06,0.06,2022-03-15,19:10:00,19:20:00,Sunny,Jam ,scooter ,Metropolitian ,60,Snacks
iqww626435742,23,4.7,19.178321,72.834715,19.188321,72.844715,2022-03-13,09:30:00,09:40:00,Stormy,Low ,scooter ,Urban ,95,Jewelry
xtqi013288666,33,4.9,13.058616,80.264151,13.138616,80.344151,2022-03-20,21:35:00,21:40:00,Cloudy,Jam ,motorcycle ,Metropolitian ,230,Jewelry
spto172930357,34,4.7,12.297954,76.665169,12.377954,76.745169,2022-03-14,17:25:00,17:35:00,Cloudy,Medium ,motorcycle ,Metropolitian ,170,Books
qpxp897838656,33,4.8,30.361281,78.068022,30.501281,78.208022,2022-02-12,23:20:00,23:30:00,Fog,Low ,motorcycle ,Urban ,150,Electronics
vdmi492416566,21,4.5,21.185047,72.80859,21.235047,72.85859,2022-03-13,20:25:00,20:30:00,Cloudy,Jam ,motorcycle ,Metropolitian ,145,Electronics
lnyb893352570,35,4.6,23.374989,85.335486,23.454989,85.415486,2022-03-18,17:50:00,17:55:00,Fog,Medium ,motorcycle ,Metropolitian ,200,Outdoors
jdxj003653799,20,5.0,9.979363,76.285001,10.029363,76.335001,2022-02-15,00:00:00,00:15:00,Sandstorms,Low ,scooter ,Other,90,Home
qhqf217887016,28,4.3,19.22384,72.841347,19.24384,72.861347,2022-03-26,10:10:00,10:20:00,Windy,Low ,motorcycle ,Metropolitian ,145,Skincare
bodj261390664,22,3.1,26.910262,75.783013,26.990262,75.863013,2022-03-25,22:15:00,22:25:00,Sunny,Low ,scooter ,Metropolitian ,170,Apparel
tkag734038574,34,4.8,19.091458,72.827808,19.221458,72.957808,2022-03-10,23:30:00,23:35:00,Sandstorms,Low ,motorcycle ,Metropolitian ,105,Jewelry
fjtq072021593,28,4.8,23.234631,77.401663,23.364631,77.531663,2022-02-16,23:25:00,23:30:00,Fog,Low ,motorcycle ,Metropolitian ,20,Grocery
dpfm586616832,21,4.5,18.994049,72.825203,19.034049,72.865203,2022-03-28,16:40:00,16:55:00,Sunny,Medium ,motorcycle ,Metropolitian ,80,Shoes
phcc600421279,23,4.7,12.323994,76.626167,12.433994,76.736167,2022-03-23,22:15:00,22:20:00,Windy,Low ,motorcycle ,Urban ,110,Pet Supplies
aksi275084879,33,4.9,27.201725,78.007553,27.231725,78.037553,2022-02-17,23:15:00,23:25:00,Sunny,Low ,motorcycle ,Metropolitian ,85,Sports
erex274540214,29,4.7,13.086438,80.220672,13.196438,80.330672,2022-03-20,19:45:00,20:00:00,Sandstorms,Jam ,motorcycle ,Other,135,Sports
nyra844742346,21,4.7,18.546258,73.904337,18.566258,73.924337,2022-03-30,11:40:00,11:45:00,Cloudy,High ,scooter ,Metropolitian ,150,Kitchen
nepp434962411,24,4.8,0.0,0.0,0.03,0.03,2022-03-09,18:30:00,18:45:00,Sandstorms,Medium ,scooter ,Metropolitian ,140,Jewelry
idmz582460453,29,4.8,13.02978,80.208812,13.06978,80.248812,2022-03-24,16:45:00,17:00:00,Fog,Medium ,scooter ,Metropolitian ,90,Toys
askx252749190,35,4.9,13.02978,80.208812,13.08978,80.268812,2022-03-15,17:55:00,18:05:00,Cloudy,Medium ,motorcycle ,Urban ,140,Books
zjbm251739103,34,4.6,12.334022,76.618203,12.354022,76.638203,2022-04-05,09:35:00,09:50:00,Stormy,Low ,motorcycle ,Urban ,24,Grocery
gfqd824004357,25,4.8,30.361281,78.068022,30.381281,78.088022,2022-02-11,09:00:00,09:15:00,Sunny,Low ,motorcycle ,Other,80,Snacks
enhp828283548,29,4.4,0.0,0.0,0.03,0.03,2022-03-24,20:00:00,20:10:00,Sunny,Jam ,motorcycle ,Metropolitian ,210,Snacks
wryb507868733,34,4.1,11.003669,76.976494,11.063669,77.036494,2022-03-07,22:30:00,22:40:00,Windy,Low ,motorcycle ,Urban ,125,Pet Supplies
uqez483103029,38,4.9,18.593481,73.785901,18.643481,73.835901,2022-03-15,17:45:00,17:55:00,Cloudy,Medium ,motorcycle ,Urban ,90,Clothing
hovt519107296,21,4.8,23.374878,85.335739,23.444878,85.405739,2022-03-16,22:20:00,22:30:00,Windy,Low ,van,Urban ,70,Home
kcqo319339516,38,3.8,26.914142,75.805704,27.024142,75.915704,2022-03-29,23:50:00,23:55:00,Cloudy,Low ,motorcycle ,Metropolitian ,185,Electronics
ugxo576067618,39,3.8,19.12663,72.829976,19.25663,72.959976,2022-03-12,23:20:00,23:25:00,Cloudy,Low ,scooter ,Metropolitian ,185,Home
szbw206726458,21,4.8,21.160437,72.774209,21.270437,72.884209,2022-03-08,22:15:00,22:30:00,Windy,Low ,motorcycle ,Metropolitian ,85,Snacks
zfah557831274,30,4.0,11.025083,77.015393,11.045083,77.035393,2022-03-13,09:20:00,09:30:00,Windy,Low ,motorcycle ,Metropolitian ,28,Grocery
xzdb249677472,36,5.0,11.003669,76.976494,11.083669,77.056494,2022-03-18,17:30:00,17:45:00,Cloudy,Medium ,scooter ,Other,170,Toys
xhhd212639899,23,4.6,30.361281,78.068022,30.411281,78.118022,2022-02-11,18:15:00,18:20:00,Cloudy,Medium ,motorcycle ,Metropolitian ,90,Books
qfke763839882,31,4.7,-10.003064,76.307589,10.133064,76.437589,2022-02-12,22:25:00,22:30:00,Windy,Low ,scooter ,Metropolitian ,125,Books
ctfk588047619,34,4.5,21.17106,72.789292,21.19106,72.809292,2022-03-30,11:30:00,11:45:00,Sunny,High ,scooter ,Metropolitian ,75,Clothing
ybti996897097,36,4.2,23.371292,85.327872,23.431292,85.387872,2022-03-28,20:25:00,20:35:00,Cloudy,Jam ,scooter ,Metropolitian ,160,Snacks
gyhd996716931,35,4.7,0.0,0.0,0.01,0.01,2022-02-15,08:40:00,08:50:00,Windy,Low ,scooter ,Metropolitian ,130,Electronics
kazj987590087,29,4.6,30.335259,78.053162,30.375259,78.093162,2022-02-17,16:35:00,16:40:00,Sunny,Medium ,motorcycle ,Metropolitian ,105,Snacks
pxvc850874739,31,4.8,18.533811,73.899315,18.623811,73.989315,2022-03-31,21:25:00,21:30:00,Fog,Jam ,scooter ,Metropolitian ,230,Books
fchq239921300,35,4.5,12.939496,77.625999,12.959496,77.645999,2022-03-30,10:20:00,10:35:00,Cloudy,Low ,motorcycle ,Metropolitian ,90,Skincare
dhri995405685,39,4.4,23.214294,77.435361,23.324294,77.545361,2022-02-14,21:25:00,21:35:00,Sunny,Jam ,motorcycle ,Metropolitian ,165,Snacks
hwbe743627252,25,4.2,12.949934,77.699386,13.019934,77.769386,2022-03-31,21:15:00,21:20:00,Windy,Jam ,motorcycle ,Metropolitian ,195,Outdoors
omuw345881210,34,4.6,12.935662,77.61413,12.955662,77.63413,2022-03-21,09:10:00,09:15:00,Fog,Low ,motorcycle ,Metropolitian ,85,Sports
bmzj873939981,36,4.4,12.310972,76.659264,12.380972,76.729264,2022-03-10,19:30:00,19:45:00,Stormy,Jam ,motorcycle ,Metropolitian ,165,Toys
tuik355377417,20,4.6,18.554382,73.798206,18.584382,73.828206,2022-03-03,17:50:00,18:05:00,Sandstorms,Medium ,scooter ,Metropolitian ,140,Clothing
bbaa027967455,21,4.6,19.875908,75.358888,19.895908,75.378888,2022-02-13,11:50:00,12:05:00,Fog,High ,motorcycle ,Metropolitian ,165,Skincare
umki086507305,33,4.9,12.972793,80.249982,13.082793,80.359982,2022-04-04,17:25:00,17:30:00,Sandstorms,Medium ,motorcycle ,Metropolitian ,115,Shoes
yesv724284977,25,4.3,11.008638,76.984311,11.048638,77.024311,2022-03-03,13:40:00,13:50:00,Sunny,High ,motorcycle ,Semi-Urban ,260,Apparel
mvxu253699133,38,4.9,0.0,0.0,0.07,0.07,2022-02-12,17:50:00,18:05:00,Sunny,Medium ,motorcycle ,Urban ,75,Electronics
kzig464403584,26,4.0,12.352058,76.60665,12.462058,76.71665,2022-04-02,20:35:00,20:40:00,Fog,Jam ,scooter ,Metropolitian ,170,Electronics
xdem380426021,22,4.8,0.0,0.0,0.07,0.07,2022-03-20,18:50:00,19:00:00,Sunny,Medium ,motorcycle ,Other,85,Skincare
eyns365083316,28,4.6,13.054347,80.257221,13.074347,80.277221,2022-03-11,11:15:00,11:25:00,Windy,High ,van,Urban ,135,Books
kbym606164377,34,4.6,11.003681,76.975525,11.023681,76.995525,2022-04-05,09:00:00,09:15:00,Stormy,Low ,motorcycle ,Metropolitian ,110,Cosmetics
ozii275154962,38,4.6,0.0,0.0,0.01,0.01,2022-02-17,11:10:00,11:15:00,Stormy,High ,scooter ,Urban ,125,Jewelry
opdf699695945,39,4.7,22.727021,75.884167,22.737021,75.894167,2022-03-09,08:25:00,08:30:00,Fog,Low ,van,Metropolitian ,80,Clothing
qcku642956493,30,4.7,12.972793,80.249982,13.022793,80.299982,2022-03-21,23:00:00,23:15:00,Fog,Low ,motorcycle ,Urban ,140,Skincare
jwnl778366841,36,4.7,19.176269,72.836721,19.206269,72.866721,2022-04-01,22:45:00,22:50:00,Fog,Low ,scooter ,Other,95,Sports
pitn594451699,28,4.4,26.846156,75.8023,26.926156,75.8823,2022-03-02,19:35:00,19:45:00,Cloudy,Jam ,motorcycle ,Metropolitian ,155,Cosmetics
rqss992770897,38,4.5,12.326356,76.619103,12.346356,76.639103,2022-03-03,10:00:00,10:05:00,Cloudy,Low ,motorcycle ,Metropolitian ,105,Skincare
nujo448280957,38,4.9,18.536718,73.830327,18.566719,73.860327,2022-03-03,17:40:00,17:50:00,Fog,Medium ,scooter ,Metropolitian ,75,Clothing
qkal192442710,24,4.4,30.890184,75.829615,30.900184,75.839615,2022-02-11,09:45:00,09:50:00,Windy,Low ,motorcycle ,Metropolitian ,135,Cosmetics
efbv094320974,20,4.5,21.157729,72.768726,21.217729,72.828726,2022-03-17,23:50:00,23:55:00,Cloudy,Low ,motorcycle ,Metropolitian ,105,Sports
fktq777194769,26,4.8,18.539299,73.897902,18.569299,73.927902,2022-04-05,18:50:00,18:55:00,Windy,Medium ,motorcycle ,Metropolitian ,60,Jewelry
umas388768736,21,4.8,22.533662,88.366217,22.613662,88.446217,2022-02-16,21:50:00,21:55:00,Sunny,Jam ,motorcycle ,Metropolitian ,105,Snacks
kidf268883873,21,4.6,22.728163,75.884212,22.798163,75.954212,2022-04-06,20:15:00,20:25:00,Cloudy,Jam ,scooter ,Metropolitian ,165,Electronics
gznn468589558,39,4.4,26.891191,75.802083,26.971191,75.882083,2022-03-25,00:00:00,00:05:00,Fog,Low ,motorcycle ,Metropolitian ,170,Shoes
hbvh297230525,32,5.0,12.334022,76.618203,12.374022,76.658203,2022-03-17,16:40:00,16:45:00,Stormy,Medium ,motorcycle ,Metropolitian ,135,Shoes
xxou039906386,29,4.7,22.569358,88.433452,22.629358,88.493452,2022-02-17,23:30:00,23:35:00,Fog,Low ,scooter ,Metropolitian ,90,Toys
aqnd739510305,30,4.7,11.001852,76.976268,11.041852,77.016268,2022-04-03,16:15:00,16:25:00,Sunny,Medium ,scooter ,Metropolitian ,110,Books
yybi060224258,33,3.6,22.753659,75.903365,22.883659,76.033365,2022-03-18,17:20:00,17:30:00,Sandstorms,Medium ,scooter ,Metropolitian ,165,Shoes
ezre285942244,39,4.6,17.424114,78.347554,17.494114,78.417554,2022-03-08,23:20:00,23:30:00,Windy,Low ,motorcycle ,Urban ,110,Jewelry
fipo005763064,29,5.0,18.546258,73.904337,18.556258,73.914337,2022-03-21,11:00:00,11:15:00,Cloudy,Low ,motorcycle ,Urban ,100,Skincare
ouua102114713,29,4.8,18.56245,73.916619,18.63245,73.986619,2022-03-29,22:30:00,22:45:00,Cloudy,Low ,motorcycle ,Urban ,115,Shoes
kxmm535356002,31,4.5,11.024839,77.007003,11.104839,77.087003,2022-03-25,19:55:00,20:05:00,Fog,Jam ,motorcycle ,Metropolitian ,260,Electronics
quxl992178301,21,4.6,25.457687,81.835585,25.477687,81.855585,2022-02-17,09:25:00,09:40:00,Sandstorms,Low ,scooter ,Urban ,80,Kitchen
zdfn536693126,26,4.1,19.176269,72.836721,19.216269,72.876721,2022-03-15,13:45:00,14:00:00,Sunny,High ,motorcycle ,Metropolitian ,240,Jewelry
qpbn257139888,30,4.8,13.081878,80.248519,13.131878,80.298519,2022-03-09,18:00:00,18:05:00,Sunny,Medium ,scooter ,Metropolitian ,115,Clothing
oahk746445999,21,4.8,12.914264,77.6784,13.044264,77.8084,2022-04-04,18:30:00,18:35:00,Sunny,Medium ,motorcycle ,Urban ,55,Skincare
gxib606583918,33,4.9,11.008638,76.984311,11.068638,77.044311,2022-03-21,23:45:00,00:00:00,Cloudy,Low ,scooter ,Other,80,Toys
mxkb517865667,28,4.6,30.895204,75.822103,30.925204,75.852103,2022-02-13,18:55:00,19:10:00,Cloudy,Medium ,motorcycle ,Metropolitian ,140,Books
rsgk757027324,32,4.4,15.51315,73.78346,15.58315,73.853459,2022-02-14,21:50:00,21:55:00,Cloudy,Jam ,motorcycle ,Metropolitian ,215,Apparel
hjko098785138,23,5.0,22.311358,73.164798,22.441358,73.294798,2022-03-06,18:35:00,18:40:00,Sandstorms,Medium ,motorcycle ,Metropolitian ,135,Sports
oaov587846264,23,5.0,11.003669,76.976494,11.033669,77.006494,2022-03-05,23:40:00,23:55:00,Stormy,Low ,motorcycle ,Metropolitian ,65,Sports
jina376655016,38,4.9,12.311072,76.654878,12.321072,76.664878,2022-03-21,10:00:00,10:10:00,Fog,Low ,motorcycle ,Urban ,120,Skincare
bygn396142579,36,4.8,22.74806,75.8934,22.80806,75.9534,2022-03-30,21:20:00,21:25:00,Fog,Jam ,motorcycle ,Urban ,140,Skincare
imrp803136835,34,3.3,30.362686,78.06889,30.492686,78.19889,2022-02-14,22:50:00,23:00:00,Sunny,Low ,motorcycle ,Metropolitian ,160,Shoes
aslr803207202,20,4.7,18.546947,73.900626,18.606947,73.960626,2022-03-11,23:10:00,23:15:00,Stormy,Low ,van,Urban ,70,Clothing
rsgr077664709,34,4.9,19.121999,72.908493,19.181999,72.968493,2022-03-13,19:10:00,19:20:00,Fog,Jam ,scooter ,Metropolitian ,180,Apparel
cnly920863143,38,4.8,18.994237,72.825553,19.034237,72.865553,2022-03-30,13:50:00,14:05:00,Stormy,High ,motorcycle ,Metropolitian ,235,Toys
rleh153953902,29,4.9,11.021278,76.995017,11.101278,77.075017,2022-04-04,20:25:00,20:35:00,Sandstorms,Jam ,motorcycle ,Metropolitian ,120,Outdoors
eihi961558389,33,3.6,30.372202,78.077151,30.482202,78.187151,2022-02-12,19:15:00,19:30:00,Sandstorms,Jam ,scooter ,Metropolitian ,205,Toys
lqyq663528789,38,4.3,22.744648,75.894377,22.784648,75.934377,2022-03-30,16:30:00,16:45:00,Sandstorms,Medium ,scooter ,Metropolitian ,160,Home
fdlo560741853,34,4.3,13.027018,80.254791,13.157018,80.384791,2022-03-23,18:10:00,18:20:00,Sandstorms,Medium ,scooter ,Metropolitian ,170,Pet Supplies
rifn283521356,27,4.9,17.424114,78.347554,17.534114,78.457554,2022-03-12,23:50:00,23:55:00,Windy,Low ,van,Metropolitian ,80,Outdoors
zbel647135442,32,4.5,18.520016,73.830547,18.570016,73.880547,2022-03-09,20:30:00,20:35:00,Fog,Jam ,motorcycle ,Metropolitian ,150,Electronics
injs352600265,25,4.7,30.895204,75.822103,30.945204,75.872103,2022-02-15,22:55:00,23:05:00,Sandstorms,Low ,scooter ,Urban ,75,Pet Supplies
jggs550715725,39,4.6,30.335259,78.053162,30.395259,78.113162,2022-02-15,21:55:00,22:00:00,Cloudy,Jam ,scooter ,Urban ,150,Home
togq812304859,30,4.7,26.902908,75.792934,26.942908,75.832934,2022-03-01,16:50:00,17:05:00,Fog,Medium ,motorcycle ,Metropolitian ,75,Sports
qhme838869298,31,4.5,18.53408,73.89852,18.60408,73.96852,2022-03-31,19:40:00,19:55:00,Windy,Jam ,motorcycle ,Metropolitian ,160,Apparel
uoyn508285136,25,4.7,17.483216,78.552111,17.533216,78.602111,2022-03-09,21:25:00,21:35:00,Stormy,Jam ,van,Urban ,85,Toys
azaw526375275,26,4.6,19.065838,72.832658,19.175838,72.942658,2022-03-14,20:10:00,20:20:00,Windy,Jam ,motorcycle ,Urban ,15,Grocery
rbef320860695,33,5.0,17.440827,78.393391,17.520827,78.473391,2022-03-23,18:45:00,19:00:00,Sunny,Medium ,motorcycle ,Metropolitian ,125,Pet Supplies
ubrq321264379,21,4.3,26.902908,75.792934,27.042908,75.932934,2022-03-29,18:15:00,18:25:00,Fog,Medium ,scooter ,Metropolitian ,155,Books
wdor942377700,32,3.9,17.431668,78.408321,17.561668,78.538321,2022-03-12,22:50:00,22:55:00,Cloudy,Low ,scooter ,Metropolitian ,155,Skincare
pbtg358557299,30,4.6,23.371292,85.327872,23.401292,85.357872,2022-03-13,22:30:00,22:35:00,Sandstorms,Low ,motorcycle ,Metropolitian ,130,Outdoors
xndq697313383,28,4.6,17.438263,78.397865,17.528263,78.487865,2022-04-02,20:50:00,21:05:00,Sandstorms,Jam ,motorcycle ,Urban ,130,Cosmetics
zbvh828569640,26,4.8,-22.569367,88.433187,22.629367,88.493187,2022-02-11,17:25:00,17:40:00,Sandstorms,Medium ,van,Metropolitian ,110,Toys
crvn406368040,29,4.9,19.091458,72.827808,19.111458,72.847808,2022-04-01,08:40:00,08:50:00,Stormy,Low ,scooter ,Metropolitian ,60,Toys
pjfm752339605,30,4.6,0.0,0.0,0.09,0.09,2022-03-06,23:45:00,23:55:00,Cloudy,Low ,motorcycle ,Metropolitian ,215,Home
wduj099075306,37,4.1,13.029198,77.570997,13.059198,77.600997,2022-03-15,17:45:00,18:00:00,Windy,Medium ,motorcycle ,Metropolitian ,190,Electronics
rizi170054338,28,4.8,22.31279,73.170283,22.34279,73.200283,2022-03-07,23:50:00,00:00:00,Sunny,Low ,motorcycle ,Metropolitian ,85,Electronics
jhfw340806139,36,4.8,12.972161,77.596014,13.062161,77.686014,2022-03-20,19:00:00,19:15:00,Windy,Medium ,motorcycle ,Metropolitian ,120,Jewelry
nlbv106818138,26,4.5,19.120083,72.907385,19.210083,72.997385,2022-03-25,23:45:00,23:55:00,Sandstorms,Low ,motorcycle ,Metropolitian ,80,Sports
thuv275988997,21,4.6,0.0,0.0,0.04,0.04,2022-02-11,15:00:00,15:10:00,Stormy,High ,scooter ,Urban ,140,Skincare
ltnz008044832,30,4.9,18.994237,72.825553,19.084237,72.915553,2022-03-18,23:15:00,23:25:00,Sandstorms,Low ,motorcycle ,Metropolitian ,140,Cosmetics
jdng861249278,36,4.8,13.064181,80.236442,13.114181,80.286442,2022-03-26,23:20:00,23:25:00,Sandstorms,Low ,scooter ,Urban ,130,Books
zsps037479572,22,4.8,12.939496,77.625999,12.949496,77.635999,2022-03-15,10:00:00,10:10:00,Cloudy,Low ,motorcycle ,Urban ,24,Grocery
ueoj522375475,30,4.7,0.0,0.0,0.08,0.08,2022-02-14,22:50:00,22:55:00,Stormy,Low ,van,Other,135,Outdoors
qduu466421041,30,4.2,0.0,0.0,0.13,0.13,2022-02-16,23:25:00,23:40:00,Fog,Low ,scooter ,Metropolitian ,155,Jewelry
vwgv993630347,30,4.8,12.975377,77.696664,13.015377,77.736664,2022-03-19,15:15:00,15:30:00,Windy,Medium ,motorcycle ,Metropolitian ,130,Snacks
ahdp825027890,20,4.8,17.429585,78.392621,17.449585,78.412621,2022-04-03,11:55:00,12:10:00,Sandstorms,High ,scooter ,Urban ,135,Snacks
ilnn279576989,32,4.5,22.310526,73.170937,22.330526,73.190937,2022-03-19,10:20:00,10:35:00,Cloudy,Low ,scooter ,Metropolitian ,75,Cosmetics
eroj926756915,31,4.9,26.88842,75.800689,26.97842,75.890689,2022-03-23,19:35:00,19:45:00,Fog,Jam ,motorcycle ,Metropolitian ,210,Shoes
amwt677706239,39,4.7,30.319528,78.040267,30.339528,78.060267,2022-02-11,09:45:00,09:55:00,Fog,Low ,motorcycle ,Metropolitian ,120,Home
qqzf648044793,24,4.6,23.353783,85.326967,23.383783,85.356967,2022-03-30,19:10:00,19:25:00,Stormy,Jam ,scooter ,Metropolitian ,95,Home
uffa377592937,23,4.8,13.026279,80.174568,13.046279,80.194568,2022-03-01,09:55:00,10:00:00,Windy,Low ,motorcycle ,Urban ,50,Snacks
babm995518179,36,4.1,23.355164,85.324097,23.485164,85.454097,2022-03-27,20:25:00,20:35:00,Windy,Jam ,motorcycle ,Metropolitian ,175,Electronics
nxdk848247526,25,4.6,23.359407,85.325055,23.399407,85.365055,2022-03-24,13:00:00,13:10:00,Windy,High ,motorcycle ,Metropolitian ,120,Toys
mcbl057966062,28,4.5,26.913483,75.803139,27.053483,75.943139,2022-03-20,21:45:00,22:00:00,Stormy,Jam ,motorcycle ,Metropolitian ,135,Cosmetics
itwj107953256,30,4.9,22.727021,75.884167,22.807021,75.964167,2022-04-06,20:00:00,20:15:00,Fog,Jam ,scooter ,Metropolitian ,235,Outdoors
pyrl819526729,36,4.6,12.934179,77.615797,12.974179,77.655797,2022-04-03,13:15:00,13:30:00,Stormy,High ,motorcycle ,Metropolitian ,170,Skincare
zoce124355868,20,4.9,21.149669,72.772629,21.179669,72.802629,2022-03-26,17:30:00,17:40:00,Windy,Medium ,motorcycle ,Metropolitian ,145,Skincare
ojiz586066478,37,4.6,26.892312,75.806896,26.902313,75.816896,2022-03-28,11:40:00,11:50:00,Fog,High ,van,Urban ,145,Toys
nykj981184352,23,4.9,25.459775,81.834841,25.489775,81.864841,2022-02-15,17:15:00,17:30:00,Fog,Medium ,motorcycle ,Metropolitian ,140,Sports
iveb275049826,23,4.8,18.53408,73.89852,18.62408,73.98852,2022-03-06,19:00:00,19:10:00,Windy,Medium ,motorcycle ,Metropolitian ,105,Skincare
iiet162686496,22,4.2,18.539299,73.897902,18.549299,73.907902,2022-03-11,09:45:00,09:55:00,Windy,Low ,motorcycle ,Metropolitian ,85,Electronics
kjxw105828911,33,4.4,19.103249,72.846749,19.113249,72.856749,2022-04-01,09:10:00,09:25:00,Stormy,Low ,motorcycle ,Metropolitian ,135,Shoes
qurr798153447,21,5.0,11.001753,76.986241,11.031753,77.016241,2022-03-05,17:30:00,17:35:00,Windy,Medium ,motorcycle ,Metropolitian ,140,Snacks
gkal262420096,24,4.6,12.979096,77.640625,13.069096,77.730625,2022-03-27,20:25:00,20:35:00,Fog,Jam ,scooter ,Other,195,Apparel
ykcf068931323,36,4.7,26.905287,75.794592,26.935287,75.824592,2022-03-01,17:55:00,18:00:00,Windy,Medium ,scooter ,Urban ,140,Electronics
ouef881779027,26,4.8,19.176269,72.836721,19.226269,72.886721,2022-03-05,22:30:00,22:45:00,Windy,Low ,motorcycle ,Urban ,65,Skincare
rchy737689116,20,4.8,22.311603,73.165012,22.381603,73.235012,2022-03-29,22:25:00,22:35:00,Cloudy,Low ,van,Metropolitian ,100,Shoes
mevz225292497,31,4.7,26.913987,75.752891,26.983987,75.822891,2022-03-14,17:20:00,17:35:00,Fog,Medium ,van,Metropolitian ,185,Toys
ergv999019021,31,4.8,17.433809,78.386744,17.503809,78.456744,2022-03-12,19:00:00,19:05:00,Stormy,Medium ,motorcycle ,Metropolitian ,150,Books
dbcj590506042,32,4.8,26.891191,75.802083,27.001191,75.912083,2022-03-27,20:30:00,20:45:00,Sunny,Jam ,van,Metropolitian ,115,Pet Supplies
cdft634908380,21,4.9,23.354422,85.3329,23.444422,85.4229,2022-03-29,19:15:00,19:25:00,Sandstorms,Jam ,van,Metropolitian ,105,Apparel
tuei260853220,35,4.6,9.991703,76.293136,10.041703,76.343136,2022-02-17,22:10:00,22:15:00,Sandstorms,Low ,motorcycle ,Metropolitian ,115,Pet Supplies
ayfi386579358,37,5.0,30.890184,75.829615,31.000184,75.939615,2022-02-12,21:35:00,21:40:00,Fog,Jam ,motorcycle ,Metropolitian ,180,Shoes
biap708931824,20,4.7,0.0,0.0,0.02,0.02,2022-03-19,08:10:00,08:15:00,Fog,Low ,motorcycle ,Metropolitian ,115,Skincare
dxxv134860759,20,4.8,22.310237,73.158921,22.420237,73.268921,2022-04-04,20:45:00,21:00:00,Cloudy,Jam ,scooter ,Urban ,190,Sports
nhce820250232,22,4.9,18.51421,73.838429,18.55421,73.878429,2022-03-05,15:20:00,15:35:00,Sunny,Medium ,scooter ,Urban ,80,Apparel
jwan163566939,34,4.9,26.90294,75.793007,26.98294,75.873007,2022-03-04,17:25:00,17:35:00,Sandstorms,Medium ,scooter ,Metropolitian ,125,Shoes
lvgv338820517,39,5.0,12.978453,77.643685,13.018453,77.683685,2022-03-15,15:25:00,15:40:00,Cloudy,Medium ,scooter ,Metropolitian ,75,Jewelry
bagp724591041,21,4.6,11.026117,76.944652,11.056117,76.974652,2022-03-28,21:15:00,21:20:00,Windy,Jam ,motorcycle ,Metropolitian ,135,Cosmetics
udaq337400887,38,4.9,19.12663,72.829976,19.18663,72.889976,2022-03-26,17:45:00,18:00:00,Stormy,Medium ,scooter ,Urban ,155,Cosmetics
ynlx327486589,35,5.0,12.975377,77.696664,13.065377,77.786664,2022-03-10,19:40:00,19:55:00,Stormy,Jam ,scooter ,Metropolitian ,140,Home
hwsn015713335,38,4.7,18.546258,73.904337,18.606258,73.964337,2022-03-03,20:45:00,21:00:00,Fog,Jam ,scooter ,Metropolitian ,125,Apparel
xhmz350207730,36,4.6,18.530963,73.828972,18.540963,73.838972,2022-03-01,09:55:00,10:00:00,Cloudy,Low ,motorcycle ,Metropolitian ,110,Home
khdy869383100,31,4.8,19.1093,72.825451,19.1693,72.885451,2022-03-03,23:30:00,23:35:00,Sunny,Low ,motorcycle ,Metropolitian ,50,Toys
cyrp691067344,20,4.9,30.361281,78.068022,30.451281,78.158022,2022-02-12,20:50:00,21:05:00,Fog,Jam ,motorcycle ,Metropolitian ,41,Grocery
vehr627079862,30,4.7,19.875016,75.322405,19.905016,75.352405,2022-02-15,19:35:00,19:50:00,Sandstorms,Jam ,scooter ,Metropolitian ,145,Cosmetics
upjc844374296,34,4.8,11.003008,76.97544,11.133009,77.10544,2022-03-08,23:00:00,23:10:00,Fog,Low ,scooter ,Metropolitian ,150,Toys
dxnh457891242,30,4.7,17.450851,78.379347,17.520851,78.449347,2022-03-25,23:40:00,23:55:00,Sunny,Low ,motorcycle ,Metropolitian ,145,Outdoors
ssgs841124654,29,4.9,23.359407,85.325055,23.449407,85.415055,2022-03-02,19:45:00,20:00:00,Fog,Jam ,motorcycle ,Urban ,230,Skincare
bhbp713492517,27,4.5,18.533811,73.899315,18.643811,74.009315,2022-03-31,21:15:00,21:30:00,Sandstorms,Jam ,scooter ,Metropolitian ,20,Grocery
emgy985319720,23,4.6,19.091458,72.827808,19.161458,72.897808,2022-03-20,19:40:00,19:45:00,Cloudy,Jam ,motorcycle ,Metropolitian ,180,Cosmetics
odnj676117526,37,4.7,18.536718,73.830327,18.566719,73.860327,2022-03-26,20:15:00,20:25:00,Stormy,Jam ,scooter ,Metropolitian ,135,Jewelry
sinz655371112,34,5.0,22.753839,75.897429,22.863838,76.007429,2022-04-04,23:15:00,23:30:00,Stormy,Low ,motorcycle ,Metropolitian ,100,Home
xeau718397865,34,4.6,19.176269,72.836721,19.286269,72.946721,2022-04-02,22:50:00,23:05:00,Stormy,Low ,scooter ,Urban ,100,Snacks
ucsf817400025,31,4.6,18.554382,73.798206,18.664382,73.908206,2022-03-25,18:40:00,18:50:00,Fog,Medium ,motorcycle ,Metropolitian ,46,Grocery
dioo430441730,22,4.7,13.022394,80.242439,13.132394,80.352439,2022-03-18,17:15:00,17:30:00,Sandstorms,Medium ,motorcycle ,Metropolitian ,145,Home
yhcg698031389,25,4.7,13.049645,80.242268,13.069645,80.262268,2022-03-03,11:50:00,11:55:00,Windy,High ,van,Metropolitian ,130,Pet Supplies
ydrr880444138,26,4.6,13.054347,80.257221,13.104347,80.307221,2022-03-17,22:15:00,22:20:00,Cloudy,Low ,motorcycle ,Metropolitian ,90,Outdoors
enrc659510474,38,4.9,23.371292,85.327872,23.461292,85.417872,2022-03-12,20:35:00,20:45:00,Fog,Jam ,scooter ,Metropolitian ,245,Sports
htbz287119652,34,4.2,18.536718,73.830327,18.566719,73.860327,2022-04-03,22:00:00,22:10:00,Stormy,Jam ,motorcycle ,Metropolitian ,210,Home
baki268652411,23,4.8,22.728163,75.884212,22.858163,76.014212,2022-03-29,22:40:00,22:45:00,Stormy,Low ,motorcycle ,Metropolitian ,100,Toys
pipq392616877,38,4.9,18.530963,73.828972,18.590963,73.888972,2022-04-05,22:45:00,22:55:00,Fog,Low ,motorcycle ,Urban ,110,Skincare
ulox451484008,35,4.7,9.970717,76.285447,10.020717,76.335447,2022-02-11,21:15:00,21:20:00,Sandstorms,Jam ,motorcycle ,Metropolitian ,160,Toys
zcsv359248147,28,4.8,0.0,0.0,0.04,0.04,2022-02-13,14:00:00,14:05:00,Windy,High ,van,Metropolitian ,16,Grocery
unhn374077867,26,4.8,12.979096,77.640625,13.029096,77.690625,2022-03-13,00:00:00,00:10:00,Cloudy,Low ,motorcycle ,Urban ,65,Toys
bqdu666325114,30,4.6,21.183434,72.814492,21.213434,72.844492,2022-03-19,17:50:00,17:55:00,Fog,Medium ,van,Urban ,85,Jewelry
abua387573648,37,4.9,18.546258,73.904337,18.626258,73.984337,2022-04-04,22:45:00,22:50:00,Sandstorms,Low ,scooter ,Metropolitian ,140,Cosmetics
eaci293897732,22,4.6,13.044694,80.26147,13.064694,80.28147,2022-03-21,11:45:00,11:55:00,Stormy,High ,motorcycle ,Metropolitian ,145,Skincare
ddwd333010886,33,4.2,12.914264,77.6784,12.964264,77.7284,2022-03-05,20:15:00,20:30:00,Stormy,Jam ,motorcycle ,Metropolitian ,155,Home
ljzj234366887,29,5.0,12.933298,77.614293,12.953298,77.634293,2022-04-05,12:00:00,12:10:00,Cloudy,High ,motorcycle ,Metropolitian ,110,Snacks
ptpv346380345,34,4.9,18.530963,73.828972,18.550963,73.848972,2022-03-17,09:45:00,09:50:00,Sunny,Low ,scooter ,Urban ,60,Shoes
jvmo868885362,38,4.5,21.160437,72.774209,21.270437,72.884209,2022-04-06,21:35:00,21:40:00,Sandstorms,Jam ,motorcycle ,Metropolitian ,215,Cosmetics
qylw135806005,30,3.9,0.0,0.0,0.11,0.11,2022-04-04,22:00:00,22:10:00,Sandstorms,Jam ,motorcycle ,Metropolitian ,205,Electronics
czmt935513716,38,4.1,18.593481,73.785901,18.613481,73.805901,2022-04-01,11:45:00,11:55:00,Fog,High ,scooter ,Metropolitian ,165,Snacks
ttep468647731,35,4.6,26.913483,75.803139,27.053483,75.943139,2022-03-12,22:10:00,22:25:00,Windy,Low ,van,Metropolitian ,75,Cosmetics
dwps855440822,39,4.9,26.846156,75.8023,26.976156,75.9323,2022-03-31,17:50:00,17:55:00,Sandstorms,Medium ,van,Urban ,23,Grocery
xwvw520324745,27,4.5,18.994049,72.825203,19.034049,72.865203,2022-03-30,13:50:00,14:00:00,Fog,High ,motorcycle ,Metropolitian ,125,Outdoors
kpaj393055426,26,4.9,0.0,0.0,0.13,0.13,2022-03-08,20:35:00,20:40:00,Cloudy,Jam ,scooter ,Urban ,200,Apparel
ntgz471460214,37,3.9,12.975996,80.221898,13.045996,80.291898,2022-03-06,21:55:00,22:10:00,Stormy,Jam ,scooter ,Metropolitian ,185,Home
fxkp259574608,26,4.9,23.353783,85.326967,23.423783,85.396967,2022-03-29,22:20:00,22:35:00,Sandstorms,Low ,scooter ,Urban ,85,Pet Supplies
zryh048014714,36,4.4,19.875337,75.316722,19.955337,75.396722,2022-02-18,22:30:00,22:45:00,Fog,Low ,scooter ,Metropolitian ,160,Shoes
spgc082793916,37,4.8,13.022394,80.242439,13.042394,80.262439,2022-04-05,09:35:00,09:50:00,Sandstorms,Low ,van,Metropolitian ,100,Clothing
yden591837907,34,4.9,0.0,0.0,0.03,0.03,2022-04-03,22:35:00,22:45:00,Sandstorms,Low ,scooter ,Metropolitian ,140,Cosmetics
otwx114252632,37,4.1,21.185047,72.80859,21.245047,72.86859,2022-03-01,18:45:00,18:55:00,Sandstorms,Medium ,motorcycle ,Metropolitian ,160,Shoes
czug829774208,38,3.8,19.091458,72.827808,19.171458,72.907808,2022-03-08,20:40:00,20:55:00,Sunny,Jam ,motorcycle ,Metropolitian ,170,Cosmetics
jspr554857679,27,4.7,13.066762,80.251865,13.136762,80.321865,2022-03-08,18:50:00,19:05:00,Sunny,Medium ,motorcycle ,Urban ,60,Home
gqck237598477,23,4.7,13.081878,80.248519,13.091878,80.258519,2022-03-07,11:35:00,11:50:00,Windy,High ,motorcycle ,Metropolitian ,170,Snacks
zuos457048040,23,4.9,13.044694,80.26147,13.134694,80.35147,2022-03-27,19:55:00,20:05:00,Stormy,Jam ,scooter ,Metropolitian ,105,Sports
inxb130834561,36,4.7,0.0,0.0,0.05,0.05,2022-03-24,21:40:00,21:50:00,Sunny,Jam ,scooter ,Metropolitian ,85,Clothing
dxql077858732,38,4.7,21.186438,72.794115,21.196438,72.804115,2022-03-01,08:35:00,08:45:00,Cloudy,Low ,motorcycle ,Metropolitian ,140,Clothing
wtyz252506421,25,4.7,25.449659,81.839744,25.529659,81.919744,2022-02-14,18:10:00,18:15:00,Sunny,Medium ,scooter ,Metropolitian ,85,Toys
goow550937605,37,4.9,12.978453,77.643685,13.028453,77.693685,2022-03-21,23:50:00,23:55:00,Fog,Low ,motorcycle ,Other,80,Jewelry
xbxt419953281,28,4.8,21.170096,72.789122,21.220096,72.839122,2022-03-19,23:10:00,23:15:00,Windy,Low ,scooter ,Other,70,Snacks
dvcf788458035,23,4.6,12.979166,77.640709,13.019166,77.680709,2022-03-17,15:15:00,15:25:00,Sandstorms,Medium ,scooter ,Metropolitian ,105,Kitchen
kfri621709568,24,5.0,12.935662,77.61413,13.025662,77.70413,2022-03-10,17:45:00,17:50:00,Sunny,Medium ,scooter ,Metropolitian ,75,Electronics
ggqe657935916,21,4.1,23.354422,85.3329,23.364422,85.3429,2022-03-15,08:20:00,08:25:00,Windy,Low ,motorcycle ,Metropolitian ,24,Grocery
qcga537653671,26,4.6,13.091809,80.219104,13.221809,80.349104,2022-03-31,18:00:00,18:05:00,Sandstorms,Medium ,scooter ,Metropolitian ,115,Books
wpvn370540505,36,4.9,22.311844,73.165081,22.381844,73.235081,2022-03-10,17:55:00,18:05:00,Windy,Medium ,motorcycle ,Other,200,Home
mavx235537202,26,4.7,19.12663,72.829976,19.18663,72.889976,2022-03-09,20:10:00,20:20:00,Windy,Jam ,van,Metropolitian ,95,Toys
nmnj927868991,25,4.9,12.3085,76.665808,12.3185,76.675808,2022-03-26,10:10:00,10:20:00,Windy,Low ,scooter ,Urban ,50,Toys
zzrk499067247,36,4.8,26.481547,80.299775,26.531547,80.349775,2022-02-17,22:30:00,22:40:00,Sunny,Low ,scooter ,Metropolitian ,75,Books
bcns027069170,20,4.9,17.455894,78.375467,17.515894,78.435467,2022-03-24,17:40:00,17:45:00,Stormy,Medium ,scooter ,Metropolitian ,100,Sports
tjjs084182176,32,5.0,13.026286,80.275235,13.106286,80.355235,2022-03-31,17:20:00,17:25:00,Cloudy,Medium ,van,Urban ,190,Cosmetics
ifxo856688855,31,4.4,12.299524,76.64262,12.429524,76.77262,2022-03-20,21:55:00,22:10:00,Sandstorms,Jam ,motorcycle ,Metropolitian ,255,Jewelry
ibum440930668,22,4.6,21.185047,72.80859,21.245047,72.86859,2022-03-30,22:20:00,22:30:00,Fog,Low ,scooter ,Urban ,50,Apparel
qrxc434922270,36,4.9,13.026286,80.275235,13.136286,80.385235,2022-03-18,22:40:00,22:55:00,Sandstorms,Low ,motorcycle ,Urban ,115,Books
mvsw037436692,28,4.9,0.0,0.0,0.04,0.04,2022-02-17,14:25:00,14:35:00,Sandstorms,High ,motorcycle ,Urban ,105,Home
xpti888373807,37,4.6,23.374989,85.335486,23.384989,85.345486,2022-03-09,12:00:00,12:10:00,Sunny,High ,scooter ,Urban ,115,Home
firn775268572,29,4.7,12.970324,77.645748,13.000324,77.675748,2022-03-24,20:50:00,21:00:00,Sandstorms,Jam ,scooter ,Urban ,50,Cosmetics
awmt664062743,31,4.0,26.914142,75.805704,27.044142,75.935704,2022-03-23,18:45:00,19:00:00,Sandstorms,Medium ,motorcycle ,Metropolitian ,180,Clothing
rzif836834585,38,4.9,23.351058,85.325731,23.481058,85.455731,2022-03-10,20:45:00,20:55:00,Fog,Jam ,motorcycle ,Metropolitian ,220,Jewelry
frpj441808472,38,4.6,26.913987,75.752891,26.943987,75.782891,2022-03-07,23:35:00,23:50:00,Windy,Low ,scooter ,Metropolitian ,135,Skincare
nyhk065595668,28,4.8,0.0,0.0,0.03,0.03,2022-02-17,22:55:00,23:00:00,Fog,Low ,motorcycle ,Urban ,60,Kitchen
iwwx026643925,30,4.9,17.455894,78.375467,17.525894,78.445467,2022-03-27,22:55:00,23:10:00,Stormy,Low ,scooter ,Metropolitian ,105,Home
akng874073176,21,5.0,25.450317,81.831681,25.510317,81.891681,2022-02-15,22:50:00,23:05:00,Sunny,Low ,motorcycle ,Metropolitian ,75,Pet Supplies
cyem726014980,27,4.7,23.351058,85.325731,23.361058,85.335731,2022-04-03,08:45:00,08:55:00,Stormy,Low ,scooter ,Urban ,85,Snacks
gnve069149637,39,5.0,19.178321,72.834715,19.218321,72.874715,2022-03-05,15:10:00,15:20:00,Sunny,Medium ,motorcycle ,Metropolitian ,140,Apparel
fpib347648335,31,4.8,18.994237,72.825553,19.034237,72.865553,2022-03-03,12:35:00,12:45:00,Sunny,High ,motorcycle ,Metropolitian ,145,Skincare
hovs699656322,37,4.9,0.0,0.0,0.11,0.11,2022-02-14,21:45:00,22:00:00,Cloudy,Jam ,motorcycle ,Metropolitian ,230,Clothing
ygic299009596,30,4.6,12.321214,76.621094,12.331214,76.631094,2022-03-17,11:15:00,11:20:00,Sandstorms,High ,motorcycle ,Metropolitian ,210,Pet Supplies
pxcp558165889,23,5.0,22.751857,75.866699,22.811857,75.926699,2022-03-01,21:15:00,21:25:00,Stormy,Jam ,motorcycle ,Metropolitian ,185,Jewelry
tekv881321985,24,4.5,23.369746,85.33982,23.459746,85.42982,2022-03-29,17:55:00,18:05:00,Fog,Medium ,scooter ,Urban ,125,Books
fycj216686516,36,4.6,0.0,0.0,0.02,0.02,2022-03-15,08:45:00,08:55:00,Windy,Low ,scooter ,Urban ,140,Shoes
soge953216818,30,4.8,12.914264,77.6784,12.954264,77.7184,2022-03-03,15:40:00,15:45:00,Cloudy,Medium ,motorcycle ,Metropolitian ,75,Electronics
mmwk370477351,23,4.7,13.058616,80.264151,13.138616,80.344151,2022-03-16,19:45:00,19:55:00,Stormy,Jam ,motorcycle ,Urban ,90,Home
wnab607831528,32,5.0,26.913987,75.752891,26.963987,75.802891,2022-04-01,17:15:00,17:25:00,Cloudy,Medium ,scooter ,Metropolitian ,75,Home
tulw305290330,21,4.8,13.045479,80.23311,13.125479,80.31311,2022-03-20,18:20:00,18:30:00,Sunny,Medium ,scooter ,Urban ,65,Toys
ubfa856817225,25,5.0,26.911378,75.789034,26.921378,75.799034,2022-03-15,09:30:00,09:40:00,Sunny,Low ,scooter ,Metropolitian ,115,Outdoors
lubs365882830,28,4.6,12.972532,77.608179,13.052532,77.688179,2022-03-14,18:20:00,18:35:00,Sandstorms,Medium ,scooter ,Metropolitian ,80,Electronics
fjfx001064668,34,4.7,17.458998,78.500366,17.508998,78.550366,2022-03-24,18:25:00,18:35:00,Fog,Medium ,motorcycle ,Metropolitian ,130,Clothing
hwud181541584,26,4.7,26.479108,80.315042,26.519108,80.355042,2022-02-17,16:30:00,16:45:00,Windy,Medium ,motorcycle ,Urban ,145,Home
mlzq889451393,29,4.5,12.323194,76.630583,12.353194,76.660583,2022-03-01,23:00:00,23:05:00,Fog,Low ,van,Metropolitian ,60,Books
jxri428062050,32,5.0,0.0,0.0,0.04,0.04,2022-02-13,16:20:00,16:25:00,Stormy,Medium ,motorcycle ,Metropolitian ,150,Pet Supplies
apmb357876069,20,4.7,27.161661,78.011544,27.181661,78.031544,2022-02-13,08:50:00,08:55:00,Sunny,Low ,motorcycle ,Metropolitian ,85,Shoes
mtyh785031887,25,4.4,0.0,0.0,0.13,0.13,2022-02-16,17:45:00,18:00:00,Cloudy,Medium ,van,Metropolitian ,160,Home
sjve076783280,29,4.9,22.744648,75.894377,22.764648,75.914377,2022-03-03,08:45:00,08:50:00,Cloudy,Low ,scooter ,Metropolitian ,95,Outdoors
rkht252354128,20,4.8,12.972532,77.608179,13.022532,77.658179,2022-03-07,17:45:00,18:00:00,Windy,Medium ,motorcycle ,Metropolitian ,90,Sports
nzhd129260573,35,4.8,27.161661,78.011544,27.241661,78.091544,2022-02-16,23:15:00,23:30:00,Sandstorms,Low ,scooter ,Metropolitian ,90,Clothing
hthl927785309,21,4.9,12.3085,76.665808,12.3685,76.725808,2022-03-24,19:00:00,19:10:00,Windy,Medium ,scooter ,Metropolitian ,100,Pet Supplies
wcdp032674867,26,4.6,12.337978,76.616792,12.447978,76.726792,2022-03-29,22:50:00,23:05:00,Stormy,Low ,motorcycle ,Metropolitian ,85,Snacks
jpxm511935767,31,5.0,12.316967,76.603067,12.336967,76.623067,2022-03-17,10:35:00,10:50:00,Stormy,Low ,scooter ,Metropolitian ,100,Skincare
ayud463866076,26,4.4,19.875016,75.322405,19.955016,75.402405,2022-02-14,20:20:00,20:25:00,Stormy,Jam ,motorcycle ,Metropolitian ,170,Pet Supplies
wuzf796836874,35,4.9,18.51421,73.838429,18.56421,73.888429,2022-03-21,17:20:00,17:30:00,Windy,Medium ,motorcycle ,Metropolitian ,190,Sports
zbrj679473046,22,4.6,12.972532,77.608179,13.062532,77.698179,2022-03-02,17:15:00,17:25:00,Cloudy,Medium ,scooter ,Metropolitian ,125,Home
xtzx935579974,24,4.7,12.310972,76.659264,12.360972,76.709264,2022-03-03,20:50:00,21:00:00,Fog,Jam ,motorcycle ,Metropolitian ,100,Books
qckk704255488,24,4.8,12.981615,80.231598,13.051615,80.301598,2022-03-20,18:55:00,19:00:00,Stormy,Medium ,motorcycle ,Metropolitian ,100,Books
jcel609083168,24,4.9,0.0,0.0,0.11,0.11,2022-03-14,23:50:00,00:00:00,Sandstorms,Low ,motorcycle ,Other,95,Jewelry
xmio994401660,31,4.8,22.751857,75.866699,22.761857,75.876699,2022-03-30,10:50:00,10:55:00,Cloudy,Low ,scooter ,Metropolitian ,85,Jewelry
fniq448240131,20,4.0,11.003669,76.976494,11.053669,77.026494,2022-03-28,19:30:00,19:35:00,Windy,Jam ,motorcycle ,Metropolitian ,165,Pet Supplies
pscw932572177,39,4.4,22.761593,75.886362,22.891593,76.016362,2022-03-29,21:00:00,21:05:00,Fog,Jam ,scooter ,Urban ,41,Grocery
ntmg250046371,30,4.7,11.022298,76.998349,11.082298,77.058349,2022-04-05,18:55:00,19:05:00,Windy,Medium ,van,Metropolitian ,155,Apparel
usqw751153969,28,4.6,18.539299,73.897902,18.559299,73.917902,2022-04-05,11:00:00,11:05:00,Fog,Low ,motorcycle ,Metropolitian ,90,Electronics
mhmj152022166,23,4.7,22.310329,73.169083,22.370329,73.229083,2022-03-07,18:55:00,19:05:00,Sandstorms,Medium ,scooter ,Metropolitian ,130,Books
uvmv930512740,38,4.9,22.75004,75.902847,22.80004,75.952847,2022-03-17,18:45:00,18:50:00,Windy,Medium ,motorcycle ,Metropolitian ,145,Sports
ciws908979627,32,4.6,25.457116,81.859682,25.517116,81.919682,2022-02-11,17:20:00,17:25:00,Sunny,Medium ,motorcycle ,Urban ,110,Snacks
quks978032911,27,4.0,23.371292,85.327872,23.391292,85.347872,2022-03-09,09:55:00,10:00:00,Stormy,Low ,motorcycle ,Urban ,100,Shoes
mzpo930679243,28,4.8,26.90519,75.810753,26.97519,75.880753,2022-03-29,20:25:00,20:35:00,Cloudy,Jam ,motorcycle ,Metropolitian ,195,Jewelry
togp279050609,23,4.4,26.47775,80.351569,26.49775,80.371569,2022-02-17,11:20:00,11:25:00,Fog,High ,motorcycle ,Metropolitian ,155,Electronics
fmzw496834633,28,4.6,12.978453,77.643685,13.028453,77.693685,2022-03-30,17:45:00,17:50:00,Fog,Medium ,scooter ,Urban ,70,Books
scja217165927,27,4.6,23.333017,85.3172,23.463017,85.4472,2022-04-04,21:30:00,21:45:00,Stormy,Jam ,scooter ,Urban ,130,Clothing
ekoq616946321,33,4.6,18.593481,73.785901,18.613481,73.805901,2022-03-13,10:40:00,10:50:00,Windy,Low ,scooter ,Metropolitian ,100,Pet Supplies
awmz716968068,35,4.0,22.744648,75.894377,22.794648,75.944377,2022-03-15,19:40:00,19:55:00,Fog,Jam ,motorcycle ,Metropolitian ,170,Outdoors
xxkr657455447,32,4.8,11.001753,76.986241,11.061753,77.046241,2022-04-05,23:55:00,00:05:00,Cloudy,Low ,motorcycle ,Metropolitian ,95,Snacks
tsej518086687,35,4.9,18.53408,73.89852,18.55408,73.91852,2022-03-09,11:15:00,11:30:00,Sandstorms,High ,motorcycle ,Urban ,29,Grocery
ofuz312281072,33,4.3,18.530963,73.828972,18.550963,73.848972,2022-03-26,11:10:00,11:25:00,Windy,High ,motorcycle ,Metropolitian ,190,Books
icxj595506747,28,5.0,12.970221,77.645396,13.020221,77.695396,2022-03-28,19:45:00,19:50:00,Fog,Jam ,van,Metropolitian ,135,Outdoors
qqfb611524840,34,4.0,18.592718,73.773572,18.602718,73.783572,2022-03-11,09:30:00,09:35:00,Windy,Low ,motorcycle ,Metropolitian ,165,Toys
oalg681225204,35,4.0,27.161694,78.034714,27.201694,78.074714,2022-02-15,12:45:00,13:00:00,Stormy,High ,motorcycle ,Metropolitian ,240,Skincare
hjip877615369,33,4.3,19.12663,72.829976,19.19663,72.899976,2022-03-10,19:35:00,19:40:00,Sunny,Jam ,motorcycle ,Urban ,155,Kitchen
keza207791894,38,4.7,0.0,0.0,0.11,0.11,2022-02-16,21:00:00,21:05:00,Fog,Jam ,van,Metropolitian ,215,Toys
nmmr421562031,34,4.9,12.334022,76.618203,12.374022,76.658203,2022-03-26,12:35:00,12:50:00,Sunny,High ,scooter ,Metropolitian ,75,Jewelry
wvxp420770898,25,4.7,18.636215,73.751081,18.726215,73.841081,2022-03-23,19:50:00,20:05:00,Fog,Jam ,scooter ,Metropolitian ,150,Home
ldgn628502852,37,4.3,21.173493,72.801953,21.183493,72.811953,2022-03-21,09:40:00,09:50:00,Sandstorms,Low ,motorcycle ,Urban ,140,Jewelry
uivj406940089,34,4.8,12.978453,77.643685,13.068453,77.733685,2022-04-06,21:55:00,22:10:00,Sunny,Jam ,motorcycle ,Metropolitian ,110,Sports
zxci395992554,24,4.5,12.310972,76.659264,12.400972,76.749264,2022-03-14,21:30:00,21:45:00,Sunny,Jam ,motorcycle ,Metropolitian ,140,Sports
viet382164773,28,4.7,17.410371,78.437225,17.430371,78.457225,2022-04-03,08:25:00,08:35:00,Stormy,Low ,van,Urban ,55,Books
ymef332033484,36,4.6,19.254567,72.848923,19.304567,72.898923,2022-03-15,00:00:00,00:15:00,Cloudy,Low ,motorcycle ,Metropolitian ,95,Kitchen
zpep265637506,23,4.7,26.474986,80.342796,26.524986,80.392796,2022-02-15,20:00:00,20:15:00,Windy,Jam ,motorcycle ,Urban ,95,Pet Supplies
fcsw815059106,34,4.8,26.956431,75.776649,27.016431,75.836649,2022-03-13,19:20:00,19:25:00,Stormy,Jam ,scooter ,Metropolitian ,155,Pet Supplies
crix919885083,24,4.6,26.902328,75.794257,26.982328,75.874257,2022-03-02,22:30:00,22:40:00,Sunny,Low ,motorcycle ,Metropolitian ,135,Clothing
nnnl905154774,33,4.9,0.0,0.0,0.11,0.11,2022-03-04,22:25:00,22:30:00,Stormy,Low ,motorcycle ,Urban ,75,Jewelry
rutm468324484,20,5.0,22.725835,75.887648,22.745835,75.907648,2022-04-05,10:40:00,10:45:00,Fog,Low ,scooter ,Metropolitian ,90,Toys
fnep523025583,21,4.7,18.56245,73.916619,18.65245,74.006619,2022-03-10,23:45:00,23:55:00,Fog,Low ,scooter ,Metropolitian ,140,Sports
akqz207055081,31,4.7,18.539299,73.897902,18.649299,74.007902,2022-03-10,17:35:00,17:40:00,Cloudy,Medium ,motorcycle ,Metropolitian ,195,Snacks
yqsz456152438,28,4.8,13.058616,80.264151,13.078616,80.284151,2022-03-09,08:45:00,08:50:00,Fog,Low ,motorcycle ,Metropolitian ,105,Books
dgun903964348,30,4.6,23.357804,85.325146,23.487804,85.455146,2022-03-29,23:00:00,23:10:00,Sandstorms,Low ,scooter ,Urban ,100,Pet Supplies
bxbe506215400,30,4.6,26.956431,75.776649,27.036431,75.856649,2022-03-31,17:55:00,18:10:00,Fog,Medium ,motorcycle ,Metropolitian ,175,Books
irbr265518938,26,4.9,21.183434,72.814492,21.213434,72.844492,2022-03-26,23:30:00,23:45:00,Windy,Low ,scooter ,Metropolitian ,80,Apparel
vycf229515875,25,4.6,22.725748,75.898497,22.835748,76.008497,2022-03-18,17:35:00,17:50:00,Sandstorms,Medium ,motorcycle ,Urban ,95,Clothing
oxqb802943054,38,4.7,11.006686,76.951736,11.086686,77.031736,2022-03-27,19:40:00,19:55:00,Cloudy,Jam ,motorcycle ,Semi-Urban ,260,Skincare
uplz166853448,22,4.9,0.0,0.0,0.01,0.01,2022-03-30,10:30:00,10:35:00,Sunny,Low ,motorcycle ,Metropolitian ,85,Kitchen
uexp895670591,34,4.8,11.001753,76.986241,11.031753,77.016241,2022-04-05,21:10:00,21:25:00,Fog,Jam ,motorcycle ,Metropolitian ,145,Kitchen
sjhs944397876,30,4.8,23.374878,85.335739,23.434878,85.395739,2022-03-07,18:10:00,18:15:00,Cloudy,Medium ,van,Metropolitian ,85,Apparel
caih805652326,27,4.9,11.003669,76.976494,11.023669,76.996494,2022-03-21,10:15:00,10:30:00,Fog,Low ,motorcycle ,Metropolitian ,85,Toys
yrnp509534576,21,4.8,18.56245,73.916619,18.61245,73.966619,2022-03-11,20:55:00,21:00:00,Cloudy,Jam ,motorcycle ,Metropolitian ,145,Snacks
shzz444703791,22,4.6,22.760072,75.892574,22.780072,75.912574,2022-03-17,09:20:00,09:30:00,Cloudy,Low ,motorcycle ,Urban ,100,Kitchen
ylht840094572,27,4.5,27.159795,78.04299,27.299795,78.18299,2022-02-18,18:45:00,19:00:00,Sandstorms,Medium ,motorcycle ,Urban ,85,Toys
rlgt572766152,31,4.0,26.913987,75.752891,26.993987,75.832891,2022-03-18,17:50:00,18:05:00,Fog,Medium ,motorcycle ,Metropolitian ,195,Kitchen
kpxw688742277,38,4.7,19.221315,72.862381,19.351315,72.992381,2022-04-04,23:15:00,23:30:00,Windy,Low ,motorcycle ,Metropolitian ,125,Sports
qpkr903508423,31,4.1,26.911378,75.789034,26.991378,75.869034,2022-03-29,19:30:00,19:35:00,Windy,Jam ,van,Metropolitian ,205,Toys
luzx400142829,31,3.9,19.178321,72.834715,19.308321,72.964715,2022-04-06,19:25:00,19:40:00,Stormy,Jam ,scooter ,Metropolitian ,200,Home
nrtg768463640,34,4.6,17.450851,78.379347,17.580851,78.509347,2022-03-04,17:50:00,17:55:00,Sunny,Medium ,motorcycle ,Metropolitian ,195,Sports
xiil751143368,38,4.1,12.334022,76.618203,12.424022,76.708203,2022-03-04,18:25:00,18:35:00,Fog,Medium ,motorcycle ,Metropolitian ,220,Outdoors
eupr494962428,28,4.2,19.876428,75.364792,19.986428,75.474792,2022-02-16,17:35:00,17:40:00,Stormy,Medium ,motorcycle ,Metropolitian ,38,Grocery
vnbx372784180,23,4.9,22.308096,73.167753,22.328096,73.187753,2022-04-01,11:55:00,12:10:00,Stormy,High ,motorcycle ,Metropolitian ,140,Clothing
nqbu436046445,25,4.7,12.310972,76.659264,12.440972,76.789264,2022-03-10,17:45:00,17:55:00,Stormy,Medium ,van,Urban ,75,Snacks
qwlc368209524,36,3.8,21.149569,72.772697,21.229569,72.852697,2022-03-16,19:45:00,19:50:00,Windy,Jam ,scooter ,Metropolitian ,170,Jewelry
bdlj244755703,38,5.0,11.026117,76.944652,11.086117,77.004652,2022-03-19,19:20:00,19:25:00,Sandstorms,Jam ,van,Metropolitian ,130,Cosmetics
dici497667188,32,4.9,0.0,0.0,0.03,0.03,2022-02-15,18:20:00,18:30:00,Stormy,Medium ,motorcycle ,Metropolitian ,33,Grocery
fjdk551450676,39,4.9,22.744648,75.894377,22.854648,76.004377,2022-03-14,21:45:00,21:50:00,Sandstorms,Jam ,van,Metropolitian ,125,Shoes
oxut635798748,32,4.9,21.160437,72.774209,21.200437,72.814209,2022-04-01,12:35:00,12:40:00,Sandstorms,High ,scooter ,Metropolitian ,145,Shoes
ocnv765255653,24,4.7,0.0,0.0,0.06,0.06,2022-03-21,20:30:00,20:45:00,Windy,Jam ,motorcycle ,Urban ,90,Home
fzrq608143680,23,4.2,13.049645,80.242268,13.069645,80.262268,2022-03-17,08:45:00,09:00:00,Windy,Low ,motorcycle ,Urban ,115,Clothing
iuet044663792,37,4.5,21.157729,72.768726,21.267729,72.878726,2022-04-02,22:25:00,22:30:00,Sandstorms,Low ,motorcycle ,Metropolitian ,85,Pet Supplies
fdud921761186,22,4.7,23.359407,85.325055,23.379407,85.345055,2022-03-03,12:00:00,12:10:00,Stormy,High ,scooter ,Urban ,125,Outdoors
rjtt660866944,38,4.8,22.722634,75.886959,22.792634,75.956959,2022-03-31,21:40:00,21:55:00,Fog,Jam ,scooter ,Metropolitian ,200,Books
jaqb811826163,28,4.7,17.440827,78.393391,17.530827,78.483391,2022-03-16,18:40:00,18:55:00,Sandstorms,Medium ,van,Metropolitian ,120,Cosmetics
arfj824824424,38,4.2,18.994049,72.825203,19.014049,72.845203,2022-03-07,11:40:00,11:50:00,Fog,High ,motorcycle ,Metropolitian ,160,Apparel
kboi368330028,30,4.5,22.310526,73.170937,22.340526,73.200937,2022-04-03,17:45:00,17:55:00,Stormy,Medium ,motorcycle ,Metropolitian ,150,Pet Supplies
uqgy024189558,37,4.9,23.211529,77.419399,23.251529,77.459399,2022-02-13,15:20:00,15:30:00,Sandstorms,Medium ,motorcycle ,Metropolitian ,130,Skincare
wvlc319273880,27,4.8,12.970221,77.645396,13.080221,77.755396,2022-03-25,20:45:00,21:00:00,Windy,Jam ,van,Metropolitian ,135,Books
ciez076768363,30,4.5,21.17106,72.789292,21.19106,72.809292,2022-03-01,08:35:00,08:50:00,Stormy,Low ,scooter ,Metropolitian ,115,Clothing
jrth636419565,34,4.4,12.325461,76.632278,12.395461,76.702278,2022-03-14,19:50:00,19:55:00,Stormy,Jam ,motorcycle ,Metropolitian ,190,Clothing
itys524438980,39,4.7,11.003669,76.976494,11.043669,77.016494,2022-03-09,14:55:00,15:00:00,Stormy,High ,motorcycle ,Metropolitian ,135,Home
abob199164126,22,4.8,12.304569,76.643622,12.334569,76.673622,2022-03-05,17:45:00,17:50:00,Cloudy,Medium ,motorcycle ,Urban ,95,Books
oscu770590777,39,4.8,12.310972,76.659264,12.320972,76.669264,2022-04-01,11:00:00,11:15:00,Sunny,Low ,scooter ,Metropolitian ,60,Toys
desr792822677,33,5.0,12.933284,77.615428,12.953284,77.635428,2022-03-21,09:00:00,09:10:00,Fog,Low ,motorcycle ,Metropolitian ,125,Electronics
oque772652559,35,4.2,22.745049,75.892471,22.855049,76.002471,2022-04-02,17:20:00,17:30:00,Stormy,Medium ,scooter ,Metropolitian ,175,Electronics
ypdv153847081,31,4.3,11.022169,76.999594,11.092169,77.069594,2022-03-31,23:35:00,23:40:00,Cloudy,Low ,motorcycle ,Metropolitian ,190,Apparel
eaki614993947,38,4.6,13.054347,80.257221,13.084347,80.287221,2022-04-03,22:20:00,22:25:00,Fog,Low ,motorcycle ,Metropolitian ,90,Clothing
pisl362591769,28,4.8,30.873988,75.842739,31.013988,75.982739,2022-02-14,17:40:00,17:55:00,Stormy,Medium ,motorcycle ,Metropolitian ,190,Shoes
dnyo838394540,33,4.9,21.160437,72.774209,21.220437,72.834209,2022-03-19,17:55:00,18:05:00,Fog,Medium ,motorcycle ,Metropolitian ,130,Apparel
joij159601713,23,4.7,22.728163,75.884212,22.778163,75.934212,2022-04-03,23:30:00,23:40:00,Sunny,Low ,scooter ,Metropolitian ,115,Pet Supplies
bebv151631351,39,4.9,21.175975,72.795503,21.245975,72.865503,2022-03-27,17:45:00,17:55:00,Stormy,Medium ,motorcycle ,Metropolitian ,195,Books
cots892348192,39,4.5,26.911378,75.789034,26.931378,75.809034,2022-03-28,10:35:00,10:45:00,Sunny,Low ,motorcycle ,Metropolitian ,100,Apparel
tsql493316965,38,4.8,12.299524,76.64262,12.389524,76.73262,2022-03-12,23:50:00,00:05:00,Sandstorms,Low ,motorcycle ,Urban ,105,Clothing
ibne320505266,31,3.7,25.450317,81.831681,25.560317,81.941681,2022-02-18,18:35:00,18:40:00,Stormy,Medium ,scooter ,Metropolitian ,190,Pet Supplies
hnhu432327711,26,4.4,0.0,0.0,0.02,0.02,2022-03-30,11:55:00,12:10:00,Sandstorms,High ,motorcycle ,Metropolitian ,155,Jewelry
wwzu323979598,28,4.1,17.426228,78.407495,17.466228,78.447495,2022-04-01,13:25:00,13:30:00,Cloudy,High ,van,Metropolitian ,155,Books
bdaq260255838,27,4.9,11.000762,76.981876,11.060762,77.041876,2022-04-05,17:50:00,18:05:00,Cloudy,Medium ,motorcycle ,Metropolitian ,60,Pet Supplies
rcmb568470704,34,4.6,22.310526,73.170937,22.320526,73.180937,2022-03-28,10:50:00,11:05:00,Cloudy,Low ,scooter ,Urban ,85,Home
kjfh207560399,20,4.6,12.972793,80.249982,13.002793,80.279982,2022-03-19,21:40:00,21:50:00,Cloudy,Jam ,motorcycle ,Metropolitian ,140,Apparel
gfmy808227201,26,5.0,11.022298,76.998349,11.132298,77.108349,2022-03-18,23:10:00,23:15:00,Sandstorms,Low ,motorcycle ,Metropolitian ,105,Home
fplq336504367,33,4.6,0.0,0.0,0.11,0.11,2022-04-04,23:45:00,23:55:00,Sunny,Low ,van,Metropolitian ,19,Grocery
qcyn693653025,26,5.0,25.457116,81.859682,25.487116,81.889682,2022-02-17,22:10:00,22:25:00,Cloudy,Low ,scooter ,Metropolitian ,50,Electronics
pdzw096167390,31,4.7,18.53408,73.89852,18.55408,73.91852,2022-03-15,10:00:00,10:05:00,Sunny,Low ,motorcycle ,Metropolitian ,80,Books
scxv799580415,37,4.6,22.551084,88.354127,22.621084,88.424127,2022-02-14,23:55:00,00:00:00,Sandstorms,Low ,van,Metropolitian ,140,Clothing
huev296397505,35,4.8,11.02091,76.940432,11.07091,76.990432,2022-03-11,18:15:00,18:30:00,Fog,Medium ,scooter ,Metropolitian ,95,Skincare
bnix843980529,25,4.8,21.15276,72.778059,21.22276,72.848059,2022-03-29,18:55:00,19:10:00,Cloudy,Medium ,motorcycle ,Metropolitian ,180,Outdoors
hnor178822036,35,5.0,18.563934,73.915367,18.633934,73.985367,2022-04-06,20:15:00,20:25:00,Cloudy,Jam ,scooter ,Metropolitian ,195,Kitchen
xbnq206890239,21,4.7,23.359407,85.325055,23.469407,85.435055,2022-03-14,20:25:00,20:35:00,Fog,Jam ,motorcycle ,Metropolitian ,200,Cosmetics
wgkp960352815,23,4.7,26.902908,75.792934,26.922908,75.812934,2022-04-01,11:45:00,11:55:00,Sandstorms,High ,motorcycle ,Metropolitian ,70,Kitchen
chjl454029372,25,4.9,17.458998,78.500366,17.538998,78.580366,2022-03-04,18:30:00,18:40:00,Stormy,Medium ,scooter ,Urban ,95,Outdoors
lbcz978247211,22,4.6,11.008638,76.984311,11.038638,77.014311,2022-03-15,22:35:00,22:50:00,Stormy,Low ,motorcycle ,Metropolitian ,65,Shoes
bazu754046255,29,4.7,13.027018,80.254791,13.107018,80.334791,2022-04-04,22:30:00,22:45:00,Windy,Low ,motorcycle ,Urban ,75,Apparel
hwob051817296,22,4.9,17.433809,78.386744,17.463809,78.416744,2022-03-26,18:15:00,18:30:00,Stormy,Medium ,scooter ,Metropolitian ,125,Jewelry
gwfx138798527,32,3.9,22.727021,75.884167,22.857021,76.014167,2022-03-29,21:20:00,21:30:00,Windy,Jam ,scooter ,Urban ,190,Books
sdos258090887,39,5.0,17.430448,78.418213,17.510448,78.498213,2022-03-14,17:20:00,17:35:00,Sandstorms,Medium ,scooter ,Metropolitian ,110,Cosmetics
ukcu968891956,27,4.7,19.207222,72.972281,19.237222,73.002281,2022-03-15,22:15:00,22:30:00,Sunny,Low ,scooter ,Metropolitian ,85,Cosmetics
syzc754553820,29,4.6,18.539299,73.897902,18.569299,73.927902,2022-03-11,17:10:00,17:25:00,Windy,Medium ,motorcycle ,Metropolitian ,17,Grocery
mhix810557672,24,4.7,26.846156,75.8023,26.976156,75.9323,2022-03-25,18:15:00,18:30:00,Stormy,Medium ,motorcycle ,Metropolitian ,100,Toys
zuow130356189,27,4.4,26.902328,75.794257,27.042328,75.934257,2022-03-18,20:30:00,20:40:00,Sandstorms,Jam ,motorcycle ,Metropolitian ,175,Outdoors
vyhw056071409,27,4.7,17.440827,78.393391,17.450827,78.403391,2022-03-13,11:40:00,11:50:00,Sandstorms,High ,motorcycle ,Metropolitian ,140,Kitchen
daiv574187910,36,4.6,11.003681,76.975525,11.043681,77.015525,2022-04-03,16:35:00,16:40:00,Windy,Medium ,scooter ,Metropolitian ,155,Jewelry
lomk795688051,23,4.3,26.90294,75.793007,27.03294,75.923007,2022-03-20,20:55:00,21:05:00,Windy,Jam ,motorcycle ,Metropolitian ,155,Home
ekhn051985926,34,4.7,12.316967,76.603067,12.346967,76.633067,2022-03-28,18:40:00,18:50:00,Stormy,Medium ,van,Metropolitian ,135,Clothing
gioy679462814,33,4.7,26.472001,80.354002,26.502001,80.384002,2022-02-17,00:00:00,00:05:00,Sunny,Low ,scooter ,Urban ,65,Home
dnwa741297905,23,4.7,15.556561,73.763633,15.636561,73.843633,2022-02-16,21:45:00,22:00:00,Sunny,Jam ,motorcycle ,Metropolitian ,70,Apparel
luka250567007,22,4.8,12.972532,77.608179,13.042532,77.678179,2022-03-18,23:00:00,23:10:00,Fog,Low ,motorcycle ,Metropolitian ,140,Books
wauj527481178,29,5.0,21.186884,72.793616,21.296884,72.903616,2022-03-12,19:35:00,19:45:00,Stormy,Jam ,scooter ,Metropolitian ,135,Kitchen
crjn043954965,21,4.6,22.75004,75.902847,22.82004,75.972847,2022-04-04,23:20:00,23:35:00,Fog,Low ,motorcycle ,Metropolitian ,24,Grocery
qwrr276203143,24,4.6,12.284747,76.625861,12.344747,76.685861,2022-04-03,17:50:00,18:00:00,Stormy,Medium ,scooter ,Metropolitian ,125,Sports
mqge775450419,30,4.6,0.0,0.0,0.06,0.06,2022-03-26,19:35:00,19:45:00,Stormy,Jam ,motorcycle ,Metropolitian ,180,Cosmetics
hdwd873401334,23,4.8,12.337928,76.617889,12.407928,76.687889,2022-03-23,19:40:00,19:55:00,Stormy,Jam ,scooter ,Metropolitian ,110,Outdoors
agle480094975,37,4.5,26.913987,75.752891,26.993987,75.832891,2022-03-02,23:10:00,23:25:00,Windy,Low ,motorcycle ,Urban ,130,Kitchen
eqwu082399259,30,4.6,12.935662,77.61413,13.045662,77.72413,2022-04-04,17:15:00,17:25:00,Sandstorms,Medium ,van,Urban ,145,Clothing
kkoy956927559,29,4.8,30.899584,75.809346,30.919584,75.829346,2022-02-15,08:20:00,08:35:00,Cloudy,Low ,motorcycle ,Metropolitian ,60,Kitchen
eyys417211181,24,4.7,26.892312,75.806896,26.972313,75.886896,2022-03-08,21:50:00,22:00:00,Cloudy,Jam ,scooter ,Metropolitian ,36,Grocery
govj116259506,25,4.7,26.911927,75.797282,27.041927,75.927282,2022-03-23,20:35:00,20:50:00,Cloudy,Jam ,motorcycle ,Metropolitian ,220,Outdoors
kinp035543494,33,4.8,13.022394,80.242439,13.072394,80.292439,2022-03-09,20:35:00,20:50:00,Fog,Jam ,motorcycle ,Metropolitian ,150,Shoes
svtu612603497,32,4.7,22.308096,73.167753,22.348096,73.207753,2022-03-17,15:15:00,15:20:00,Sunny,Medium ,scooter ,Metropolitian ,110,Cosmetics
zkzg958382804,34,4.7,19.055831,72.833984,19.075831,72.853984,2022-03-15,08:45:00,09:00:00,Sandstorms,Low ,van,Metropolitian ,145,Electronics
nxlu910164809,25,4.8,13.022394,80.242439,13.032394,80.252439,2022-04-05,09:55:00,10:05:00,Sunny,Low ,motorcycle ,Urban ,80,Electronics
btgb318984151,38,4.8,0.0,0.0,0.06,0.06,2022-03-28,23:20:00,23:35:00,Windy,Low ,scooter ,Other,110,Snacks
fnhr721355195,23,4.9,12.934365,77.616155,13.044365,77.726155,2022-03-08,17:20:00,17:30:00,Sandstorms,Medium ,scooter ,Metropolitian ,145,Snacks
bdhy846678543,36,4.6,23.232357,77.429989,23.272357,77.469989,2022-02-13,16:50:00,17:05:00,Windy,Medium ,motorcycle ,Metropolitian ,140,Sports
lgee738117860,24,4.8,0.0,0.0,0.08,0.08,2022-03-25,22:10:00,22:15:00,Sandstorms,Low ,motorcycle ,Urban ,75,Apparel
ociy723150449,23,4.9,22.527893,88.368628,22.637893,88.478628,2022-02-12,23:55:00,00:05:00,Stormy,Low ,scooter ,Metropolitian ,18,Grocery
bayq291934164,39,4.8,18.533811,73.899315,18.583811,73.949315,2022-03-28,20:50:00,21:05:00,Stormy,Jam ,scooter ,Urban ,130,Outdoors
yhyx348927712,27,4.5,12.970221,77.645396,13.060221,77.735396,2022-03-25,17:20:00,17:35:00,Sandstorms,Medium ,motorcycle ,Urban ,130,Outdoors
ogpj138539233,27,5.0,13.058616,80.264151,13.118616,80.324151,2022-04-05,22:40:00,22:50:00,Stormy,Low ,scooter ,Other,85,Pet Supplies
jiko369131730,30,5.0,22.732225,75.874765,22.772225,75.914765,2022-03-30,13:45:00,13:50:00,Windy,High ,motorcycle ,Metropolitian ,125,Pet Supplies
nfhh292135619,29,4.9,30.346994,78.062543,30.356994,78.072543,2022-02-13,10:25:00,10:30:00,Sunny,Low ,scooter ,Metropolitian ,95,Kitchen
udrt788101008,38,4.9,22.753839,75.897429,22.883838,76.027429,2022-03-29,20:30:00,20:45:00,Sandstorms,Jam ,motorcycle ,Metropolitian ,215,Electronics
mvuh285260837,28,4.6,17.41233,78.449654,17.47233,78.509654,2022-03-11,21:35:00,21:50:00,Windy,Jam ,scooter ,Metropolitian ,95,Books
utay753956067,30,4.6,13.049645,80.242268,13.089645,80.282268,2022-04-05,15:10:00,15:25:00,Windy,Medium ,motorcycle ,Metropolitian ,185,Outdoors
vyds552718774,39,4.0,23.232357,77.429989,23.342357,77.539989,2022-02-16,23:25:00,23:40:00,Fog,Low ,motorcycle ,Metropolitian ,220,Jewelry
ywxk264598699,25,4.9,30.902872,75.826808,30.992872,75.916808,2022-02-14,23:45:00,23:55:00,Sunny,Low ,scooter ,Urban ,145,Cosmetics
best039633506,26,5.0,23.359194,85.325447,23.399194,85.365447,2022-03-17,14:40:00,14:45:00,Sandstorms,High ,motorcycle ,Metropolitian ,110,Toys
mfxh032712811,30,4.6,17.438263,78.397865,17.488263,78.447865,2022-03-13,23:40:00,23:45:00,Stormy,Low ,scooter ,Urban ,135,Toys
rxxx336263067,31,4.9,22.651847,75.881991,22.761847,75.991991,2022-03-14,18:20:00,18:35:00,Fog,Medium ,van,Urban ,220,Home
ohjm749708541,26,4.6,22.760072,75.892574,22.870072,76.002574,2022-03-20,20:15:00,20:20:00,Cloudy,Jam ,motorcycle ,Metropolitian ,185,Books
ybwr566124497,35,5.0,11.003669,76.976494,11.063669,77.036494,2022-03-05,19:55:00,20:10:00,Cloudy,Jam ,motorcycle ,Metropolitian ,165,Jewelry
jgug272809165,27,4.6,23.354422,85.3329,23.374422,85.3529,2022-04-03,11:55:00,12:00:00,Windy,High ,scooter ,Metropolitian ,125,Shoes
pjfb751325814,30,3.6,12.326356,76.619103,12.396356,76.689103,2022-03-18,19:30:00,19:35:00,Sandstorms,Jam ,motorcycle ,Metropolitian ,200,Cosmetics
icvo893644492,29,4.1,23.214294,77.435361,23.324294,77.545361,2022-02-18,21:10:00,21:15:00,Sunny,Jam ,motorcycle ,Metropolitian ,165,Clothing
pcpf722534689,23,4.7,22.308096,73.167753,22.388096,73.247753,2022-03-29,18:00:00,18:15:00,Fog,Medium ,scooter ,Metropolitian ,180,Outdoors
hmyy650826340,39,4.8,12.326356,76.619103,12.386356,76.679103,2022-03-26,23:30:00,23:35:00,Windy,Low ,scooter ,Metropolitian ,115,Kitchen
cuda860521806,25,4.6,30.873988,75.842739,31.013988,75.982739,2022-02-18,20:10:00,20:15:00,Windy,Jam ,scooter ,Metropolitian ,100,Cosmetics
gggr887918878,30,4.1,26.471529,80.313458,26.531529,80.373458,2022-02-13,21:40:00,21:50:00,Windy,Jam ,scooter ,Metropolitian ,165,Outdoors
ejkt395812894,20,5.0,11.024839,77.007003,11.154839,77.137003,2022-03-08,19:15:00,19:30:00,Fog,Jam ,motorcycle ,Urban ,195,Electronics
ieog022901112,24,4.7,22.761593,75.886362,22.771593,75.896362,2022-04-03,08:20:00,08:25:00,Sunny,Low ,van,Metropolitian ,90,Books
kjge798982329,36,4.6,0.0,0.0,0.01,0.01,2022-03-30,08:40:00,08:45:00,Windy,Low ,van,Metropolitian ,115,Home
vlgh242073140,20,4.7,22.310237,73.158921,22.370237,73.218921,2022-04-03,18:10:00,18:15:00,Windy,Medium ,scooter ,Metropolitian ,120,Pet Supplies
xczy934335352,34,5.0,11.001753,76.986241,11.091753,77.076241,2022-03-04,00:00:00,00:05:00,Cloudy,Low ,scooter ,Metropolitian ,125,Toys
uzky184164409,37,4.5,26.90294,75.793007,27.01294,75.903007,2022-03-18,21:45:00,21:50:00,Sandstorms,Jam ,motorcycle ,Metropolitian ,145,Jewelry
aqwx551994241,35,4.9,12.972161,77.596014,12.992161,77.616014,2022-03-03,10:45:00,10:50:00,Sunny,Low ,motorcycle ,Metropolitian ,135,Sports
ckfc520980949,34,4.9,23.357804,85.325146,23.387804,85.355146,2022-03-11,17:30:00,17:45:00,Cloudy,Medium ,motorcycle ,Metropolitian ,125,Cosmetics
jnge623681084,21,4.9,30.89286,75.822199,30.92286,75.852199,2022-02-15,18:10:00,18:20:00,Windy,Medium ,scooter ,Metropolitian ,130,Electronics
ojdi815642104,24,4.9,0.0,0.0,0.09,0.09,2022-02-14,18:30:00,18:40:00,Stormy,Medium ,scooter ,Metropolitian ,95,Sports
mmax288884949,28,4.7,18.636215,73.751081,18.686215,73.801081,2022-03-26,17:30:00,17:35:00,Sandstorms,Medium ,van,Metropolitian ,24,Grocery
edhp483743035,39,4.7,0.0,0.0,0.03,0.03,2022-02-13,17:25:00,17:30:00,Stormy,Medium ,motorcycle ,Urban ,140,Electronics
mjer848584231,25,4.7,30.335259,78.053162,30.375259,78.093162,2022-02-13,16:40:00,16:50:00,Windy,Medium ,motorcycle ,Other,115,Clothing
ncnn455761178,31,4.9,30.335259,78.053162,30.415259,78.133162,2022-02-16,18:55:00,19:05:00,Stormy,Medium ,van,Metropolitian ,110,Outdoors
jukj221358582,34,3.5,0.0,0.0,0.07,0.07,2022-03-18,23:20:00,23:30:00,Fog,Low ,scooter ,Urban ,195,Kitchen
emxx354466136,25,4.8,12.304569,76.643622,12.374569,76.713622,2022-03-20,22:40:00,22:50:00,Windy,Low ,motorcycle ,Urban ,19,Grocery
agti190085302,21,4.9,19.055831,72.833984,19.185831,72.963984,2022-03-04,17:10:00,17:15:00,Cloudy,Medium ,motorcycle ,Urban ,170,Outdoors
rtzc582822744,22,4.6,10.027014,76.308053,10.117014,76.398053,2022-02-12,21:40:00,21:50:00,Sandstorms,Jam ,motorcycle ,Urban ,85,Clothing
zmxv241447369,33,4.6,11.010375,76.95295,11.050375,76.99295,2022-03-01,15:55:00,16:00:00,Sandstorms,Medium ,scooter ,Metropolitian ,125,Jewelry
fbkg349293614,30,4.7,22.311844,73.165081,22.381844,73.235081,2022-03-27,21:55:00,22:00:00,Sandstorms,Jam ,scooter ,Other,125,Sports
qete643285308,20,4.9,23.369746,85.33982,23.479746,85.44982,2022-03-18,22:00:00,22:10:00,Fog,Jam ,motorcycle ,Metropolitian ,38,Grocery
qmya218690044,34,4.0,11.006686,76.951736,11.136686,77.081736,2022-03-16,18:00:00,18:15:00,Sandstorms,Medium ,motorcycle ,Metropolitian ,210,Skincare
qhfa062681723,29,4.6,17.45971,78.368855,17.52971,78.438855,2022-04-02,18:40:00,18:55:00,Sunny,Medium ,motorcycle ,Metropolitian ,100,Pet Supplies
fvfv025547297,29,4.4,10.028047,76.310019,10.058047,76.340019,2022-02-15,22:20:00,22:35:00,Sandstorms,Low ,motorcycle ,Metropolitian ,130,Cosmetics
jtzn568699099,22,4.5,13.045479,80.23311,13.135479,80.32311,2022-03-14,22:00:00,22:10:00,Fog,Jam ,motorcycle ,Metropolitian ,200,Sports
svco253015952,20,5.0,11.010375,76.95295,11.100375,77.04295,2022-03-10,18:10:00,18:15:00,Sandstorms,Medium ,van,Metropolitian ,140,Shoes
wurn960312595,39,4.2,9.959778,76.296106,9.999778,76.336106,2022-02-11,12:10:00,12:15:00,Windy,High ,scooter ,Metropolitian ,160,Books
jbog124220229,35,4.9,13.027018,80.254791,13.087018,80.314791,2022-03-26,18:35:00,18:45:00,Stormy,Medium ,scooter ,Metropolitian ,145,Books
ehpj429452777,22,4.6,0.0,0.0,0.06,0.06,2022-03-15,23:50:00,00:05:00,Cloudy,Low ,van,Metropolitian ,50,Snacks
sxhu648693180,28,4.8,17.451976,78.385883,17.521976,78.455883,2022-03-12,23:00:00,23:10:00,Stormy,Low ,scooter ,Metropolitian ,90,Outdoors
pqxm015338243,35,5.0,15.585658,73.743606,15.655658,73.813606,2022-02-14,19:20:00,19:30:00,Fog,Jam ,motorcycle ,Metropolitian ,235,Sports
ufgk100885482,25,4.6,22.761593,75.886362,22.811593,75.936362,2022-03-15,21:20:00,21:30:00,Fog,Jam ,scooter ,Urban ,130,Books
ztpo366691249,22,4.7,21.183434,72.814492,21.273434,72.904492,2022-03-06,19:20:00,19:35:00,Sunny,Jam ,scooter ,Urban ,85,Toys
gznw932244646,39,4.6,18.927584,72.832585,18.937584,72.842585,2022-03-05,10:25:00,10:30:00,Stormy,Low ,scooter ,Metropolitian ,115,Pet Supplies
vjka353838229,22,4.7,23.355164,85.324097,23.485164,85.454097,2022-03-02,23:25:00,23:35:00,Cloudy,Low ,van,Metropolitian ,26,Grocery
qhwn900281298,22,4.5,22.308096,73.167753,22.338096,73.197753,2022-04-03,22:25:00,22:30:00,Cloudy,Low ,motorcycle ,Urban ,75,Electronics
omlt305267189,25,4.9,19.176269,72.836721,19.306269,72.966721,2022-03-20,22:00:00,22:05:00,Windy,Jam ,scooter ,Metropolitian ,115,Home
jxam954913142,29,4.7,26.911378,75.789034,26.981378,75.859034,2022-04-04,23:30:00,23:45:00,Windy,Low ,scooter ,Metropolitian ,16,Grocery
jyli524091310,36,4.5,9.966783,76.242981,10.016783,76.292981,2022-02-13,23:35:00,23:45:00,Sunny,Low ,motorcycle ,Metropolitian ,135,Toys
tyjb274830185,35,4.8,26.90294,75.793007,26.98294,75.873007,2022-03-31,19:55:00,20:10:00,Cloudy,Jam ,motorcycle ,Metropolitian ,220,Books
xsiz244502123,34,5.0,18.636215,73.751081,18.716215,73.831081,2022-03-14,21:55:00,22:05:00,Cloudy,Jam ,motorcycle ,Metropolitian ,235,Sports
jtbh622361710,23,4.6,11.001753,76.986241,11.091753,77.076241,2022-03-29,19:45:00,19:55:00,Cloudy,Jam ,scooter ,Metropolitian ,160,Kitchen
tkln686354203,23,4.9,26.891191,75.802083,27.031191,75.942083,2022-04-02,18:00:00,18:15:00,Sandstorms,Medium ,motorcycle ,Metropolitian ,110,Outdoors
pfog115234839,33,4.1,13.029198,77.570997,13.049198,77.590997,2022-04-05,11:00:00,11:10:00,Windy,Low ,motorcycle ,Metropolitian ,120,Cosmetics
jmbe935930258,20,4.9,26.911378,75.789034,26.971378,75.849034,2022-03-21,20:20:00,20:30:00,Stormy,Jam ,motorcycle ,Metropolitian ,70,Books
chre673405663,34,4.9,17.45971,78.368855,17.56971,78.478855,2022-03-02,21:10:00,21:15:00,Fog,Jam ,motorcycle ,Metropolitian ,41,Grocery
fkbj741104883,27,4.6,23.333017,85.3172,23.363017,85.3472,2022-03-11,19:45:00,19:50:00,Stormy,Jam ,motorcycle ,Metropolitian ,140,Apparel
eazl337514889,35,4.6,26.766536,75.837333,26.796536,75.867333,2022-03-21,18:10:00,18:20:00,Sandstorms,Medium ,motorcycle ,Metropolitian ,125,Cosmetics
kemb464518000,35,4.1,21.183434,72.814492,21.293434,72.924492,2022-03-31,18:50:00,19:00:00,Cloudy,Medium ,scooter ,Metropolitian ,190,Jewelry
fwup508926435,22,4.8,13.026279,80.174568,13.036279,80.184568,2022-03-19,08:40:00,08:55:00,Fog,Low ,scooter ,Urban ,70,Snacks
rtfa383832778,26,4.6,26.911927,75.797282,26.991927,75.877282,2022-03-31,23:45:00,00:00:00,Stormy,Low ,scooter ,Metropolitian ,65,Pet Supplies
laxo800342893,26,4.8,13.066762,80.251865,13.146762,80.331865,2022-03-10,20:00:00,20:05:00,Cloudy,Jam ,motorcycle ,Metropolitian ,185,Snacks
jaeo818631474,23,3.3,19.207222,72.972281,19.297222,73.062281,2022-03-02,22:20:00,22:25:00,Sunny,Low ,scooter ,Metropolitian ,155,Books
eqpf336185386,37,4.8,23.351489,85.324253,23.421489,85.394253,2022-03-06,17:25:00,17:35:00,Sunny,Medium ,motorcycle ,Metropolitian ,165,Clothing
vqwy587320836,26,4.6,18.546947,73.900626,18.626947,73.980626,2022-03-16,22:40:00,22:55:00,Sandstorms,Low ,scooter ,Metropolitian ,95,Books
kkqj151153420,23,4.1,12.337978,76.616792,12.357978,76.636792,2022-04-05,08:55:00,09:00:00,Sandstorms,Low ,motorcycle ,Metropolitian ,140,Clothing
tcyu022943191,37,4.8,22.308096,73.167753,22.358096,73.217753,2022-03-17,17:35:00,17:40:00,Sunny,Medium ,motorcycle ,Metropolitian ,140,Sports
tuje831952600,28,3.2,10.027364,76.308258,10.157364,76.438258,2022-02-16,22:35:00,22:50:00,Sunny,Low ,motorcycle ,Metropolitian ,205,Cosmetics
hgxh345251054,26,4.9,26.766536,75.837333,26.896536,75.967333,2022-03-04,17:30:00,17:45:00,Stormy,Medium ,motorcycle ,Metropolitian ,100,Kitchen
rsja309124367,36,4.8,13.044694,80.26147,13.074694,80.29147,2022-04-03,22:15:00,22:30:00,Stormy,Low ,scooter ,Metropolitian ,115,Skincare
kuzw276051706,28,4.8,12.979166,77.640709,13.029166,77.690709,2022-04-05,17:30:00,17:45:00,Sandstorms,Medium ,scooter ,Metropolitian ,115,Apparel
qwoa075323042,35,5.0,26.88842,75.800689,26.96842,75.880689,2022-03-06,21:30:00,21:35:00,Sunny,Jam ,motorcycle ,Metropolitian ,125,Toys
uzsg546842133,32,4.0,9.970717,76.285447,10.080717,76.395447,2022-02-14,22:45:00,22:50:00,Fog,Low ,motorcycle ,Metropolitian ,185,Clothing
nspl204903406,37,4.7,12.934179,77.615797,13.064179,77.745797,2022-03-12,17:40:00,17:45:00,Stormy,Medium ,motorcycle ,Metropolitian ,130,Shoes
egqu009230474,33,4.9,12.323978,76.627961,12.373978,76.677961,2022-03-13,21:50:00,22:05:00,Windy,Jam ,motorcycle ,Metropolitian ,205,Clothing
apcj895769244,26,4.5,11.026117,76.944652,11.046117,76.964652,2022-03-13,09:15:00,09:30:00,Sunny,Low ,motorcycle ,Urban ,70,Skincare
dcuo347521407,39,4.1,23.374878,85.335739,23.464878,85.425739,2022-03-12,22:00:00,22:10:00,Cloudy,Jam ,scooter ,Metropolitian ,190,Sports
lcax128007909,29,4.6,22.74806,75.8934,22.77806,75.9234,2022-03-28,23:55:00,00:00:00,Fog,Low ,motorcycle ,Metropolitian ,75,Books
lbks960905980,20,4.0,13.091809,80.219104,13.101809,80.229104,2022-03-28,11:00:00,11:05:00,Windy,Low ,motorcycle ,Metropolitian ,90,Toys
xbwf008704744,31,4.0,17.429585,78.392621,17.459585,78.422621,2022-03-15,20:55:00,21:05:00,Stormy,Jam ,motorcycle ,Metropolitian ,155,Skincare
mzge477330715,39,4.9,18.51421,73.838429,18.54421,73.868429,2022-03-05,18:00:00,18:05:00,Sunny,Medium ,motorcycle ,Other,100,Clothing
axym992033174,28,4.7,18.520016,73.830547,18.540016,73.850547,2022-04-03,11:20:00,11:25:00,Sunny,High ,motorcycle ,Urban ,50,Books
xbuf671476762,33,4.8,26.766536,75.837333,26.876536,75.947333,2022-03-12,23:30:00,23:40:00,Cloudy,Low ,scooter ,Metropolitian ,150,Electronics
jdrn726132841,37,5.0,17.438263,78.397865,17.488263,78.447865,2022-03-24,17:20:00,17:25:00,Cloudy,Medium ,scooter ,Metropolitian ,90,Clothing
gwwb725139608,22,4.6,26.849596,75.800512,26.929596,75.880512,2022-03-14,20:00:00,20:15:00,Windy,Jam ,scooter ,Urban ,125,Snacks
extg545016598,37,4.9,26.913483,75.803139,26.943483,75.833139,2022-03-30,23:45:00,00:00:00,Sunny,Low ,motorcycle ,Metropolitian ,95,Skincare
faqy839791808,20,4.9,22.311844,73.165081,22.341844,73.195081,2022-03-21,18:25:00,18:30:00,Stormy,Medium ,scooter ,Metropolitian ,130,Toys
visn140295769,23,4.7,22.308096,73.167753,22.398096,73.257753,2022-03-27,22:15:00,22:30:00,Sandstorms,Low ,scooter ,Metropolitian ,75,Clothing
rkjj270327597,32,4.7,21.185047,72.80859,21.215047,72.83859,2022-03-17,22:10:00,22:15:00,Cloudy,Low ,motorcycle ,Urban ,80,Shoes
xvir117469940,28,4.5,0.0,0.0,0.07,0.07,2022-03-08,19:40:00,19:45:00,Sunny,Jam ,motorcycle ,Metropolitian ,120,Shoes
atbb537117140,29,4.7,18.520016,73.830547,18.610016,73.920547,2022-04-06,22:25:00,22:35:00,Sandstorms,Low ,motorcycle ,Metropolitian ,110,Books
vasn889927604,22,4.9,0.0,0.0,0.06,0.06,2022-02-17,21:30:00,21:40:00,Sunny,Jam ,scooter ,Metropolitian ,70,Outdoors
fzqq061638408,36,4.8,19.875337,75.316722,19.935337,75.376722,2022-02-15,20:20:00,20:35:00,Fog,Jam ,motorcycle ,Metropolitian ,135,Snacks
xdky483572373,37,4.7,0.0,0.0,0.04,0.04,2022-02-15,14:40:00,14:45:00,Fog,High ,scooter ,Metropolitian ,185,Jewelry
iqhr496461089,39,3.9,21.173343,72.792731,21.253343,72.872731,2022-03-25,20:10:00,20:25:00,Sandstorms,Jam ,scooter ,Metropolitian ,180,Pet Supplies
koqg749917440,36,4.7,13.027018,80.254791,13.097018,80.324791,2022-03-12,18:20:00,18:25:00,Sunny,Medium ,motorcycle ,Metropolitian ,190,Home
rpgt815509879,38,4.9,0.0,0.0,0.07,0.07,2022-03-18,22:00:00,22:10:00,Stormy,Jam ,motorcycle ,Metropolitian ,175,Books
nizk331936846,38,4.7,27.163303,78.057044,27.233303,78.127044,2022-02-14,22:15:00,22:20:00,Windy,Low ,scooter ,Metropolitian ,140,Outdoors
iimv792999856,23,4.2,11.024839,77.007003,11.154839,77.137003,2022-03-10,17:50:00,17:55:00,Windy,Medium ,motorcycle ,Metropolitian ,175,Snacks
fgiv404751115,36,4.6,18.546947,73.900626,18.676947,74.030626,2022-03-14,21:50:00,22:05:00,Windy,Jam ,scooter ,Metropolitian ,125,Kitchen
krnw667193374,32,4.8,15.303897,73.914336,15.383897,73.994336,2022-02-14,22:25:00,22:30:00,Sunny,Low ,van,Metropolitian ,125,Shoes
qofx231089842,39,4.1,19.131141,72.813074,19.241141,72.923074,2022-03-25,21:35:00,21:40:00,Stormy,Jam ,van,Metropolitian ,195,Pet Supplies
llhp284505990,29,4.8,17.422819,78.449578,17.472819,78.499578,2022-03-28,20:30:00,20:35:00,Cloudy,Jam ,motorcycle ,Metropolitian ,115,Outdoors
ydzd864618426,21,4.9,12.334022,76.618203,12.344022,76.628203,2022-04-01,08:50:00,09:00:00,Windy,Low ,scooter ,Metropolitian ,75,Jewelry
tzwq098921871,24,4.9,11.022477,76.995667,11.102477,77.075667,2022-03-29,23:00:00,23:05:00,Cloudy,Low ,motorcycle ,Metropolitian ,100,Clothing
fikz271286713,20,4.7,12.970221,77.645396,12.980221,77.655396,2022-03-07,11:00:00,11:05:00,Windy,Low ,van,Urban ,85,Shoes
zqwk851806362,39,4.6,30.885915,75.788259,30.895915,75.798259,2022-02-11,09:55:00,10:05:00,Windy,Low ,scooter ,Metropolitian ,125,Outdoors
kleg234374482,34,4.7,0.0,0.0,0.07,0.07,2022-03-04,20:40:00,20:50:00,Sandstorms,Jam ,scooter ,Metropolitian ,140,Books
bauz905373144,28,4.8,25.450329,81.834279,25.580329,81.964279,2022-02-16,21:35:00,21:40:00,Windy,Jam ,scooter ,Other,80,Jewelry
dush080434249,33,4.7,13.058616,80.264151,13.148616,80.354151,2022-03-27,17:15:00,17:25:00,Sunny,Medium ,motorcycle ,Urban ,195,Outdoors
hvsi760909175,20,4.7,21.173493,72.801953,21.223493,72.851953,2022-03-26,21:10:00,21:25:00,Cloudy,Jam ,motorcycle ,Metropolitian ,135,Skincare
wgay590639576,21,4.7,0.0,0.0,0.02,0.02,2022-02-17,10:10:00,10:25:00,Windy,Low ,scooter ,Metropolitian ,55,Sports
fqbe047515687,28,4.7,26.472001,80.354002,26.532001,80.414002,2022-02-13,21:45:00,22:00:00,Fog,Jam ,motorcycle ,Metropolitian ,145,Jewelry
cuaz852537354,36,4.5,18.994237,72.825553,19.084237,72.915553,2022-03-08,18:45:00,19:00:00,Windy,Medium ,scooter ,Metropolitian ,145,Sports
kjiw219862112,24,4.9,12.949934,77.699386,13.019934,77.769386,2022-03-10,18:25:00,18:35:00,Fog,Medium ,motorcycle ,Metropolitian ,175,Books
gqmy519792525,26,4.7,26.90519,75.810753,26.97519,75.880753,2022-03-12,21:55:00,22:05:00,Fog,Jam ,scooter ,Metropolitian ,41,Grocery
zvls293416933,34,4.7,12.325461,76.632278,12.355461,76.662278,2022-03-09,17:30:00,17:45:00,Windy,Medium ,scooter ,Metropolitian ,140,Shoes
itzu753886333,23,4.7,22.74806,75.8934,22.76806,75.9134,2022-04-05,10:35:00,10:40:00,Sunny,Low ,motorcycle ,Metropolitian ,60,Cosmetics
mxww964701287,21,5.0,12.979166,77.640709,13.109166,77.770709,2022-03-02,23:25:00,23:30:00,Sunny,Low ,motorcycle ,Urban ,110,Home
uwek021890460,21,5.0,12.914264,77.6784,12.994264,77.7584,2022-03-04,23:30:00,23:35:00,Windy,Low ,scooter ,Urban ,50,Clothing
izbn466970795,25,4.8,11.016298,76.972076,11.026298,76.982076,2022-03-17,10:10:00,10:25:00,Fog,Low ,motorcycle ,Urban ,85,Skincare
aake032449569,24,4.8,19.254567,72.848923,19.334567,72.928923,2022-03-25,23:20:00,23:30:00,Stormy,Low ,van,Urban ,90,Toys
cmnr733682904,34,4.9,19.875522,75.367127,19.925522,75.417127,2022-02-11,23:15:00,23:30:00,Fog,Low ,motorcycle ,Metropolitian ,95,Shoes
ftpg078962776,34,5.0,21.15276,72.778059,21.22276,72.848059,2022-03-27,18:00:00,18:10:00,Fog,Medium ,motorcycle ,Urban ,185,Cosmetics
nzhp394170773,25,4.6,0.0,0.0,0.06,0.06,2022-03-01,23:50:00,00:00:00,Cloudy,Low ,motorcycle ,Metropolitian ,105,Shoes
qczf702497427,32,5.0,19.875522,75.367127,19.885522,75.377127,2022-02-17,10:15:00,10:30:00,Cloudy,Low ,motorcycle ,Urban ,130,Cosmetics
lqve670445495,21,5.0,22.753659,75.903365,22.803659,75.953365,2022-04-05,23:35:00,23:45:00,Stormy,Low ,scooter ,Urban ,50,Electronics
dbpv451462457,29,4.6,26.472001,80.354002,26.602001,80.484002,2022-02-18,22:50:00,23:00:00,Stormy,Low ,motorcycle ,Metropolitian ,90,Snacks
gbxv786161578,22,4.9,23.359407,85.325055,23.419407,85.385055,2022-03-07,17:25:00,17:35:00,Windy,Medium ,scooter ,Metropolitian ,120,Toys
lzvi620362434,31,4.7,21.186884,72.793616,21.206884,72.813616,2022-03-07,08:25:00,08:35:00,Fog,Low ,motorcycle ,Metropolitian ,90,Clothing
xyye984437330,26,4.8,21.173493,72.801953,21.253493,72.881953,2022-03-20,23:00:00,23:10:00,Cloudy,Low ,motorcycle ,Metropolitian ,120,Books
qajc567646956,50,6.0,-12.3085,-76.665808,12.3985,76.755808,2022-03-12,NaN ,17:45:00,,NaN ,van,Metropolitian ,200,Toys
eyjb571385577,36,4.5,21.173493,72.801953,21.213493,72.841953,2022-04-03,16:40:00,16:45:00,Sunny,Medium ,scooter ,Other,75,Home
gmin006611412,39,4.4,22.728163,75.884212,22.858163,76.014212,2022-03-18,20:40:00,20:50:00,Sandstorms,Jam ,motorcycle ,Metropolitian ,205,Jewelry
tysy933055550,36,4.8,22.745049,75.892471,22.795049,75.942471,2022-03-17,17:55:00,18:05:00,Cloudy,Medium ,motorcycle ,Metropolitian ,150,Snacks
zfdv091777071,36,4.7,12.323978,76.627961,12.373978,76.677961,2022-03-09,23:10:00,23:15:00,Sunny,Low ,motorcycle ,Metropolitian ,125,Jewelry
wnfx008689888,23,4.8,18.563934,73.915367,18.583935,73.935367,2022-04-05,08:30:00,08:45:00,Cloudy,Low ,motorcycle ,Metropolitian ,55,Apparel
lubt774438083,36,4.6,22.311358,73.164798,22.391358,73.244798,2022-04-02,21:45:00,22:00:00,Cloudy,Jam ,scooter ,Metropolitian ,230,Snacks
fsia590691904,32,4.8,21.17106,72.789292,21.30106,72.919292,2022-03-31,23:15:00,23:20:00,Windy,Low ,scooter ,Metropolitian ,120,Jewelry
eahx542337233,26,4.7,12.978453,77.643685,13.108453,77.773685,2022-03-10,17:55:00,18:05:00,Cloudy,Medium ,motorcycle ,Metropolitian ,175,Skincare
putm601984674,30,4.8,12.352058,76.60665,12.372058,76.62665,2022-04-05,09:45:00,10:00:00,Cloudy,Low ,motorcycle ,Metropolitian ,130,Cosmetics
dyqs462142686,27,5.0,18.563934,73.915367,18.593934,73.945367,2022-04-05,23:40:00,23:45:00,Fog,Low ,scooter ,Metropolitian ,65,Skincare
skbx305752796,35,4.7,17.451976,78.385883,17.461976,78.395883,2022-04-03,08:40:00,08:45:00,Stormy,Low ,van,Metropolitian ,125,Cosmetics
mcnf472103227,20,4.8,12.337928,76.617889,12.367928,76.647889,2022-04-03,21:10:00,21:25:00,Fog,Jam ,scooter ,Metropolitian ,29,Grocery
uhbo838406874,34,4.7,18.530963,73.828972,18.580963,73.878972,2022-03-07,17:50:00,17:55:00,Stormy,Medium ,scooter ,Metropolitian ,140,Skincare
pexv335484561,25,4.9,21.175975,72.795503,21.305975,72.925503,2022-03-12,22:35:00,22:50:00,Stormy,Low ,motorcycle ,Metropolitian ,50,Kitchen
dzre120991582,24,4.9,23.351058,85.325731,23.481058,85.455731,2022-03-04,18:15:00,18:25:00,Sunny,Medium ,van,Metropolitian ,75,Shoes
eggk782414616,24,4.8,18.546258,73.904337,18.676258,74.034337,2022-04-06,19:55:00,20:05:00,Windy,Jam ,motorcycle ,Metropolitian ,130,Jewelry
btpo034027152,24,4.7,12.986047,80.218114,13.056047,80.288114,2022-03-16,00:00:00,00:15:00,Windy,Low ,scooter ,Metropolitian ,75,Skincare
uyzq898399833,39,4.8,30.346994,78.062543,30.386994,78.102543,2022-02-11,17:00:00,17:10:00,Sunny,Medium ,motorcycle ,Urban ,105,Toys
tnsa703643800,24,4.8,18.994049,72.825203,19.074049,72.905203,2022-03-27,21:55:00,22:00:00,Stormy,Jam ,motorcycle ,Metropolitian ,150,Home
epeg245001043,25,4.6,12.284747,76.625861,12.314747,76.655861,2022-03-21,23:10:00,23:20:00,Fog,Low ,scooter ,Urban ,65,Sports
dwin542462016,21,4.2,22.727021,75.884167,22.777021,75.934167,2022-03-28,23:25:00,23:30:00,Windy,Low ,motorcycle ,Metropolitian ,95,Skincare
pmds188954221,31,4.0,30.893384,75.821202,30.973384,75.901202,2022-02-18,21:35:00,21:40:00,Cloudy,Jam ,van,Urban ,175,Shoes
txhx546916529,32,4.6,21.173493,72.801953,21.263493,72.891953,2022-03-14,22:20:00,22:25:00,Windy,Low ,scooter ,Metropolitian ,120,Books
ugft381677559,20,4.7,11.003681,76.975525,11.033681,77.005525,2022-03-15,18:40:00,18:55:00,Sandstorms,Medium ,scooter ,Metropolitian ,135,Outdoors
nfcv982371453,23,4.8,0.0,0.0,0.05,0.05,2022-02-11,21:30:00,21:45:00,Stormy,Jam ,motorcycle ,Other,80,Toys
fteh201033890,34,4.8,18.56245,73.916619,18.57245,73.926619,2022-04-05,10:55:00,11:05:00,Sunny,Low ,scooter ,Metropolitian ,80,Shoes
hlzt512826793,32,4.6,22.722634,75.886959,22.772634,75.936959,2022-03-30,20:20:00,20:30:00,Sandstorms,Jam ,motorcycle ,Metropolitian ,245,Pet Supplies
qzrc535828277,39,4.8,15.303897,73.914336,15.373897,73.984336,2022-02-12,18:40:00,18:50:00,Sandstorms,Medium ,van,Metropolitian ,150,Shoes
ajuf507767249,27,5.0,12.284747,76.625861,12.304747,76.645861,2022-03-19,11:25:00,11:30:00,Fog,High ,motorcycle ,Metropolitian ,125,Jewelry
xuql882097419,26,4.6,13.022394,80.242439,13.072394,80.292439,2022-03-13,23:30:00,23:40:00,Cloudy,Low ,motorcycle ,Urban ,90,Jewelry
plin490533537,39,4.9,12.284747,76.625861,12.344747,76.685861,2022-03-17,22:40:00,22:55:00,Fog,Low ,motorcycle ,Urban ,115,Home
tvyv202946975,36,4.7,11.026117,76.944652,11.066117,76.984652,2022-03-03,12:15:00,12:30:00,Stormy,High ,motorcycle ,Urban ,200,Sports
hwfa583141889,33,4.7,30.893081,75.821495,30.933081,75.861495,2022-02-13,12:30:00,12:35:00,Fog,High ,scooter ,Metropolitian ,130,Shoes
hixf069109828,36,4.9,23.359407,85.325055,23.449407,85.415055,2022-03-23,20:10:00,20:20:00,Sunny,Jam ,motorcycle ,Metropolitian ,200,Toys
xlbz469948038,21,4.8,21.149669,72.772629,21.209669,72.832629,2022-03-03,20:15:00,20:30:00,Stormy,Jam ,motorcycle ,Metropolitian ,150,Kitchen
uomz517474256,26,3.5,12.321214,76.621094,12.371214,76.671094,2022-03-13,21:40:00,21:45:00,Sunny,Jam ,motorcycle ,Metropolitian ,260,Cosmetics
kkkc883738617,37,4.1,18.927584,72.832585,18.987584,72.892585,2022-03-13,23:55:00,00:10:00,Windy,Low ,motorcycle ,Urban ,105,Home
kebx643846338,23,4.6,13.026286,80.275235,13.106286,80.355235,2022-04-02,20:15:00,20:25:00,Fog,Jam ,motorcycle ,Metropolitian ,150,Jewelry
emce403029319,36,4.8,19.176269,72.836721,19.286269,72.946721,2022-03-29,23:40:00,23:50:00,Sunny,Low ,motorcycle ,Metropolitian ,75,Cosmetics
zcno747914023,28,4.9,21.186608,72.794136,21.216608,72.824136,2022-04-03,18:55:00,19:10:00,Cloudy,Medium ,motorcycle ,Urban ,60,Kitchen
ulrk743791679,22,5.0,12.337978,76.616792,12.417978,76.696792,2022-03-18,18:10:00,18:25:00,Windy,Medium ,motorcycle ,Urban ,80,Snacks
dwcj089840887,37,4.4,19.254567,72.848923,19.294567,72.888923,2022-03-09,14:45:00,15:00:00,Cloudy,High ,van,Other,180,Home
iqzn613306773,37,4.1,26.766536,75.837333,26.786536,75.857333,2022-03-11,11:10:00,11:25:00,Sandstorms,High ,motorcycle ,Metropolitian ,240,Toys
uxmm052294822,38,4.7,12.98041,77.640489,13.01041,77.670489,2022-03-13,22:25:00,22:40:00,Cloudy,Low ,motorcycle ,Metropolitian ,145,Pet Supplies
oqlk073016220,38,4.7,10.000706,76.349516,10.020706,76.369516,2022-02-17,11:45:00,11:55:00,Stormy,High ,scooter ,Metropolitian ,170,Cosmetics
txwa998163598,23,4.6,12.337928,76.617889,12.427928,76.707889,2022-03-12,22:45:00,23:00:00,Cloudy,Low ,scooter ,Metropolitian ,115,Electronics
esvu688642348,39,4.9,21.160522,72.771477,21.200522,72.811477,2022-03-05,16:55:00,17:05:00,Fog,Medium ,motorcycle ,Urban ,150,Cosmetics
xkij585142530,26,4.8,0.0,0.0,0.11,0.11,2022-03-23,21:50:00,21:55:00,Sandstorms,Jam ,scooter ,Metropolitian ,100,Sports
wgez171974899,27,4.8,12.98041,77.640489,13.01041,77.670489,2022-03-26,21:30:00,21:45:00,Stormy,Jam ,motorcycle ,Urban ,110,Books
hudn851785867,20,4.6,11.02091,76.940432,11.09091,77.010432,2022-03-16,21:45:00,21:55:00,Windy,Jam ,motorcycle ,Metropolitian ,85,Toys
nzfc754586447,23,4.5,12.323225,76.630028,12.403225,76.710028,2022-03-29,18:20:00,18:25:00,Sunny,Medium ,scooter ,Urban ,55,Skincare
qzez845766324,32,4.9,10.96185,76.971082,10.99185,77.001082,2022-03-24,23:00:00,23:05:00,Sunny,Low ,motorcycle ,Metropolitian ,75,Apparel
nwfm757728752,39,4.7,18.563934,73.915367,18.673935,74.025367,2022-03-04,20:30:00,20:40:00,Fog,Jam ,motorcycle ,Metropolitian ,42,Grocery
zegy836461094,22,4.9,9.959778,76.296106,10.009778,76.346106,2022-02-17,19:20:00,19:30:00,Cloudy,Jam ,motorcycle ,Urban ,135,Toys
mzlk037121696,35,4.8,23.351058,85.325731,23.411058,85.385731,2022-03-30,22:30:00,22:35:00,Sandstorms,Low ,scooter ,Metropolitian ,130,Home
yxvx817952532,37,4.8,21.186438,72.794115,21.226438,72.834115,2022-03-11,13:30:00,13:35:00,Windy,High ,motorcycle ,Metropolitian ,38,Grocery
nrjg600637802,29,4.8,12.979166,77.640709,13.089166,77.750709,2022-03-12,21:15:00,21:20:00,Fog,Jam ,motorcycle ,Metropolitian ,205,Shoes
fpec923082767,22,4.7,18.636215,73.751081,18.716215,73.831081,2022-03-23,17:55:00,18:10:00,Stormy,Medium ,scooter ,Urban ,140,Sports
uptc887921267,36,4.8,23.351489,85.324253,23.461489,85.434253,2022-04-04,20:45:00,20:55:00,Sunny,Jam ,scooter ,Metropolitian ,145,Electronics
tlwc843406943,25,4.8,9.991703,76.293136,10.081703,76.383136,2022-02-18,18:45:00,18:50:00,Windy,Medium ,motorcycle ,Metropolitian ,115,Jewelry
zivs883220775,31,4.8,21.149834,72.778666,21.219834,72.848666,2022-03-12,17:25:00,17:35:00,Sunny,Medium ,motorcycle ,Metropolitian ,145,Shoes
uszm806331299,39,3.9,0.0,0.0,0.07,0.07,2022-03-29,23:50:00,23:55:00,Fog,Low ,scooter ,Metropolitian ,165,Shoes
lwri975765841,22,4.7,22.732225,75.874765,22.822225,75.964765,2022-03-04,17:35:00,17:45:00,Fog,Medium ,scooter ,Metropolitian ,35,Grocery
rezl356133744,36,4.6,18.53408,73.89852,18.57408,73.93852,2022-03-28,16:25:00,16:40:00,Sunny,Medium ,motorcycle ,Metropolitian ,95,Jewelry
koyp373610104,31,4.7,26.956431,75.776649,27.096431,75.916649,2022-03-29,20:00:00,20:10:00,Sandstorms,Jam ,motorcycle ,Metropolitian ,150,Kitchen
emlw786264394,28,4.8,27.163303,78.057044,27.223303,78.117044,2022-02-17,21:20:00,21:30:00,Stormy,Jam ,motorcycle ,Metropolitian ,130,Kitchen
iudn957577718,36,4.9,17.483216,78.552111,17.573216,78.642111,2022-03-06,23:00:00,23:05:00,Windy,Low ,scooter ,Metropolitian ,75,Jewelry
lzxx803686663,30,4.9,12.323994,76.626167,12.383994,76.686167,2022-04-03,17:35:00,17:40:00,Windy,Medium ,scooter ,Metropolitian ,140,Clothing
ayog757850528,38,4.9,12.323194,76.630583,12.353194,76.660583,2022-03-05,17:20:00,17:25:00,Fog,Medium ,scooter ,Urban ,85,Jewelry
fhud337189594,32,4.9,0.0,0.0,0.02,0.02,2022-03-05,11:00:00,11:15:00,Fog,Low ,scooter ,Other,75,Shoes
logi733129150,25,5.0,18.994237,72.825553,19.024237,72.855553,2022-03-26,21:35:00,21:50:00,Sunny,Jam ,motorcycle ,Metropolitian ,65,Clothing
xgtx599368416,31,4.9,10.96185,76.971082,11.02185,77.031082,2022-03-17,22:10:00,22:20:00,Sandstorms,Low ,motorcycle ,Metropolitian ,120,Apparel
jatd871659944,24,4.7,0.0,0.0,0.08,0.08,2022-03-10,20:00:00,20:05:00,Fog,Jam ,scooter ,Urban ,215,Kitchen
fbne437685224,26,4.8,26.90294,75.793007,26.99294,75.883007,2022-03-08,20:45:00,20:55:00,Sandstorms,Jam ,scooter ,Metropolitian ,100,Jewelry
mmso865853867,23,4.6,18.546258,73.904337,18.656258,74.014337,2022-03-06,22:15:00,22:25:00,Cloudy,Low ,motorcycle ,Metropolitian ,130,Home
rtuu733972645,30,4.8,11.026117,76.944652,11.046117,76.964652,2022-03-30,10:20:00,10:25:00,Cloudy,Low ,scooter ,Metropolitian ,80,Skincare
fwzi758663170,39,4.9,26.911927,75.797282,27.041927,75.927282,2022-03-27,22:00:00,22:05:00,Cloudy,Jam ,scooter ,Metropolitian ,200,Cosmetics
ixbs778497361,21,4.5,23.359033,85.325347,23.449033,85.415347,2022-03-18,21:20:00,21:30:00,Stormy,Jam ,scooter ,Metropolitian ,90,Pet Supplies
rlut741667524,26,4.7,12.978453,77.643685,13.108453,77.773685,2022-03-18,20:30:00,20:45:00,Stormy,Jam ,scooter ,Urban ,100,Snacks
yswe138481805,25,4.6,18.516216,73.842527,18.566216,73.892527,2022-03-15,17:55:00,18:10:00,Fog,Medium ,motorcycle ,Metropolitian ,29,Grocery
oqsw156374864,28,4.9,26.911927,75.797282,26.951927,75.837282,2022-03-13,16:55:00,17:05:00,Sandstorms,Medium ,scooter ,Metropolitian ,110,Toys
ogio600594256,34,4.1,22.751234,75.88949,22.861234,75.99949,2022-03-14,20:35:00,20:40:00,Windy,Jam ,motorcycle ,Metropolitian ,195,Books
oonw398936749,33,5.0,12.979096,77.640625,13.059096,77.720625,2022-03-06,22:45:00,22:50:00,Sandstorms,Low ,scooter ,Metropolitian ,120,Shoes
zgpm324696676,33,4.5,0.0,0.0,0.13,0.13,2022-03-10,18:50:00,19:00:00,Cloudy,Medium ,motorcycle ,Metropolitian ,210,Sports
clau693841925,24,4.7,22.74806,75.8934,22.81806,75.9634,2022-03-10,22:15:00,22:30:00,Fog,Low ,motorcycle ,Metropolitian ,110,Books
usgj877187387,24,4.9,21.186608,72.794136,21.266608,72.874136,2022-03-20,22:40:00,22:55:00,Sandstorms,Low ,motorcycle ,Metropolitian ,120,Clothing
mbnu886025799,25,5.0,21.160437,72.774209,21.200437,72.814209,2022-03-26,14:45:00,14:55:00,Sunny,High ,motorcycle ,Urban ,65,Shoes
xxub326742744,27,4.4,26.892312,75.806896,26.932312,75.846896,2022-03-11,13:55:00,14:05:00,Sunny,High ,motorcycle ,Urban ,270,Kitchen
anap462360053,37,4.9,0.0,0.0,0.08,0.08,2022-03-27,23:35:00,23:50:00,Sandstorms,Low ,van,Metropolitian ,145,Shoes
zoew804105859,34,4.6,11.008638,76.984311,11.088638,77.064311,2022-04-04,20:10:00,20:15:00,Fog,Jam ,motorcycle ,Metropolitian ,195,Pet Supplies
ovkw599443109,27,4.1,19.876106,75.340775,19.966106,75.430775,2022-02-14,21:00:00,21:15:00,Cloudy,Jam ,scooter ,Metropolitian ,155,Apparel
uzcu585275483,22,4.6,12.337978,76.616792,12.377978,76.656792,2022-03-30,16:45:00,16:50:00,Sandstorms,Medium ,scooter ,Metropolitian ,140,Books
xiuu782461418,24,4.6,11.022298,76.998349,11.152298,77.128349,2022-03-18,19:25:00,19:35:00,Sandstorms,Jam ,motorcycle ,Urban ,80,Pet Supplies
rxfg748489108,31,4.8,18.543626,73.905101,18.583626,73.945101,2022-03-15,16:15:00,16:20:00,Cloudy,Medium ,motorcycle ,Metropolitian ,95,Snacks
gtjh947797902,31,4.6,0.0,0.0,0.02,0.02,2022-03-07,11:25:00,11:35:00,Stormy,High ,motorcycle ,Metropolitian ,190,Home
kcnv548703361,22,4.7,13.027018,80.254791,13.097018,80.324791,2022-03-20,23:45:00,00:00:00,Cloudy,Low ,motorcycle ,Urban ,100,Kitchen
qnks206728839,21,4.7,19.131141,72.813074,19.151141,72.833074,2022-03-09,08:35:00,08:45:00,Stormy,Low ,scooter ,Urban ,75,Outdoors
vkdn245245124,33,3.9,11.022169,76.999594,11.152169,77.129594,2022-03-20,21:45:00,21:55:00,Stormy,Jam ,motorcycle ,Metropolitian ,215,Toys
tdqx784790916,34,4.8,19.12663,72.829976,19.13663,72.839976,2022-03-09,09:45:00,10:00:00,Stormy,Low ,scooter ,Metropolitian ,125,Outdoors
qjvd233465454,37,4.7,25.449659,81.839744,25.539659,81.929744,2022-02-14,19:40:00,19:55:00,Cloudy,Jam ,motorcycle ,Metropolitian ,235,Cosmetics
nyss148066337,37,4.2,19.065838,72.832658,19.105838,72.872658,2022-03-03,12:20:00,12:30:00,Sandstorms,High ,motorcycle ,Urban ,215,Jewelry
cxtj267606200,21,4.9,17.428294,78.404423,17.438294,78.414423,2022-04-03,10:20:00,10:30:00,Cloudy,Low ,motorcycle ,Metropolitian ,95,Kitchen
tche601387767,39,4.7,13.027018,80.254791,13.107018,80.334791,2022-03-31,22:30:00,22:35:00,Sunny,Low ,scooter ,Metropolitian ,75,Home
oygb144787773,36,4.5,18.592718,73.773572,18.642718,73.823572,2022-03-21,18:00:00,18:05:00,Sunny,Medium ,motorcycle ,Metropolitian ,110,Clothing
qwcz022631545,23,4.9,12.3085,76.665808,12.3585,76.715808,2022-04-01,17:40:00,17:55:00,Sunny,Medium ,motorcycle ,Metropolitian ,50,Jewelry
ifqz931262592,30,3.6,13.027018,80.254791,13.137018,80.364791,2022-03-18,19:20:00,19:25:00,Stormy,Jam ,scooter ,Urban ,190,Books
dhhi169976132,20,4.6,12.906229,77.596791,12.966229,77.656791,2022-04-01,17:20:00,17:30:00,Fog,Medium ,motorcycle ,Metropolitian ,110,Shoes
vhla690919172,22,4.7,21.175104,72.804342,21.195104,72.824342,2022-03-15,11:35:00,11:50:00,Stormy,High ,motorcycle ,Metropolitian ,170,Skincare
jjqf468148916,33,4.9,17.428294,78.404423,17.468294,78.444423,2022-03-26,15:20:00,15:35:00,Fog,Medium ,motorcycle ,Urban ,90,Electronics
swig744083565,35,4.8,21.175104,72.804342,21.205104,72.834342,2022-03-07,19:50:00,19:55:00,Sunny,Jam ,scooter ,Metropolitian ,120,Books
oyce448980653,21,4.6,23.333017,85.3172,23.423017,85.4072,2022-03-14,23:15:00,23:30:00,Windy,Low ,motorcycle ,Urban ,85,Outdoors
vwby220145826,26,4.7,12.311072,76.654878,12.321072,76.664878,2022-03-05,11:35:00,11:50:00,Windy,High ,scooter ,Metropolitian ,110,Skincare
touu754082448,23,4.9,12.935662,77.61413,12.995662,77.67413,2022-03-26,20:35:00,20:50:00,Windy,Jam ,van,Metropolitian ,120,Home
aziv443506066,39,4.9,11.003008,76.97544,11.113008,77.08544,2022-04-02,17:30:00,17:35:00,Sunny,Medium ,motorcycle ,Metropolitian ,145,Books
jizi752979263,31,4.7,22.569367,88.433187,22.679367,88.543187,2022-02-12,22:55:00,23:05:00,Sunny,Low ,scooter ,Metropolitian ,115,Clothing
lrrp357822486,32,4.8,23.374989,85.335486,23.454989,85.415486,2022-03-14,22:30:00,22:40:00,Sandstorms,Low ,motorcycle ,Metropolitian ,120,Cosmetics
gbsg546955041,32,4.7,11.003008,76.97544,11.073009,77.04544,2022-04-04,20:20:00,20:35:00,Sandstorms,Jam ,scooter ,Metropolitian ,125,Sports
smps107055266,37,4.0,26.911378,75.789034,26.941378,75.819034,2022-03-21,20:50:00,20:55:00,Cloudy,Jam ,scooter ,Metropolitian ,180,Clothing
yxwr585628674,34,4.2,12.970221,77.645396,13.060221,77.735396,2022-03-10,17:30:00,17:35:00,Windy,Medium ,scooter ,Urban ,160,Sports
uuxc586273907,27,4.9,19.1813,72.836191,19.2913,72.946191,2022-03-12,19:00:00,19:10:00,Sandstorms,Medium ,motorcycle ,Metropolitian ,100,Pet Supplies
lcey117096394,25,4.8,26.911378,75.789034,26.971378,75.849034,2022-03-09,21:10:00,21:20:00,Fog,Jam ,motorcycle ,Urban ,23,Grocery
cino379834334,33,4.1,19.120083,72.907385,19.250083,73.037385,2022-03-04,20:30:00,20:40:00,Fog,Jam ,scooter ,Metropolitian ,175,Shoes
kgbi202766353,25,4.2,22.745049,75.892471,22.765049,75.912471,2022-04-05,08:20:00,08:25:00,Windy,Low ,motorcycle ,Metropolitian ,145,Pet Supplies
tjur101430442,29,4.7,11.022298,76.998349,11.042298,77.018349,2022-03-19,11:10:00,11:15:00,Cloudy,High ,scooter ,Urban ,135,Electronics
ppuf351038845,36,4.9,23.354422,85.3329,23.404422,85.3829,2022-03-07,23:25:00,23:30:00,Sunny,Low ,van,Metropolitian ,90,Sports
sezf529072648,21,4.7,12.3085,76.665808,12.3485,76.705808,2022-03-30,13:10:00,13:25:00,Sunny,High ,motorcycle ,Urban ,85,Jewelry
hbgf586969353,33,4.8,0.0,0.0,0.09,0.09,2022-02-14,21:55:00,22:00:00,Cloudy,Jam ,motorcycle ,Metropolitian ,260,Home
ofrl815638919,29,4.2,17.438263,78.397865,17.548263,78.507865,2022-03-23,21:25:00,21:40:00,Cloudy,Jam ,motorcycle ,Metropolitian ,165,Jewelry
vwhf667795438,35,4.8,12.972793,80.249982,12.982793,80.259982,2022-03-28,09:10:00,09:20:00,Fog,Low ,motorcycle ,Urban ,17,Grocery
xshp128958566,34,4.5,12.323994,76.626167,12.413994,76.716167,2022-03-18,18:10:00,18:25:00,Stormy,Medium ,scooter ,Urban ,36,Grocery
vvdf142495662,35,4.9,22.753659,75.903365,22.823659,75.973365,2022-03-27,22:45:00,22:55:00,Fog,Low ,scooter ,Metropolitian ,150,Sports
fdgg365079226,33,4.8,21.186884,72.793616,21.196884,72.803616,2022-03-26,10:10:00,10:25:00,Sunny,Low ,motorcycle ,Metropolitian ,85,Clothing
pkza993278358,24,4.8,0.0,0.0,0.11,0.11,2022-03-06,19:10:00,19:15:00,Windy,Jam ,motorcycle ,Metropolitian ,120,Toys
iukn179569288,36,4.3,12.337978,76.616792,12.427978,76.706792,2022-03-20,19:30:00,19:35:00,Sandstorms,Jam ,scooter ,Metropolitian ,165,Toys
gken513406888,27,4.0,18.546947,73.900626,18.636947,73.990626,2022-03-04,18:30:00,18:45:00,Cloudy,Medium ,motorcycle ,Metropolitian ,38,Grocery
lxnf328488090,38,4.7,21.173493,72.801953,21.203493,72.831953,2022-04-05,20:45:00,21:00:00,Sandstorms,Jam ,scooter ,Metropolitian ,140,Cosmetics
slsw226350598,32,4.1,12.978453,77.643685,13.088453,77.753685,2022-04-06,23:55:00,00:00:00,Cloudy,Low ,motorcycle ,Metropolitian ,200,Kitchen
pxsc443533218,23,4.5,21.149669,72.772629,21.159669,72.782629,2022-03-15,11:10:00,11:15:00,Fog,High ,motorcycle ,Metropolitian ,100,Sports
sbfc749365053,38,4.2,17.455894,78.375467,17.565894,78.485467,2022-03-14,20:45:00,20:50:00,Windy,Jam ,motorcycle ,Metropolitian ,215,Outdoors
trsu301466700,32,4.3,13.049645,80.242268,13.099645,80.292268,2022-04-05,19:50:00,20:00:00,Fog,Jam ,motorcycle ,Metropolitian ,165,Sports
myzc347753679,32,4.8,22.75004,75.902847,22.78004,75.932847,2022-03-24,18:15:00,18:30:00,Cloudy,Medium ,motorcycle ,Metropolitian ,85,Apparel
rufh285966553,29,4.4,11.022477,76.995667,11.092477,77.065667,2022-03-25,21:40:00,21:55:00,Fog,Jam ,van,Urban ,190,Home
ofhn516699520,20,4.7,17.410371,78.437225,17.450371,78.477225,2022-03-11,15:40:00,15:55:00,Sandstorms,Medium ,motorcycle ,Other,130,Sports
spps058363058,30,4.7,23.351489,85.324253,23.401489,85.374253,2022-03-11,19:10:00,19:25:00,Sunny,Jam ,van,Metropolitian ,110,Electronics
kzoj221234442,30,4.5,-22.538731,88.364878,22.618731,88.444878,2022-02-18,17:50:00,17:55:00,Windy,Medium ,scooter ,Urban ,160,Home
wluk995767838,28,4.7,25.457687,81.835585,25.467687,81.845585,2022-02-13,09:45:00,09:50:00,Stormy,Low ,motorcycle ,Metropolitian ,65,Home
deyp593681399,29,4.6,18.636215,73.751081,18.706215,73.821081,2022-03-12,22:35:00,22:45:00,Sandstorms,Low ,motorcycle ,Urban ,90,Sports
mkji065765893,23,4.9,27.195928,77.998092,27.255928,78.058092,2022-02-17,18:00:00,18:05:00,Stormy,Medium ,van,Metropolitian ,105,Skincare
yfgp718372717,31,4.9,21.149834,72.778666,21.229834,72.858666,2022-03-27,20:15:00,20:20:00,Sunny,Jam ,motorcycle ,Metropolitian ,175,Jewelry
vrdc391773748,30,5.0,30.893081,75.821495,30.943081,75.871495,2022-02-15,23:55:00,00:00:00,Fog,Low ,scooter ,Metropolitian ,95,Electronics
udvm468740019,21,4.7,22.728163,75.884212,22.738163,75.894212,2022-03-11,11:15:00,11:30:00,Windy,High ,motorcycle ,Metropolitian ,110,Cosmetics
fjwn299702663,21,4.5,18.994049,72.825203,19.024049,72.855203,2022-03-05,17:35:00,17:50:00,Stormy,Medium ,scooter ,Metropolitian ,145,Toys
wxmh936413747,27,4.9,23.416792,85.316842,23.496792,85.396842,2022-03-10,23:40:00,23:55:00,Sandstorms,Low ,scooter ,Urban ,90,Sports
ggmg580423411,25,4.9,12.970221,77.645396,13.010221,77.685396,2022-03-09,14:20:00,14:30:00,Fog,High ,motorcycle ,Urban ,105,Toys
xfmh664106990,28,4.7,19.866969,75.318894,19.996969,75.448894,2022-02-16,17:50:00,18:05:00,Cloudy,Medium ,van,Metropolitian ,185,Kitchen
uapm498072264,35,4.9,17.451976,78.385883,17.461976,78.395883,2022-04-05,10:50:00,11:00:00,Sandstorms,Low ,scooter ,Metropolitian ,27,Grocery
thvc057544077,35,4.5,18.56245,73.916619,18.57245,73.926619,2022-03-03,08:30:00,08:40:00,Fog,Low ,motorcycle ,Urban ,115,Electronics
iagh423023749,27,4.2,22.308096,73.167753,22.388096,73.247753,2022-03-20,20:25:00,20:35:00,Cloudy,Jam ,motorcycle ,Urban ,210,Sports
vqgs617979846,26,4.8,26.902908,75.792934,26.942908,75.832934,2022-03-11,16:40:00,16:50:00,Windy,Medium ,scooter ,Metropolitian ,135,Clothing
njrw746007699,30,4.6,22.310329,73.169083,22.380329,73.239083,2022-04-04,21:15:00,21:30:00,Sandstorms,Jam ,scooter ,Metropolitian ,150,Toys
vfco459338483,28,4.6,23.351489,85.324253,23.421489,85.394253,2022-04-02,18:00:00,18:15:00,Fog,Medium ,motorcycle ,Metropolitian ,215,Toys
rucn894844990,25,4.7,21.160522,72.771477,21.230522,72.841477,2022-03-12,18:20:00,18:25:00,Cloudy,Medium ,motorcycle ,Other,130,Skincare
mzxm323953409,21,4.7,0.0,0.0,0.01,0.01,2022-04-03,09:35:00,09:40:00,Windy,Low ,scooter ,Metropolitian ,60,Home
ptpg278743524,33,4.9,18.53408,73.89852,18.55408,73.91852,2022-03-26,09:50:00,10:05:00,Sunny,Low ,van,Other,95,Snacks
hjka148515147,30,4.7,22.311603,73.165012,22.351603,73.205012,2022-03-11,16:45:00,17:00:00,Cloudy,Medium ,scooter ,Other,75,Books
jncf476138554,36,4.2,12.352058,76.60665,12.372058,76.62665,2022-03-05,11:00:00,11:15:00,Stormy,Low ,motorcycle ,Metropolitian ,130,Skincare
dvby768460744,37,4.2,21.149569,72.772697,21.279569,72.902697,2022-03-14,21:15:00,21:20:00,Fog,Jam ,motorcycle ,Metropolitian ,215,Books
rzka140106983,32,4.1,18.554382,73.798206,18.684382,73.928206,2022-04-06,17:40:00,17:45:00,Cloudy,Medium ,scooter ,Metropolitian ,195,Jewelry
cnaj103994008,35,4.7,12.352058,76.60665,12.432058,76.68665,2022-03-20,19:30:00,19:40:00,Cloudy,Jam ,motorcycle ,Metropolitian ,220,Jewelry
muxz402773431,21,4.7,22.695207,75.866059,22.765207,75.936059,2022-03-08,18:40:00,18:55:00,Sunny,Medium ,scooter ,Metropolitian ,65,Outdoors
wkct116041100,30,4.6,23.232537,77.429845,23.302537,77.499845,2022-02-16,23:35:00,23:40:00,Sunny,Low ,motorcycle ,Metropolitian ,95,Skincare
wdii564144324,24,5.0,26.913987,75.752891,26.943987,75.782891,2022-03-09,22:40:00,22:50:00,Sunny,Low ,scooter ,Metropolitian ,100,Cosmetics
otwq673739388,29,5.0,0.0,0.0,0.05,0.05,2022-02-13,23:50:00,23:55:00,Sunny,Low ,scooter ,Other,75,Skincare
xowj017980368,37,5.0,13.091809,80.219104,13.151809,80.279104,2022-03-09,18:10:00,18:20:00,Stormy,Medium ,motorcycle ,Metropolitian ,135,Skincare
xrcn531791260,20,4.9,12.299524,76.64262,12.389524,76.73262,2022-03-27,18:40:00,18:55:00,Sunny,Medium ,motorcycle ,Urban ,65,Jewelry
xdou139557401,32,4.7,26.911378,75.789034,26.991378,75.869034,2022-03-12,21:55:00,22:10:00,Sunny,Jam ,scooter ,Urban ,80,Clothing
mkya951727827,25,5.0,19.207222,72.972281,19.257222,73.022281,2022-03-09,19:20:00,19:35:00,Fog,Jam ,motorcycle ,Metropolitian ,125,Snacks
xxwh765350431,20,4.7,21.186438,72.794115,21.276438,72.884115,2022-03-27,20:35:00,20:50:00,Windy,Jam ,scooter ,Urban ,120,Books
gxnv247389344,26,4.4,22.310329,73.169083,22.320329,73.179083,2022-03-19,09:30:00,09:45:00,Windy,Low ,motorcycle ,Metropolitian ,95,Clothing
iisr040761557,26,4.8,13.044694,80.26147,13.064694,80.28147,2022-04-03,11:35:00,11:40:00,Windy,High ,motorcycle ,Metropolitian ,135,Home
gout160223779,36,4.7,0.0,0.0,0.03,0.03,2022-04-05,23:40:00,23:45:00,Fog,Low ,scooter ,Urban ,85,Kitchen
tiuq539544403,24,4.9,0.0,0.0,0.02,0.02,2022-02-11,09:20:00,09:35:00,Sunny,Low ,scooter ,Urban ,105,Home
yfvu115921575,24,4.9,22.761226,75.887522,22.891226,76.017522,2022-03-04,22:20:00,22:25:00,Stormy,Low ,motorcycle ,Metropolitian ,95,Jewelry
zwrd600122469,24,4.7,21.170798,72.790489,21.240798,72.860489,2022-03-18,20:10:00,20:25:00,Windy,Jam ,motorcycle ,Metropolitian ,75,Books
iujq184016992,38,4.6,26.905287,75.794592,26.995287,75.884592,2022-03-27,21:00:00,21:10:00,Stormy,Jam ,motorcycle ,Metropolitian ,255,Cosmetics
zlxy256932805,32,4.4,18.569156,73.774723,18.639156,73.844723,2022-03-12,20:10:00,20:15:00,Cloudy,Jam ,motorcycle ,Metropolitian ,195,Home
djtq281088386,33,4.9,22.32,73.17,22.38,73.23,2022-03-01,23:40:00,23:45:00,Windy,Low ,scooter ,Urban ,25,Grocery
spca167298106,34,4.9,11.022169,76.999594,11.062169,77.039594,2022-03-17,14:10:00,14:25:00,Cloudy,High ,scooter ,Metropolitian ,160,Outdoors
dtqr409751988,25,4.4,22.761593,75.886362,22.841593,75.966362,2022-04-04,17:40:00,17:45:00,Cloudy,Medium ,scooter ,Metropolitian ,195,Clothing
avzm698314364,33,4.6,18.927584,72.832585,18.997584,72.902585,2022-04-04,19:50:00,19:55:00,Sunny,Jam ,scooter ,Metropolitian ,145,Books
tgfq424953189,38,4.9,26.902328,75.794257,26.992328,75.884257,2022-03-14,18:20:00,18:30:00,Fog,Medium ,scooter ,Urban ,160,Toys
naph892360955,39,3.5,26.956431,75.776649,27.066431,75.886649,2022-04-06,19:40:00,19:50:00,Stormy,Jam ,motorcycle ,Urban ,205,Apparel
irri215528460,22,4.8,22.311603,73.165012,22.341603,73.195012,2022-04-03,22:45:00,22:55:00,Cloudy,Low ,motorcycle ,Urban ,95,Home
dqrt478632415,38,5.0,19.875016,75.322405,19.915016,75.362405,2022-02-13,16:10:00,16:25:00,Sunny,Medium ,scooter ,Metropolitian ,95,Shoes
pkzq337433128,37,4.9,30.905562,75.832841,30.915562,75.842841,2022-02-13,10:55:00,11:05:00,Fog,Low ,motorcycle ,Urban ,75,Sports
lmor503484152,29,4.9,23.374989,85.335486,23.384989,85.345486,2022-03-24,08:50:00,08:55:00,Sunny,Low ,motorcycle ,Urban ,95,Pet Supplies
ipdw730274885,33,4.9,13.081878,80.248519,13.151878,80.318519,2022-03-06,22:00:00,22:10:00,Cloudy,Jam ,scooter ,Metropolitian ,235,Outdoors
wphz132095197,26,4.8,0.0,0.0,0.07,0.07,2022-03-27,18:30:00,18:35:00,Sandstorms,Medium ,scooter ,Metropolitian ,145,Apparel
tgqi913549241,34,4.5,26.849596,75.800512,26.879596,75.830512,2022-03-15,20:10:00,20:25:00,Sunny,Jam ,motorcycle ,Metropolitian ,85,Home
dukg683999438,39,4.6,18.520016,73.830547,18.550016,73.860547,2022-03-13,22:30:00,22:35:00,Cloudy,Low ,motorcycle ,Metropolitian ,80,Outdoors
hrjp008971648,38,4.1,12.98041,77.640489,13.11041,77.770489,2022-03-06,23:00:00,23:05:00,Fog,Low ,motorcycle ,Metropolitian ,180,Skincare
zxzm827992607,25,4.4,12.337928,76.617889,12.427928,76.707889,2022-04-02,19:45:00,19:50:00,Stormy,Jam ,motorcycle ,Metropolitian ,165,Clothing
fryg770479707,30,5.0,23.184992,77.417227,23.244992,77.477227,2022-02-15,22:20:00,22:35:00,Cloudy,Low ,motorcycle ,Metropolitian ,145,Kitchen
dwav251539807,27,5.0,23.233219,77.433571,23.243219,77.443571,2022-02-15,10:25:00,10:30:00,Stormy,Low ,van,Metropolitian ,75,Kitchen
xdof677140444,28,5.0,12.337978,76.616792,12.467978,76.746792,2022-03-02,23:10:00,23:20:00,Stormy,Low ,motorcycle ,Other,85,Books
qcgj474219552,21,4.7,26.849596,75.800512,26.959596,75.910512,2022-03-20,17:15:00,17:25:00,Windy,Medium ,scooter ,Metropolitian ,135,Skincare
gugy550164364,28,4.9,21.17106,72.789292,21.23106,72.849292,2022-03-13,20:10:00,20:25:00,Cloudy,Jam ,motorcycle ,Metropolitian ,135,Kitchen
laeq713085974,35,4.3,18.994049,72.825203,19.024049,72.855203,2022-03-28,21:15:00,21:20:00,Fog,Jam ,motorcycle ,Metropolitian ,170,Skincare
hgza975990004,23,4.6,12.975377,77.696664,13.065377,77.786664,2022-03-14,23:45:00,23:50:00,Sandstorms,Low ,motorcycle ,Urban ,16,Grocery
xdyd245850239,31,3.8,17.41233,78.449654,17.52233,78.559654,2022-03-08,21:00:00,21:10:00,Sandstorms,Jam ,scooter ,Metropolitian ,210,Toys
yuuq713202254,39,3.6,12.316967,76.603067,12.386967,76.673067,2022-03-04,23:25:00,23:40:00,Cloudy,Low ,scooter ,Metropolitian ,190,Outdoors
xzyu421173935,28,5.0,19.221315,72.862381,19.301315,72.942381,2022-03-20,17:10:00,17:25:00,Sunny,Medium ,motorcycle ,Metropolitian ,75,Jewelry
ffaz273951436,36,4.6,12.979096,77.640625,13.039096,77.700625,2022-03-07,17:45:00,17:50:00,Stormy,Medium ,motorcycle ,Metropolitian ,145,Cosmetics
qpbd431130363,30,4.1,12.949934,77.699386,13.059934,77.809386,2022-03-18,19:10:00,19:25:00,Cloudy,Jam ,scooter ,Metropolitian ,200,Pet Supplies
xqel801100495,35,4.1,9.979186,76.317361,10.009186,76.347361,2022-02-15,23:25:00,23:30:00,Windy,Low ,motorcycle ,Metropolitian ,100,Books
tbbo016580131,23,4.7,12.939496,77.625999,13.029496,77.715999,2022-03-02,19:25:00,19:30:00,Sunny,Jam ,motorcycle ,Metropolitian ,120,Clothing
iijb632300301,21,4.9,0.0,0.0,0.06,0.06,2022-04-05,22:55:00,23:05:00,Fog,Low ,scooter ,Urban ,60,Kitchen
wrps476147255,20,4.6,21.160522,72.771477,21.270522,72.881477,2022-04-06,21:30:00,21:40:00,Fog,Jam ,motorcycle ,Metropolitian ,210,Toys
nuzl929348720,38,4.9,23.374989,85.335486,23.404989,85.365486,2022-04-01,23:15:00,23:30:00,Windy,Low ,scooter ,Metropolitian ,145,Toys
fzmp293268974,30,4.5,23.232357,77.429989,23.322357,77.519989,2022-02-16,17:20:00,17:25:00,Fog,Medium ,motorcycle ,Metropolitian ,190,Clothing
rfya777065212,35,4.9,23.351489,85.324253,23.381489,85.354253,2022-03-19,17:10:00,17:20:00,Stormy,Medium ,motorcycle ,Urban ,145,Jewelry
mzie762402123,38,4.7,19.065838,72.832658,19.095838,72.862658,2022-03-30,23:50:00,00:00:00,Fog,Low ,motorcycle ,Urban ,80,Books
nguu437372801,24,4.7,13.022394,80.242439,13.152394,80.372439,2022-03-31,23:20:00,23:25:00,Windy,Low ,motorcycle ,Metropolitian ,120,Outdoors
lqzb779382333,25,4.6,11.006686,76.951736,11.086686,77.031736,2022-03-18,17:25:00,17:40:00,Stormy,Medium ,scooter ,Urban ,100,Shoes
pnds362662453,22,4.1,11.022169,76.999594,11.092169,77.069594,2022-03-29,21:35:00,21:50:00,Sandstorms,Jam ,motorcycle ,Urban ,165,Apparel
lgmq888905658,25,4.8,12.316967,76.603067,12.426967,76.713067,2022-03-06,17:20:00,17:25:00,Sandstorms,Medium ,motorcycle ,Metropolitian ,140,Books
clha708727476,27,4.9,12.975996,80.221898,13.055996,80.301898,2022-03-04,17:10:00,17:20:00,Stormy,Medium ,scooter ,Urban ,90,Snacks
yhgu731146931,26,5.0,23.374989,85.335486,23.464989,85.425486,2022-03-18,18:55:00,19:00:00,Cloudy,Medium ,motorcycle ,Metropolitian ,195,Toys
voas315448912,34,4.6,12.284747,76.625861,12.334747,76.675861,2022-03-13,21:55:00,22:10:00,Windy,Jam ,motorcycle ,Urban ,150,Electronics
izlt555400064,27,4.7,0.0,0.0,0.06,0.06,2022-03-05,22:55:00,23:00:00,Windy,Low ,scooter ,Urban ,85,Toys
dfth084186236,34,5.0,23.232357,77.429989,23.242357,77.439989,2022-02-17,11:30:00,11:35:00,Fog,High ,motorcycle ,Metropolitian ,180,Outdoors
rimu760715400,22,4.7,23.351058,85.325731,23.441058,85.415731,2022-03-12,23:25:00,23:35:00,Stormy,Low ,scooter ,Metropolitian ,80,Snacks
qypg944677791,24,4.6,10.027014,76.308053,10.087014,76.368053,2022-02-11,21:55:00,22:05:00,Fog,Jam ,scooter ,Metropolitian ,145,Snacks
rcaz426090105,39,4.5,17.430448,78.418213,17.440448,78.428213,2022-04-05,08:50:00,09:00:00,Windy,Low ,scooter ,Urban ,100,Skincare
cbdb893291926,38,4.6,26.905287,75.794592,26.945287,75.834592,2022-03-28,15:35:00,15:50:00,Cloudy,Medium ,motorcycle ,Metropolitian ,130,Outdoors
liid416522148,23,4.8,13.086438,80.220672,13.116438,80.250672,2022-03-28,17:20:00,17:35:00,Stormy,Medium ,motorcycle ,Urban ,135,Toys
sytb453724369,38,4.6,23.359194,85.325447,23.489194,85.455447,2022-03-02,21:50:00,21:55:00,Windy,Jam ,scooter ,Metropolitian ,145,Skincare
kerd881170409,31,5.0,18.543626,73.905101,18.593626,73.955101,2022-03-17,17:20:00,17:25:00,Stormy,Medium ,scooter ,Metropolitian ,34,Grocery
ofbc699397572,23,4.8,12.933298,77.614293,12.953298,77.634293,2022-04-03,08:20:00,08:25:00,Cloudy,Low ,scooter ,Urban ,18,Grocery
aqyc370812374,37,3.9,21.170798,72.790489,21.240798,72.860489,2022-03-25,17:20:00,17:35:00,Windy,Medium ,motorcycle ,Metropolitian ,165,Apparel
asej416926407,31,4.8,19.22384,72.841347,19.25384,72.871347,2022-03-19,19:10:00,19:15:00,Sandstorms,Jam ,scooter ,Urban ,140,Electronics
prjt068413345,36,4.4,26.905287,75.794592,27.015287,75.904592,2022-03-04,21:35:00,21:50:00,Fog,Jam ,scooter ,Metropolitian ,215,Sports
udtp745031605,29,4.5,18.994049,72.825203,19.124049,72.955203,2022-03-04,18:25:00,18:40:00,Sunny,Medium ,motorcycle ,Metropolitian ,60,Cosmetics
wkag149950661,22,4.5,12.914264,77.6784,12.944264,77.7084,2022-03-11,17:25:00,17:30:00,Sandstorms,Medium ,scooter ,Metropolitian ,120,Jewelry
lbur211898214,32,4.9,21.149834,72.778666,21.219834,72.848666,2022-04-04,23:25:00,23:35:00,Sandstorms,Low ,motorcycle ,Urban ,100,Apparel
bznq630036589,39,4.6,18.994237,72.825553,19.064237,72.895553,2022-03-10,22:50:00,22:55:00,Cloudy,Low ,motorcycle ,Urban ,190,Cosmetics
rdsq733023632,26,4.9,17.411028,78.329645,17.541028,78.459645,2022-03-14,20:00:00,20:10:00,Stormy,Jam ,motorcycle ,Metropolitian ,120,Books
idra340469187,20,4.7,26.911927,75.797282,27.001927,75.887282,2022-03-20,21:55:00,22:00:00,Sunny,Jam ,motorcycle ,Metropolitian ,160,Sports
rcge676877881,39,4.4,18.536562,73.896485,18.556562,73.916485,2022-03-24,10:10:00,10:15:00,Windy,Low ,motorcycle ,Metropolitian ,120,Outdoors
atgz590533946,39,4.7,11.001753,76.986241,11.011753,76.996241,2022-03-30,11:55:00,12:05:00,Stormy,High ,scooter ,Metropolitian ,145,Apparel
ulpn237393584,38,4.7,19.131141,72.813074,19.241141,72.923074,2022-04-02,19:20:00,19:25:00,Fog,Jam ,scooter ,Metropolitian ,185,Cosmetics
yxfg152112661,38,4.7,12.935662,77.61413,13.065662,77.74413,2022-03-08,18:45:00,19:00:00,Windy,Medium ,van,Urban ,110,Apparel
nedo048332618,21,4.9,26.90519,75.810753,26.96519,75.870753,2022-03-26,23:35:00,23:45:00,Sunny,Low ,scooter ,Urban ,110,Outdoors
mqfi653433883,25,4.9,17.438263,78.397865,17.508263,78.467865,2022-03-31,21:00:00,21:05:00,Stormy,Jam ,motorcycle ,Urban ,100,Skincare
tlnc539692373,37,4.8,19.178321,72.834715,19.288321,72.944715,2022-03-12,22:25:00,22:30:00,Sunny,Low ,scooter ,Urban ,145,Kitchen
apgu802166518,35,4.6,22.310329,73.169083,22.400329,73.259083,2022-03-08,22:40:00,22:55:00,Sunny,Low ,motorcycle ,Metropolitian ,85,Toys
xemg456104645,26,4.6,22.527893,88.368628,22.637893,88.478628,2022-02-14,00:00:00,00:10:00,Sunny,Low ,motorcycle ,Metropolitian ,110,Toys
rqvb269816933,37,5.0,22.753839,75.897429,22.763838,75.907429,2022-03-21,08:35:00,08:40:00,Stormy,Low ,motorcycle ,Urban ,27,Grocery
rzeq243200052,25,4.5,17.450851,78.379347,17.480851,78.409347,2022-03-11,20:25:00,20:30:00,Stormy,Jam ,scooter ,Metropolitian ,105,Kitchen
kkdn949498140,35,4.9,12.935662,77.61413,12.995662,77.67413,2022-03-05,21:55:00,22:00:00,Sunny,Jam ,motorcycle ,Urban ,105,Books
ashj599514554,35,4.6,18.520016,73.830547,18.650016,73.960547,2022-03-31,22:35:00,22:50:00,Sunny,Low ,motorcycle ,Metropolitian ,110,Shoes
hmyv152328088,24,4.7,15.561295,73.749478,15.611295,73.799478,2022-02-15,23:00:00,23:15:00,Cloudy,Low ,scooter ,Urban ,70,Outdoors
cyak715614358,27,4.8,22.728163,75.884212,22.748163,75.904212,2022-03-24,09:50:00,10:00:00,Cloudy,Low ,scooter ,Metropolitian ,75,Kitchen
yfqj269889707,22,4.9,19.065838,72.832658,19.095838,72.862658,2022-03-15,20:30:00,20:45:00,Sunny,Jam ,scooter ,Metropolitian ,85,Sports
ibda796711447,21,4.6,0.0,0.0,0.06,0.06,2022-02-17,18:10:00,18:20:00,Windy,Medium ,van,Metropolitian ,135,Cosmetics
nyal112769918,20,4.6,30.372202,78.077151,30.502202,78.207151,2022-02-14,19:10:00,19:25:00,Sandstorms,Jam ,scooter ,Metropolitian ,80,Snacks
nktb060522017,31,4.1,25.45235,81.841889,25.59235,81.981889,2022-02-14,19:25:00,19:30:00,Cloudy,Jam ,motorcycle ,Metropolitian ,235,Clothing
ysbd753918886,33,3.6,11.003669,76.976494,11.073669,77.046494,2022-03-27,20:50:00,21:05:00,Sunny,Jam ,scooter ,Metropolitian ,32,Grocery
muzu595005458,24,4.8,27.201725,78.007553,27.281725,78.087553,2022-02-14,23:30:00,23:45:00,Sandstorms,Low ,motorcycle ,Other,60,Jewelry
uzbo112532056,20,4.9,17.429585,78.392621,17.539585,78.502621,2022-03-27,19:25:00,19:35:00,Sunny,Jam ,scooter ,Metropolitian ,60,Kitchen
vscf035908836,30,4.8,21.160437,72.774209,21.230437,72.844209,2022-04-02,20:35:00,20:40:00,Cloudy,Jam ,motorcycle ,Metropolitian ,205,Electronics
tztp056298024,26,4.9,13.044694,80.26147,13.134694,80.35147,2022-03-04,17:45:00,17:55:00,Fog,Medium ,motorcycle ,Metropolitian ,155,Skincare
